corpus,dataset,n_hard,base_rate,oracle_apnorm,reg_beta1,reg_matched,reg_random,truefam
ovrbench,sf-police-incidents,269319,0.996,0.149,0.11754866780139805,0.11754866780139805,0.07260269239666636,local
ovrbench,PsychoPrediction,14278,0.922,0.036,0.0,0.0,0.05723925785529835,global
ovrbench,KickstarterCampaigns,16387,0.932,0.095,0.15475102030416166,0.10132416715415762,0.1928620791860998,global
ovrbench,NeuroSignalEEG,13799,0.92,0.658,0.0,0.0,0.6286542867396104,global
ovrbench,ViralProteinFunction,9334,0.886,0.243,0.19833659130569734,0.19833659130569734,0.1467782133648312,local
ovrbench,jannis,7428,0.861,0.329,0.1635230211766105,0.008533250032723594,0.18047647874058542,global
ovrbench,SolarFlare,7487,0.862,0.487,0.0009285000868962112,0.0009285000868962112,0.23346183895839573,global
oddbench,GlobalTerrorismAttack,6997,0.854,0.14,0.6233272036131893,0.6233272036131893,0.36776030562624257,global
ovrbench,EmployeePerformance,6242,0.839,0.471,0.138414546641269,0.138414546641269,0.4106162792043315,local
ovrbench,CreditScoringAnomalies,6362,0.841,0.19,0.3202638392042785,0.3202638392042785,0.3106484345266597,local
ovrbench,XSSDetection,5642,0.825,0.513,0.6438291287656643,0.6438291287656643,0.5952707508240549,global
ovrbench,UserMovieInteractions,5486,0.821,0.243,0.15940119899749178,0.33925285110502906,0.3147896648736907,global
oddbench,PropertyCondition,5140,0.811,0.027,0.12361523230384938,0.04707871991106459,0.03560425529424313,local
ovrbench,SpectralImaging,5398,0.818,0.891,0.024503954780559445,0.5448112815068193,0.36759715365145795,global
adbench,22_magic.gamma,4578,0.792,0.578,0.027706943536676465,0.027706943536676465,0.270204339068059,local
ovrbench,RealEstateListings,4431,0.787,0.044,0.19774574573487433,0.19774574573487433,0.16520643269695362,local
ovrbench,BNG(cmc),4444,0.787,0.082,0.2257056598855961,0.2257056598855961,0.21250465133797103,local
ovrbench,BoundingBoxClassification,3498,0.745,0.81,0.08334144026247314,0.08334144026247314,0.2076678026052884,local
ovrbench,FireRiskAnalysis,3817,0.761,0.242,0.06992593091254026,0.08147421109182268,0.14966884050765078,global
ovrbench,CardiacHealth,3599,0.75,0.982,0.0006022551394837539,0.0006022551394837539,0.5843366481908914,local
ovrbench,PhysicsTraining,3624,0.751,0.081,0.11189335907925038,0.11189335907925038,0.09715906330704005,local
ovrbench,HealthActivityObesity,3564,0.748,0.015,0.08611339941237287,0.2739196685015867,0.20839531748654552,local
oddbench,SalesOrderPriority,3486,0.744,0.253,0.20340884549445196,0.20340884549445196,0.25034163454296454,local
oddbench,MouseInteractionPhase,3246,0.73,1.0,0.0,0.0,0.2726786385921872,local
tsbad_m,172_SWaT_id_2_Sensor_tr_23700_1st_23800.,3239,0.408,0.898,0.0,0.0,0.09586412383887233,local
ovrbench,Run_or_walk_information,3148,0.724,0.579,0.0,0.36049540760287124,0.5769149576878396,local
oddbench,ProsperLoan,2949,0.711,0.16,0.027489629767147417,0.08972492604748425,0.09436805298146182,local
ovrbench,JobChangePatterns,2860,0.704,0.463,0.36733383801181785,0.1851393636743499,0.33083483767532323,global
tsbad_m,097_SVDB_id_14_Medical_tr_1031_1st_1131.,2481,0.513,0.669,0.026576025033420936,0.026576025033420936,0.05504569032912088,local
oddbench,CourseRegistration,2202,0.647,0.104,0.21521861253511027,0.21521861253511027,0.28693477430934444,local
oddbench,RacingMotion,2545,0.68,0.999,0.9029925214255078,0.9029925214255078,0.4666902919853997,local
oddbench,PoliceForceDisturbance,2131,0.64,0.243,0.34308655753093026,0.34308655753093026,0.31769758306948126,local
ovrbench,FakeNewsPropagation,2185,0.645,0.447,0.07377291039730366,0.07377291039730366,0.21993219078395151,global
tsbad_m,088_SVDB_id_5_Medical_tr_500_1st_168.csv,2009,0.454,0.194,0.029907899806334542,0.029907899806334542,0.091793983808465,local
ovrbench,WebpageSessionIntrusion,1888,0.611,0.066,0.0,0.1797274312571538,0.15408162876505457,local
ovrbench,FinancialTransaction4,1964,0.621,0.302,0.0,0.0,0.16100009535069276,local
tsbad_m,111_SVDB_id_28_Medical_tr_1791_1st_1891.,1935,0.436,0.751,0.0,0.0,0.1007874579035295,local
oddbench,FinancialTransactionAnomalies,1929,0.616,0.1,0.0024981589193801834,0.0024981589193801834,0.061157498770173256,local
oddbench,ProtestViolence,1626,0.575,0.757,0.8136990636629274,0.8136990636629274,0.6419576602616746,global
ovrbench,TextAnomalyDetection,1910,0.614,-0.03,0.11027917460450187,0.11027917460450187,0.10000669100932372,global
tsbad_m,030_MITDB_id_12_Medical_tr_50000_1st_845,1813,0.199,0.033,0.010335763718863595,0.010335763718863595,0.02094715549371106,local
tsbad_m,140_CATSv2_id_3_Sensor_tr_28307_1st_2840,1848,0.285,0.603,0.1301402195605048,0.1301402195605048,0.24534329571178048,global
oddbench,HumanRobotCollaboration,1806,0.601,0.619,0.004025879460857307,0.004025879460857307,0.4878356008601121,local
tsbad_m,115_PSM_id_1_Facility_tr_50000_1st_12987,1745,0.446,0.488,0.20135496545106774,0.20135496545106774,0.16427143781433579,global
oddbench,TBAnomalyDetection,1680,0.583,0.362,0.24493069662460387,0.04406826473055897,0.17952872776359424,local
dami,SpamBase,1679,0.768,0.739,0.5339516895948642,0.5339516895948642,0.3443231506621175,global
adbench,35_SpamBase,1679,0.768,0.733,0.4886066661527776,0.4886066661527776,0.2152717974518613,global
ovrbench,CelestialObjects2,1528,0.56,0.548,0.271773589043079,0.15032261682148845,0.329000584123405,global
ovrbench,NetworkHealthMonitor,1423,0.543,0.551,0.050270647719181216,0.050270647719181216,0.13418817557851137,local
ovrbench,Word2VecPCA,1446,0.546,0.066,0.16449485386282903,0.1649114671073258,0.12946224436722664,global
ovrbench,AmazonReviewAnomalies,1434,0.544,0.77,0.2506972476870418,0.040843629061041775,0.4138416862802572,global
oddbench,GeneticVariation,1430,0.61,0.552,0.6236157493240325,0.23334368920806225,0.1620069324490409,global
oddbench,BuildingInspections,1399,0.538,0.221,0.20756175301379565,0.3489735961215994,0.2217357312412103,global
ovrbench,CreditCustomerData,1368,0.533,0.122,0.2150846644927809,0.057383647358172696,0.10279311002741252,local
ovrbench,ailerons,1415,0.541,0.456,0.06561167637733412,0.06561167637733412,0.2668949488170359,global
ovrbench,compass,1337,0.527,0.086,0.171704914400312,0.171704914400312,0.11428946721854358,local
ovrbench,guillermo,1327,0.525,-0.003,0.02187789901206721,0.02187789901206721,0.01712210447600008,global
tsbad_m,109_SVDB_id_26_Medical_tr_1038_1st_1138.,1331,0.366,0.147,0.019728900638565444,0.019728900638565444,0.07235206983522126,local
tsbad_m,026_MITDB_id_8_Medical_tr_30495_1st_3059,1199,0.199,0.174,0.012911045541872307,0.012911045541872307,0.14187900519154278,local
oddbench,DiamondClarity,1237,0.508,0.851,0.0,0.7181237442191155,0.727023793233766,local
adbench,19_landsat,1198,0.54,0.595,0.007326517358045459,0.007326517358045459,0.4137032067781852,local
tsbad_m,019_MITDB_id_1_Medical_tr_37500_1st_1032,1167,0.399,0.408,0.023154072969982342,0.023154072969982342,0.09855293049384889,local
ovrbench,MalariaDetection,1101,0.478,0.669,0.7532082764265309,0.7532082764265309,0.5362207866417977,global
ovrbench,SensorAnomaly,1121,0.483,0.145,0.14794536123520605,0.13255670336340405,0.11683906194932138,local
tsbad_m,142_CATSv2_id_5_Sensor_tr_30704_1st_3080,1119,0.212,0.452,0.22181763885916342,0.22181763885916342,0.19818513696357604,global
oddbench,GPUResourceUsage,1096,0.477,0.47,0.5043193831518684,0.5155671181903612,0.4722613760137412,local
ovrbench,PokemonBattle,1075,0.473,0.313,0.0,0.08633225890678767,0.16645024971360123,local
ovrbench,EEGEyeState,1061,0.469,0.827,0.0,0.0,0.609274380196611,local
ovrbench,ShuttleOperations,1063,0.47,0.932,0.04586180154796449,0.04586180154796449,0.4116759155093407,local
tsbad_m,188_Exathlon_id_15_Facility_tr_12538_1st,1043,0.428,0.999,0.3208724608960869,0.3208724608960869,0.06569026565089098,global
ovrbench,BusinessAnomalies,996,0.454,0.401,0.04950785497802784,0.0,0.10478194131000707,local
oddbench,BarExamPrediction,1032,0.462,0.601,0.11130934677718868,0.11130934677718868,0.199454028555958,global
tsbad_m,105_SVDB_id_22_Medical_tr_500_1st_417.cs,506,0.283,0.174,0.04824046052216091,0.04824046052216091,0.11396110500168552,local
ovrbench,CustomerChurn2,1009,0.457,0.382,0.3456254272945657,0.3456254272945657,0.23371073500549067,local
ovrbench,AirPressure,1000,0.455,0.944,0.5301013155940653,0.5301013155940653,0.1398877859847062,global
oddbench,TrialBehavior,968,0.446,0.136,0.13487713911020846,0.13487713911020846,0.1559079265380216,global
oddbench,TransactionFeeAnomalies,948,0.441,0.759,0.5271844605374378,0.5271844605374378,0.5900722065898943,global
ovrbench,TrafficSensor,917,0.433,0.769,0.0,0.0,0.5823522834609524,local
oddbench,RulePriorityAnomalies,904,0.587,0.251,0.14145468746119366,0.14145468746119366,0.10584377411001136,local
tsbad_m,086_SVDB_id_3_Medical_tr_533_1st_633.csv,888,0.252,0.172,0.04763005686402638,0.04763005686402638,0.06972473891320655,local
ovrbench,GeotechnicalAnomalies,903,0.516,0.176,0.04537943372034706,0.3441295612404755,0.17953265554310777,local
ovrbench,FootballEfficiency,900,0.429,0.382,0.058539800565242384,0.12383259156817805,0.1044826341492554,local
ovrbench,SepsisMonitoring,872,0.421,0.217,0.18129140980278835,0.05843273964637333,0.08285440640422914,local
tsbad_m,098_SVDB_id_15_Medical_tr_500_1st_303.cs,843,0.236,0.209,0.032131023268388986,0.032131023268388986,0.1297105358073219,local
oddbench,HealthPulse,856,0.416,0.158,0.05881278650372143,0.12397347884886009,0.11674373673378674,local
ovrbench,FICO-HELOC-cleaned,832,0.447,0.113,0.2466568516207432,0.12071939065751892,0.09670059702656242,local
ovrbench,BatchProcessingEvents,815,0.404,0.013,0.07729131549520163,0.050057873943824625,0.05297221336204524,global
tsbad_m,091_SVDB_id_8_Medical_tr_500_1st_126.csv,1257,0.347,0.531,0.10343842566348388,0.10343842566348388,0.055886444573330196,global
ovrbench,FinancialMetricsAnomaly,792,0.503,0.132,0.11485160476078247,0.11485160476078247,0.09991476545673313,global
adbench,30_satellite,784,0.471,0.425,0.053100135961561545,0.053100135961561545,0.32937559603678335,global
tsbad_m,022_MITDB_id_4_Medical_tr_50000_1st_5425,756,0.181,0.135,0.04168719422710335,0.04168719422710335,0.05887280209469911,local
tsbad_m,093_SVDB_id_10_Medical_tr_500_1st_37.csv,748,0.224,0.144,0.0,0.0,0.14409185704929106,local
tsbad_m,113_SVDB_id_30_Medical_tr_4552_1st_4652.,738,0.222,0.563,0.043875852646793834,0.043875852646793834,0.0675091062250468,global
ovrbench,volkert,724,0.376,0.887,0.2728874011771425,0.2728874011771425,0.18134213032790647,global
ovrbench,philippine,720,0.552,0.379,0.3356601668011946,0.0,0.1978354195339156,global
tsbad_m,102_SVDB_id_19_Medical_tr_50000_1st_1073,714,0.226,0.75,0.05642698521089817,0.05642698521089817,0.3029839019477553,local
oddbench,FantasyFootball,703,0.599,0.786,0.6731152031122342,0.6731152031122342,0.4624562093691517,global
oddbench,SMSClassification,701,0.421,0.812,0.8311392033591554,0.02127197098407918,0.3857617555498137,global
ovrbench,UrlAnalysis,680,0.517,0.539,0.8415312277187289,0.10424451088829739,0.3084464404000104,global
tsbad_m,031_MITDB_id_13_Medical_tr_50000_1st_794,671,0.11,0.019,0.0039047335677309565,0.0039047335677309565,0.014556290719523052,local
tsbad_m,099_SVDB_id_16_Medical_tr_1115_1st_1215.,654,0.195,0.209,0.0,0.0,0.12640861340120577,local
tsbad_m,101_SVDB_id_18_Medical_tr_1851_1st_1951.,643,0.195,0.152,0.04624864420664494,0.04624864420664494,0.10978781671351068,local
ovrbench,TwitterEmotion,610,0.506,0.182,0.10354318469400298,0.03696083331622424,0.06390829406702588,local
oddbench,TreadmillStatus,597,0.332,0.741,0.4216090708535274,0.4216090708535274,0.5685876464822541,local
tsbad_m,137_CreditCard_id_1_Finance_tr_500_1st_5,1513,0.322,0.66,0.36327952968201027,0.36327952968201027,0.3429857829823715,global
ovrbench,BCellImmunity,578,0.325,0.296,0.1962100536329479,0.1962100536329479,0.2964908857384427,global
tsbad_m,082_LTDB_id_4_Medical_tr_4456_1st_4556.c,588,0.384,0.319,0.010200046851713163,0.010200046851713163,0.10547773217790349,local
ovrbench,GesturePhaseSegmentationProcessed,550,0.482,0.438,0.01791788896636004,0.01791788896636004,0.5833712381479774,local
ovrbench,SpatialAnomalies,550,0.518,0.63,0.004968698266395122,0.004968698266395122,0.4463212964312371,local
oddbench,AttackIncidents,547,0.378,0.062,0.04268536159219999,0.04268536159219999,0.06068852705090015,local
tsbad_m,021_MITDB_id_3_Medical_tr_50000_1st_5759,546,0.082,0.512,0.02229599418831496,0.02229599418831496,0.32892769868099936,local
ovrbench,BreastCancer,532,0.438,0.221,0.0,0.12374158273691083,0.06238017024848849,global
oddbench,WaterPointFunctionality,523,0.304,0.134,0.11369017057332834,0.11369017057332834,0.13930659056688371,local
oddbench,WaterChemistry,523,0.306,0.645,0.0,0.0,0.47043987697949274,local
tsbad_m,085_SVDB_id_2_Medical_tr_50000_1st_54982,507,0.159,0.209,0.002896936073857548,0.002896936073857548,0.13860098401803964,local
ovrbench,RealEstateData,491,0.398,0.506,0.20348402128455056,0.20348402128455056,0.5237144135721405,global
dami,Annthyroid,495,0.292,0.636,0.0,0.0,0.4556051627016068,global
oddbench,EmailSpamDetection,481,0.499,0.746,0.5514227607678475,0.5514227607678475,0.3685187484341017,global
tsbad_m,110_SVDB_id_27_Medical_tr_30824_1st_3092,451,0.146,0.112,0.019467054149391635,0.019467054149391635,0.08019117674580328,local
oddbench,FishingAnomalies,476,0.284,0.337,0.2935720405631612,0.2935720405631612,0.25326127418434313,local
tsbad_m,087_SVDB_id_4_Medical_tr_5421_1st_5521.c,473,0.152,0.242,0.0,0.0,0.1650655793456624,local
oddbench,AquaticMacroInverts,458,0.523,0.758,0.5674522451550157,0.056640002499363296,0.4230124906276768,global
ovrbench,ShillBidding,456,0.288,0.718,0.04124335705737836,0.04124335705737836,0.4404047164074161,global
oddbench,ArtSalesPlatform,450,0.273,0.233,0.1981971681062273,0.15349478618774853,0.12105398375768088,global
ovrbench,KDD,445,0.469,0.071,0.1214857783957499,0.0,0.08228546197818193,global
ovrbench,page-blocks,432,0.305,0.739,0.0625666030666916,0.0625666030666916,0.3032659826624089,global
tsbad_m,096_SVDB_id_13_Medical_tr_500_1st_444.cs,467,0.147,0.219,0.0,0.0,0.12946285375774,local
oddbench,WindowsEditionAnomaly,443,0.27,0.779,0.6314686451023374,0.6314686451023374,0.4151125199270927,global
ovrbench,CryptojackingSystem,535,0.308,0.332,0.20181068042976,0.20181068042976,0.2809011900735326,local
tsbad_m,139_CATSv2_id_2_Sensor_tr_5592_1st_5692.,416,0.157,0.402,0.21939086341590455,0.21939086341590455,0.21861746139954166,global
tsbad_m,095_SVDB_id_12_Medical_tr_6264_1st_6364.,415,0.131,0.156,0.005582093047095643,0.005582093047095643,0.11520465642013566,local
tsbad_m,103_SVDB_id_20_Medical_tr_12167_1st_1226,404,0.127,0.067,0.0,0.0,0.06529955767813661,local
tsbad_m,107_SVDB_id_24_Medical_tr_32805_1st_3290,432,0.133,0.064,0.0018687038488808053,0.0018687038488808053,0.041468236388315746,local
oddbench,LandShapeAnomaly,412,0.367,0.238,0.0007276920107895102,0.0007276920107895102,0.1521546136716111,global
tsbad_m,108_SVDB_id_25_Medical_tr_1238_1st_1338.,410,0.128,0.658,0.02684287737654245,0.02684287737654245,0.10468677306991792,local
oddbench,OkCupidUserBehavior,385,0.405,0.097,0.017525973307490478,0.026932569725031774,0.02802988367553204,local
adbench,27_PageBlocks,384,0.282,0.767,0.02662608079179074,0.02662608079179074,0.3389560669665664,local
dami,PageBlocks,384,0.282,0.766,0.19657957321895525,0.06485541041433729,0.1919575262824097,local
ovrbench,KPIData,371,0.236,0.036,0.08503305438574502,0.08503305438574502,0.08340812747545769,local
tsbad_m,141_CATSv2_id_4_Sensor_tr_41727_1st_4182,372,0.135,0.617,0.22053300773095014,0.22053300773095014,0.3088241895999393,global
oddbench,SalesPerformance,360,0.405,0.498,0.03346688649058516,0.12579334314190455,0.19527495010951046,global
ovrbench,KenyaMovement,365,0.233,0.086,0.022361137200869866,0.038000826103232035,0.02968155076462204,local
ovrbench,FinancialTransaction1,365,0.233,0.065,0.07807602704064213,0.07807602704064213,0.08511511355327893,global
ovrbench,SyntheticNumericalBatch,325,0.248,0.175,0.0,0.0,0.17537980597464642,local
ovrbench,GamingBehavior,325,0.245,0.71,0.30662225376794605,0.3635067113636973,0.3311090106034326,local
ovrbench,ECGAnomaly,322,0.355,0.991,0.02154140442384167,0.02154140442384167,0.21623750873744585,local
oddbench,AxieInfinityBug,313,0.207,0.09,0.09992147183142011,0.09992147183142011,0.09740813695801279,local
tsbad_m,173_GECCO_id_1_Sensor_tr_16165_1st_16265,311,0.155,0.886,0.6334083933655382,0.6334083933655382,0.3735366977831559,global
oddbench,LandRarity,309,0.355,0.143,0.0,0.0,0.18589029640394744,global
oddbench,HealthBehavior,307,0.242,0.093,0.017073535185780725,0.017073535185780725,0.05544682623751631,global
ovrbench,SpotifyHitPredictor,307,0.324,0.621,0.04366579212508037,0.04366579212508037,0.21175438591941398,global
ovrbench,UserInteraction1,441,0.269,0.826,0.0030482081586907794,0.0030482081586907794,0.4820985371086393,global
tsbad_m,092_SVDB_id_9_Medical_tr_2674_1st_2774.c,305,0.108,0.33,0.0,0.0,0.18517401472906994,local
ovrbench,AbstractAnomalyBatch,310,0.205,0.895,0.8058663363459465,0.8896018979570255,0.5857285942971581,local
oddbench,VoteOutcome,283,0.191,0.829,0.15255847389993338,0.15255847389993338,0.5856972247481032,local
tsbad_m,143_CATSv2_id_6_Sensor_tr_50000_1st_6023,277,0.103,0.566,0.21986006224912208,0.21986006224912208,0.3061866022996638,global
ovrbench,students_dropout_and_academic_success,269,0.378,0.507,0.2890711124279042,0.2890711124279042,0.20841787027602177,local
ovrbench,visualizing_soil,266,0.219,0.86,0.5620786881241329,0.5620786881241329,0.5686116927034481,global
oddbench,CasePriority,267,0.182,0.435,0.18555970528341356,0.18555970528341356,0.21619329331996887,global
adbench,44_Wilt,252,0.216,0.671,0.18830805890822283,0.4456969079747201,0.6108857400875931,local
oddbench,GeneticAnalysis,252,0.185,0.084,0.050001299720510886,0.050001299720510886,0.0835514300039031,global
dami,Wilt,252,0.216,0.173,0.0,0.23035949055871335,0.22179002396131536,local
oddbench,ProgrammingAnomalies,246,0.17,0.16,0.19048690608128596,0.23390773471162363,0.17170806248313866,local
oddbench,RealEstateBlockType,236,0.319,0.111,0.013576149136861962,0.03955310497969605,0.09934738499870868,global
tsbad_m,112_SVDB_id_29_Medical_tr_8226_1st_8326.,229,0.075,0.06,0.04822041738971427,0.04822041738971427,0.05892636480269238,global
ovrbench,HealthMetrics,223,0.186,0.106,0.10511587901240965,0.06363147801225338,0.07625438229603097,global
tsbad_m,084_SVDB_id_1_Medical_tr_12973_1st_13073,219,0.071,0.09,0.049858400583505165,0.049858400583505165,0.057716245113520456,local
oddbench,UserEventAnomalies,218,0.154,1.0,0.0,0.4799511062258134,0.8614541066207725,global
oddbench,BugSeverity,209,0.29,0.162,0.0008911936888027494,0.0008911936888027494,0.09490298729702594,global
ovrbench,mozilla4,190,0.137,0.078,0.0692642402163373,0.0692642402163373,0.06116466384126776,local
ovrbench,BankruptcyForecast,195,0.14,0.073,0.05097291358442584,0.05097291358442584,0.059192935279415,global
oddbench,CarMakeAnomaly,171,0.125,0.096,0.04554838475502943,0.053183453332361526,0.07257704552199606,local
ovrbench,ozone-level-8hr,156,0.247,0.168,0.03987688812468024,0.03987688812468024,0.16914885942237512,local
ovrbench,seismic-bumps,155,0.243,0.169,0.14209424124453052,0.04691919129156304,0.07335708119314438,local
tsbad_m,104_SVDB_id_21_Medical_tr_50000_1st_1066,164,0.054,0.238,0.08482490561589348,0.08482490561589348,0.1736773736206163,local
oddbench,AustinCrime,150,0.139,0.174,0.171608875166443,0.171608875166443,0.11361876031814769,local
ovrbench,GeneExpressionCoactivator,143,0.172,0.505,0.38406440660224905,0.05196336966047549,0.1977451710635456,global
oddbench,RealEstateProperties,137,0.102,0.188,0.04666058080456248,0.04451598365041623,0.08387519880027697,local
tsbad_m,138_CATSv2_id_1_Sensor_tr_16568_1st_1666,137,0.104,0.563,0.1352131564090972,0.1352131564090972,0.2833248558505991,local
ovrbench,thyroid-ann,121,0.148,0.344,0.2671617650955702,0.32586900214310005,0.24333084152893197,global
adbench,23_mammography,126,0.095,0.259,0.07831803351640129,0.07831803351640129,0.13075541627301474,global
oddbench,DeveloperSurvey,119,0.155,0.175,0.11981340917638333,0.11981340917638333,0.08778774884479709,global
oddbench,GenomicSequencing,117,0.189,0.647,0.6288899302816394,0.6288899302816394,0.48298062662221725,global
