corpus,dataset,n_norm,n_anom,n_hard,frac_triv,n_eff,point_anom,fp
ovrbench,BusinessAnomalies,2400,1988,857,0.5689134808853119,581,False,5|60446e6355|0ef38d6b6f
tsbad_m,091_SVDB_id_8_Medical_tr_500_1st_126.csv,2362,1432,718,0.49860335195530725,563,False,16|a29a83258c|1b5d98eb39
ovrbench,FakeNewsPropagation,2400,2816,1953,0.3064630681818182,544,False,11|6bf31891df|39d0a763ee
adbench,22_magic.gamma,2400,6688,3896,0.41746411483253587,544,False,10|4a09881ea8|575fcaf511
ovrbench,guillermo,2400,1327,1327,0.0,528,False,4279|6845f7fa76|8666a05398
tsbad_m,111_SVDB_id_28_Medical_tr_1791_1st_1891.,2508,1944,1131,0.4182098765432099,528,False,16|7f9003e9e1|aad1baee0f
ovrbench,philippine,1167,720,720,0.0,528,False,308|2cbad32ec2|eceeb04063
ovrbench,FinancialTransaction4,2400,2093,1830,0.12565695174390826,524,False,7|ec103426f2|16d630f475
tsbad_m,109_SVDB_id_26_Medical_tr_1038_1st_1138.,2306,1958,1213,0.3804902962206333,523,False,16|9212c2d686|95d1332162
ovrbench,SpectralImaging,2400,6422,3209,0.5003114294612271,522,False,60|fb901137f9|e698d0a683
oddbench,BarExamPrediction,2400,1038,779,0.24951830443159922,521,False,10|cd9649be5d|20282d5bbb
ovrbench,SolarFlare,2400,11673,6688,0.4270538850338388,520,False,15|9edbade8ac|05133c7e50
ovrbench,ailerons,2400,1832,1203,0.3433406113537118,516,False,28|28bd355556|f6a3ba98c8
oddbench,FinancialTransactionAnomalies,2400,1929,1826,0.05339554173146708,514,False,5|31baa81362|64f37082d8
tsbad_m,030_MITDB_id_12_Medical_tr_50000_1st_845,7314,1908,1808,0.05241090146750524,514,False,16|7f4755bf7f|04c2e40026
oddbench,SalesOrderPriority,2400,3932,3343,0.14979654120040692,513,False,7|8f71713ba9|609603e272
tsbad_m,093_SVDB_id_10_Medical_tr_500_1st_37.csv,2593,1723,708,0.5890887986070806,510,False,16|88d7b2aec2|38a9e0cc56
ovrbench,NeuroSignalEEG,2400,14578,12945,0.11201810948003842,508,False,12|e839496a0d|5b7eab660a
tsbad_m,086_SVDB_id_3_Medical_tr_533_1st_633.csv,2636,1468,747,0.49114441416893734,506,False,16|ff46ecfcf2|58581c5d67
ovrbench,EEGEyeState,2400,1133,1013,0.1059135039717564,506,False,14|137927a240|2613638929
ovrbench,AmazonReviewAnomalies,2400,1564,739,0.5274936061381074,503,False,3|25a1b6fbf5|4e508188da
tsbad_m,097_SVDB_id_14_Medical_tr_1031_1st_1131.,2359,2556,1182,0.5375586854460094,503,False,16|204617619e|0eeccb6890
ovrbench,jannis,2400,7706,7249,0.059304438100181676,503,False,54|fe8fcb6a45|c12323b8a3
ovrbench,sf-police-incidents,2400,269319,253721,0.057916448523869464,501,False,5|c9f429b3d6|9bb3bfa55e
ovrbench,CreditCustomerData,2400,1368,1303,0.04751461988304093,498,False,7|7a1f554889|90634a2339
ovrbench,CelestialObjects2,2400,9069,1347,0.8514720476347999,497,False,14|95e7258530|86908407fc
tsbad_m,019_MITDB_id_1_Medical_tr_37500_1st_1032,1757,1167,1007,0.13710368466152528,496,False,16|37feb419f7|4972c8e1ff
oddbench,TBAnomalyDetection,2400,2079,1541,0.2587782587782588,496,False,3|ee1d64fdd5|684ff1680d
ovrbench,PsychoPrediction,2400,14736,13651,0.07362920738327905,495,False,3|448f877cad|9d1b17d59f
tsbad_m,105_SVDB_id_22_Medical_tr_500_1st_417.cs,1283,1072,977,0.08861940298507463,493,False,16|b71bbbec8a|e268dbf4f2
ovrbench,CustomerChurn2,2400,1027,941,0.08373904576436222,487,False,5|18b77bfe9f|ca8e150c5d
tsbad_m,101_SVDB_id_18_Medical_tr_1851_1st_1951.,2647,1322,615,0.5347957639939486,487,False,16|f88879d6c5|5d11fd7d22
ovrbench,FinancialMetricsAnomaly,1568,875,733,0.16228571428571428,486,False,23|b2eebbd2b4|6d3ab4d133
ovrbench,CardiacHealth,2400,5247,3466,0.33943205641318847,486,False,5|4d6b8eeb73|8a95aad41e
ovrbench,SensorAnomaly,2400,1248,1094,0.1233974358974359,484,False,10|cba95a35b0|e0055e9376
ovrbench,BCellImmunity,2400,699,559,0.20028612303290416,484,False,10|90aca6a6c6|97d0bde94b
oddbench,HealthPulse,2400,863,812,0.05909617612977984,483,False,28|c5f14a097e|c0d06c5154
oddbench,PropertyCondition,2400,5152,4886,0.051630434782608696,483,False,7|e3bf51bf24|004525e993
ovrbench,HealthActivityObesity,2400,3730,3539,0.05120643431635389,482,False,6|2ffcb7c029|315aebd162
oddbench,TransactionFeeAnomalies,2400,966,941,0.025879917184265012,481,False,3|cb1d74298f|b28d3305b9
ovrbench,TwitterEmotion,1192,670,582,0.13134328358208955,480,False,13|b57a957e70|9c0d747bf3
ovrbench,FootballEfficiency,2400,1049,808,0.22974261201143947,479,False,6|6c1c0e698f|e93b9573e2
ovrbench,BoundingBoxClassification,2400,15088,2131,0.8587619300106044,479,False,4|fdd81e067e|c5abc44f01
ovrbench,malware-analysis-datasets-pe-section-hea,2400,1725,1636,0.051594202898550726,476,False,4|67234439b4|b4a0f751e7
oddbench,GeneticVariation,1831,1440,959,0.33402777777777776,475,False,6|62380386af|bc03bba8d8
tsbad_m,140_CATSv2_id_3_Sensor_tr_28307_1st_2840,4633,1848,1687,0.08712121212121213,472,False,136|3babbe331d|dcb17f44a5
adbench,35_SpamBase,1012,1679,1679,0.0,471,False,57|c77cdf9579|f1f90a5f0c
dami,SpamBase,1012,1679,1679,0.0,470,False,57|d84b0b4c54|0b1606830c
tsbad_m,088_SVDB_id_5_Medical_tr_500_1st_168.csv,2419,2175,1811,0.16735632183908045,467,False,16|0f30432f2a|a12cbb8751
oddbench,ProsperLoan,2400,3035,2839,0.06457990115321252,462,False,33|32b3994528|6220556e71
ovrbench,JobChangePatterns,2400,2864,2712,0.05307262569832402,455,False,3|272a61a6e2|65b768a7e7
tsbad_m,031_MITDB_id_13_Medical_tr_50000_1st_794,5447,723,673,0.06915629322268327,455,False,16|08ccebc5db|5e20546b73
ovrbench,TrafficSensor,2400,3844,672,0.8251821019771072,451,False,9|660832c603|299cd8b264
ovrbench,PokemonBattle,2400,1214,1045,0.13920922570016475,450,False,12|7680a24e83|a29502e5a1
tsbad_m,022_MITDB_id_4_Medical_tr_50000_1st_5425,3430,927,691,0.2545846817691478,448,False,16|a7709dd9f8|01c99f869e
ovrbench,RealEstateListings,2400,4730,4318,0.08710359408033827,446,False,6|677241f2ec|4d382aaae5
oddbench,BuildingInspections,2400,2935,1357,0.5376490630323679,446,False,5|3b188946d2|dd30716b7b
tsbad_m,026_MITDB_id_8_Medical_tr_30495_1st_3059,4824,1828,1193,0.3473741794310722,445,False,16|b3afad6ce1|a16442fb20
ovrbench,ViralProteinFunction,2400,12500,9441,0.24472,442,False,3|197a0d681d|d1775c3a8e
ovrbench,GeotechnicalAnomalies,1695,963,867,0.09968847352024922,439,False,6|f2de5ad006|4dbdcadc5c
tsbad_m,098_SVDB_id_15_Medical_tr_500_1st_303.cs,2732,1385,794,0.42671480144404333,434,False,16|6563fa3f1f|558f93cb6f
oddbench,ProtestViolence,2400,2686,1764,0.3432613551749814,434,False,7|dc32ccb551|225769a6a0
ovrbench,BreastCancer,1364,616,488,0.2077922077922078,434,False,4|22c1ff6d1e|c2128305f6
ovrbench,UserMovieInteractions,2400,5503,5122,0.06923496274759222,432,False,17|03800590ad|9935042533
ovrbench,Word2VecPCA,2400,1496,1429,0.04478609625668449,431,False,3|a2e58e6b3f|42665341d9
tsbad_m,085_SVDB_id_2_Medical_tr_50000_1st_54982,2674,759,487,0.3583662714097497,425,False,16|af52cf881f|20f91c74a4
ovrbench,TextAnomalyDetection,2400,2011,1902,0.05420188960716062,424,False,9|c3bbd245f4|6ff2d075c6
ovrbench,BNG(cmc),2400,4574,4336,0.05203323130738959,421,False,2|4ce842962f|1e06cc7f78
oddbench,GlobalTerrorismAttack,2400,6999,6533,0.0665809401343049,415,False,5|35f1e9b820|8b091d5a44
tsbad_m,021_MITDB_id_3_Medical_tr_50000_1st_5759,6095,622,498,0.19935691318327975,412,False,16|f46167d750|a746e84ab3
ovrbench,FICO-HELOC-cleaned,2055,846,802,0.05200945626477541,411,False,21|f9363c62d1|f1fe2e0094
tsbad_m,082_LTDB_id_4_Medical_tr_4456_1st_4556.c,944,1405,479,0.6590747330960854,411,False,16|18b41b96f3|28cfba3a61
oddbench,TrialBehavior,2400,1034,954,0.07736943907156674,409,False,3|1519f54297|d4c5d36381
ovrbench,compass,2400,1425,1329,0.06736842105263158,407,False,9|26e8aa9927|d528eeb1f1
ovrbench,KickstarterCampaigns,2400,31296,13462,0.56984918200409,405,False,5|d6f53ef141|8264feb246
tsbad_m,115_PSM_id_1_Facility_tr_50000_1st_12987,2170,1745,1745,0.0,404,False,200|48c8fcb34d|25e08e4ab5
adbench,19_landsat,2041,1333,1123,0.15753938484621155,404,False,36|2522061e24|0426c2e79f
ovrbench,SpatialAnomalies,1022,637,474,0.25588697017268447,399,False,14|657556dbac|78aa6fe40f
tsbad_m,099_SVDB_id_16_Medical_tr_1115_1st_1215.,2708,1650,609,0.6309090909090909,396,False,16|acba087765|3819470378
oddbench,RulePriorityAnomalies,1274,1013,798,0.21224086870681144,392,False,4|34bcacc8cf|b4aa8eb560
oddbench,WaterChemistry,2372,854,474,0.4449648711943794,391,False,25|fcbaad4d8d|eefffdb70f
ovrbench,EmployeePerformance,2400,8356,6675,0.2011728099569172,387,False,4|49ae84ef08|05ee725652
ovrbench,SepsisMonitoring,2400,890,806,0.09438202247191012,382,False,12|97ef028c53|1049fd4320
tsbad_m,113_SVDB_id_30_Medical_tr_4552_1st_4652.,2587,858,437,0.49067599067599066,382,False,16|82b96aa883|6898ddc555
ovrbench,BatchProcessingEvents,2400,1394,791,0.43256814921090386,380,False,6|52df74f087|6b08da6333
ovrbench,PhysicsTraining,2400,4080,3461,0.1517156862745098,377,False,49|0aae4229d1|35044d6706
ovrbench,volkert,2400,724,425,0.4129834254143646,376,False,147|bab883427d|edb9fcabcc
ovrbench,FireRiskAnalysis,2400,3819,3631,0.04922754647813564,373,False,15|6f7e704823|c6601d31e8
adbench,30_satellite,1760,2036,699,0.656679764243615,370,False,36|0e45673e6e|8dd630975b
oddbench,AttackIncidents,1803,550,520,0.05454545454545454,369,False,6|f6d8fac96d|c317a43d71
tsbad_m,102_SVDB_id_19_Medical_tr_50000_1st_1073,2439,860,455,0.47093023255813954,367,False,16|f484a0fed6|c6aeebcd59
ovrbench,RealEstateData,1486,491,491,0.0,366,False,4|854d3e8102|d2ef3d8174
tsbad_m,096_SVDB_id_13_Medical_tr_500_1st_444.cs,2711,656,406,0.38109756097560976,362,False,16|c11d4e65d3|8ba28bce92
oddbench,RacingMotion,2400,2924,1998,0.3166894664842681,355,False,10|62a19a4964|90eba1cbfe
ovrbench,CryptojackingSystem,2400,598,415,0.3060200668896321,349,False,14|f360483b75|4a917de846
ovrbench,CreditScoringAnomalies,2400,6565,6153,0.06275704493526275,346,False,41|b780b9fe2c|4c30e640e0
oddbench,LandShapeAnomaly,1419,490,378,0.22857142857142856,346,False,11|f05318ca37|2247ecbdc6
ovrbench,XSSDetection,2400,6051,5040,0.1670798215171046,340,False,56|e74676e78a|ba5fa3195e
ovrbench,NetworkHealthMonitor,2400,1543,787,0.4899546338302009,337,False,22|3e8b950260|83fa5c6286
oddbench,OkCupidUserBehavior,1130,415,374,0.09879518072289156,334,False,4|c27bf6fe81|cc5ec83a0b
tsbad_m,087_SVDB_id_4_Medical_tr_5421_1st_5521.c,2636,1128,431,0.6179078014184397,331,False,16|2cd70e985e|88b67419a9
ovrbench,KDD,1007,459,434,0.054466230936819175,329,False,32|0733a2628f|7df7611f82
tsbad_m,110_SVDB_id_27_Medical_tr_30824_1st_3092,2636,652,459,0.2960122699386503,328,False,16|c3f63cd328|14f5a8d683
oddbench,PoliceForceDisturbance,2400,2147,2034,0.05263157894736842,321,False,18|7476a628c5|6065ff1d62
tsbad_m,095_SVDB_id_12_Medical_tr_6264_1st_6364.,2752,644,394,0.38819875776397517,321,False,16|ca6e84ab92|1ff92f8c86
ovrbench,WebpageSessionIntrusion,2400,2258,1975,0.12533215234720993,308,False,10|0f8c24577a|5d8756ebe7
tsbad_m,142_CATSv2_id_5_Sensor_tr_30704_1st_3080,4159,1119,672,0.39946380697050937,305,False,136|9fac085f00|0ae0f18190
ovrbench,UrlAnalysis,1272,790,613,0.2240506329113924,305,False,15|d13e38ab35|982be1e539
oddbench,CourseRegistration,2400,2225,2191,0.015280898876404495,301,False,5|8919abf7a8|16431e2c66
tsbad_m,107_SVDB_id_24_Medical_tr_32805_1st_3290,2817,605,410,0.32231404958677684,299,False,16|695d7ebc3a|c5a559fd98
dami,Annthyroid,2400,534,349,0.3464419475655431,295,False,21|4973adbe0d|4f8704b40d
oddbench,GPUResourceUsage,2400,1112,1094,0.01618705035971223,295,False,4|0182ef39ce|afe2cdc64b
ovrbench,KenyaMovement,2400,400,338,0.155,288,False,9|586b526fc4|24220b3b55
oddbench,DiamondClarity,2400,1327,1211,0.08741522230595328,282,False,10|cff8007749|318c2c89d5
oddbench,HealthBehavior,1918,392,293,0.25255102040816324,272,False,6|286157d605|27543e6d45
ovrbench,ShillBidding,2259,498,276,0.4457831325301205,271,False,8|2355cfb829|e4d2c71183
oddbench,SalesPerformance,1056,364,325,0.10714285714285714,267,False,7|4338a28257|5f2f0e56b3
tsbad_m,139_CATSv2_id_2_Sensor_tr_5592_1st_5692.,2239,451,396,0.12195121951219512,257,False,136|c7a51c081f|1aff6f2cae
oddbench,HumanRobotCollaboration,2400,1883,1728,0.08231545406266595,248,False,3|0515b43795|f412a5d928
oddbench,VoteOutcome,2400,671,260,0.6125186289120715,248,False,8|48472d4680|b280009ef7
oddbench,EmailSpamDetection,965,481,290,0.3970893970893971,248,False,72|a1efd02705|4858ce8105
tsbad_m,172_SWaT_id_2_Sensor_tr_23700_1st_23800.,4701,3239,730,0.77462179685088,246,False,408|e234e00702|0615911de2
ovrbench,SyntheticNumericalBatch,1976,334,317,0.05089820359281437,242,False,128|3737091e57|6aba1fdec6
tsbad_m,092_SVDB_id_9_Medical_tr_2674_1st_2774.c,2511,857,265,0.690781796966161,241,False,16|0328cedef9|361b0824f4
ovrbench,Run_or_walk_information,2400,3170,2659,0.161198738170347,240,False,6|53b8e98fec|03ecf595ef
tsbad_m,141_CATSv2_id_4_Sensor_tr_41727_1st_4182,2378,413,291,0.29539951573849876,236,False,136|881b1cd545|0fbc1b5a24
ovrbench,FinancialTransaction1,2400,388,357,0.07989690721649484,233,False,102|6e41f1c19f|8a1a12c0fd
oddbench,ArtSalesPlatform,2400,495,424,0.14343434343434344,227,False,4|bd4ee9b9f9|d884ae597a
tsbad_m,103_SVDB_id_20_Medical_tr_12167_1st_1226,2782,630,403,0.3603174603174603,223,False,16|999d926738|8b9d76384d
ovrbench,AbstractAnomalyBatch,2400,422,291,0.3104265402843602,222,False,65|270512c7fd|e346ea3b1e
ovrbench,visualizing_soil,1902,328,234,0.2865853658536585,222,False,3|6075819d31|1399fa08fa
ovrbench,GamingBehavior,2000,400,311,0.2225,212,False,23|b33855e4d1|c550e623e9
oddbench,GeneticAnalysis,2222,296,245,0.17229729729729729,207,False,5|eaffda0632|a682572f4d
oddbench,AxieInfinityBug,2400,332,313,0.0572289156626506,205,False,8|2ac85378dc|4f111cbba3
oddbench,RealEstateBlockType,1005,276,228,0.17391304347826086,205,False,3|e495ced11a|02b7beefc8
oddbench,WaterPointFunctionality,2400,524,511,0.02480916030534351,203,False,13|775833561c|fc35dbc3ae
oddbench,SMSClassification,1931,747,237,0.6827309236947792,203,False,9|390eb9ab25|6a8c16178e
ovrbench,KPIData,2400,386,371,0.038860103626943004,202,False,3|498471d2ab|43a1f6eaeb
ovrbench,ShuttleOperations,2400,2573,743,0.7112320248736883,198,False,8|8ca85b13d1|b6f7eb66db
tsbad_m,112_SVDB_id_29_Medical_tr_8226_1st_8326.,2828,229,229,0.0,195,False,16|556b0afa51|5edb223451
oddbench,CasePriority,2400,270,210,0.2222222222222222,195,False,27|ba2d7680f2|56163424f5
dami,Wilt,1825,257,252,0.019455252918287938,193,False,5|1d19441cd0|0e60b06835
adbench,44_Wilt,1825,257,252,0.019455252918287938,193,False,5|7a3f7b312e|32ec5bba64
ovrbench,SpotifyHitPredictor,1280,411,200,0.51338199513382,193,False,13|b51df97f79|e92af39e92
oddbench,TreadmillStatus,2400,602,582,0.03322259136212625,187,False,7|c23303fdc0|a57217408a
ovrbench,students_dropout_and_academic_success,884,312,190,0.391025641025641,184,False,14|8ab18e83b0|529a635850
ovrbench,MalariaDetection,2400,1153,1082,0.06157849089332177,183,False,5|eb60e44652|0d6c64b51b
ovrbench,GesturePhaseSegmentationProcessed,1180,569,537,0.056239015817223195,180,False,32|9ca071de6a|7ef1936e80
ovrbench,HealthMetrics,1945,249,209,0.1606425702811245,180,False,3|46f081b920|51fb44285b
oddbench,BugSeverity,1023,228,193,0.15350877192982457,179,False,22|733e2e9cf9|8c32a7501e
tsbad_m,084_SVDB_id_1_Medical_tr_12973_1st_13073,2853,312,202,0.3525641025641026,175,False,16|bf7e2cfbb0|570fdd77df
oddbench,LandRarity,1122,378,295,0.21957671957671956,171,False,7|9e2498084d|019b62a332
oddbench,ProgrammingAnomalies,2400,271,242,0.1070110701107011,171,False,6|c0fc239de0|3bde561bcb
oddbench,WindowsEditionAnomaly,2400,479,181,0.6221294363256785,154,False,26|bbec81a04c|b5b0aeec39
ovrbench,BankruptcyForecast,2400,203,186,0.08374384236453201,150,False,64|89bc492a70|6add96888e
ovrbench,seismic-bumps,966,170,152,0.10588235294117647,147,False,6|0523a1a914|ec8e0b931a
tsbad_m,143_CATSv2_id_6_Sensor_tr_50000_1st_6023,2417,277,212,0.23465703971119134,147,False,136|9d9703cf50|90deeeccd1
tsbad_m,108_SVDB_id_25_Medical_tr_1238_1st_1338.,2795,565,165,0.7079646017699115,136,False,16|bcc96dc7f7|28e54e411e
tsbad_m,104_SVDB_id_21_Medical_tr_50000_1st_1066,2853,268,148,0.44776119402985076,136,False,16|a626674080|fc3574bf41
oddbench,CarMakeAnomaly,2400,203,160,0.21182266009852216,134,False,4|454327b699|19f07ac182
ovrbench,mozilla4,2400,998,183,0.8166332665330661,131,False,4|9bec93845b|47e3ae1a31
oddbench,FishingAnomalies,2400,485,467,0.03711340206185567,130,False,3|90d079a1dc|353737b4cf
oddbench,AquaticMacroInverts,833,469,264,0.43710021321961623,126,False,23|e3fe7ff184|18ad3d803e
oddbench,UserEventAnomalies,2400,230,207,0.1,124,False,3|5a095456f9|0539941408
oddbench,RealEstateProperties,2400,217,131,0.39631336405529954,123,False,4|08768e0fef|8894146a87
tsbad_m,053_GHL_id_22_Sensor_tr_50000_1st_126448,2500,425,421,0.009411764705882352,116,False,152|3a20a529b1|cb52f43196
ovrbench,HeadingDetection,2400,2865,2840,0.008726003490401396,110,False,7|c049f6353c|68c4914895
adbench,27_PageBlocks,1954,510,120,0.7647058823529411,110,False,10|0b7911305f|99b4eb976d
dami,PageBlocks,1954,510,120,0.7647058823529411,110,False,10|2ce062c1f8|a9b763c04e
tsbad_m,138_CATSv2_id_1_Sensor_tr_16568_1st_1666,1179,137,137,0.0,109,False,136|4efacdab71|323b9e6157
oddbench,AustinCrime,1857,204,108,0.47058823529411764,106,False,4|56f3362f96|d2c018b31f
ovrbench,thyroid-ann,1396,284,106,0.6267605633802817,102,False,6|4db7c8b1fd|315ce4822f
ovrbench,GeneExpressionCoactivator,1374,561,104,0.8146167557932263,101,False,4|563e6a4884|bae1a4d7b6
adbench,23_mammography,2400,260,110,0.5769230769230769,100,False,6|f9d0a63bb1|cd6970747b
