corpus,dataset,edge_recall,hist_recall,hist_extra,fp_edge,fp_hist
ovrbench,sf-police-incidents,0.0,0.066,0.066,0.0,0.048
ovrbench,PsychoPrediction,0.047,0.054,0.053,0.049,0.05
ovrbench,KickstarterCampaigns,0.615,0.123,0.023,0.05,0.049
ovrbench,NeuroSignalEEG,0.07,0.146,0.139,0.047,0.043
ovrbench,ViralProteinFunction,0.267,0.12,0.03,0.049,0.05
ovrbench,jannis,0.0,0.038,0.038,0.0,0.025
ovrbench,SolarFlare,0.299,0.395,0.112,0.049,0.05
oddbench,GlobalTerrorismAttack,0.0,0.09,0.09,0.0,0.044
ovrbench,EmployeePerformance,0.257,0.029,0.007,0.05,0.049
ovrbench,CreditScoringAnomalies,0.04,0.032,0.017,0.047,0.041
ovrbench,XSSDetection,0.13,0.089,0.052,0.038,0.039
ovrbench,UserMovieInteractions,0.0,0.087,0.087,0.0,0.049
oddbench,PropertyCondition,0.0,0.056,0.056,0.0,0.049
ovrbench,SpectralImaging,0.0,0.552,0.552,0.0,0.04
adbench,22_magic.gamma,0.313,0.319,0.032,0.048,0.047
ovrbench,RealEstateListings,0.075,0.005,0.001,0.05,0.047
ovrbench,BNG(cmc),0.037,0.035,0.012,0.05,0.048
ovrbench,BoundingBoxClassification,0.631,0.763,0.136,0.049,0.043
ovrbench,FireRiskAnalysis,0.0,0.052,0.052,0.0,0.039
ovrbench,CardiacHealth,0.137,0.284,0.192,0.05,0.044
ovrbench,PhysicsTraining,0.0,0.145,0.145,0.0,0.045
ovrbench,HealthActivityObesity,0.042,0.034,0.012,0.05,0.048
oddbench,SalesOrderPriority,0.094,0.107,0.039,0.047,0.046
oddbench,MouseInteractionPhase,0.0,0.043,0.043,0.0,0.046
tsbad_m,172_SWaT_id_2_Sensor_tr_23700_1st_23800.,0.0,0.0,0.0,0.0,0.0
ovrbench,Run_or_walk_information,0.005,0.004,0.0,0.047,0.045
oddbench,ProsperLoan,0.0,0.059,0.059,0.0,0.041
ovrbench,JobChangePatterns,0.0,0.061,0.061,0.0,0.047
tsbad_m,097_SVDB_id_14_Medical_tr_1031_1st_1131.,0.556,0.556,0.013,0.048,0.038
oddbench,CourseRegistration,0.0,0.011,0.011,0.049,0.048
oddbench,RacingMotion,0.0,0.647,0.647,0.0,0.047
oddbench,PoliceForceDisturbance,0.0,0.035,0.035,0.0,0.049
ovrbench,FakeNewsPropagation,0.225,0.235,0.044,0.05,0.048
tsbad_m,088_SVDB_id_5_Medical_tr_500_1st_168.csv,0.223,0.209,0.022,0.049,0.049
ovrbench,WebpageSessionIntrusion,0.016,0.011,0.011,0.041,0.041
ovrbench,FinancialTransaction4,0.0,0.086,0.086,0.0,0.046
tsbad_m,111_SVDB_id_28_Medical_tr_1791_1st_1891.,0.65,0.519,0.018,0.05,0.04
oddbench,FinancialTransactionAnomalies,0.0,0.053,0.053,0.0,0.049
oddbench,ProtestViolence,0.159,0.211,0.199,0.03,0.038
ovrbench,TextAnomalyDetection,0.041,0.055,0.026,0.049,0.047
tsbad_m,030_MITDB_id_12_Medical_tr_50000_1st_845,0.077,0.069,0.029,0.048,0.043
tsbad_m,140_CATSv2_id_3_Sensor_tr_28307_1st_2840,0.0,0.125,0.125,0.0,0.031
oddbench,HumanRobotCollaboration,0.045,0.057,0.049,0.05,0.049
tsbad_m,115_PSM_id_1_Facility_tr_50000_1st_12987,0.316,0.0,0.0,0.043,0.0
oddbench,TBAnomalyDetection,0.183,0.128,0.033,0.048,0.038
dami,SpamBase,0.15,0.0,0.0,0.03,0.0
adbench,35_SpamBase,0.154,0.0,0.0,0.036,0.0
ovrbench,CelestialObjects2,0.747,0.53,0.089,0.049,0.041
ovrbench,NetworkHealthMonitor,0.0,0.434,0.434,0.0,0.047
ovrbench,Word2VecPCA,0.041,0.017,0.0,0.05,0.034
ovrbench,AmazonReviewAnomalies,0.0,0.373,0.373,0.0,0.049
oddbench,GeneticVariation,0.0,0.11,0.11,0.0,0.049
oddbench,BuildingInspections,0.518,0.042,0.012,0.048,0.044
ovrbench,CreditCustomerData,0.0,0.014,0.014,0.0,0.043
ovrbench,ailerons,0.161,0.201,0.069,0.047,0.043
ovrbench,compass,0.074,0.067,0.011,0.047,0.047
ovrbench,guillermo,0.0,0.0,0.0,0.0,0.0
tsbad_m,109_SVDB_id_26_Medical_tr_1038_1st_1138.,0.339,0.35,0.027,0.049,0.047
tsbad_m,026_MITDB_id_8_Medical_tr_30495_1st_3059,0.311,0.303,0.042,0.049,0.048
oddbench,DiamondClarity,0.074,0.054,0.006,0.05,0.047
adbench,19_landsat,0.095,0.122,0.027,0.046,0.046
tsbad_m,019_MITDB_id_1_Medical_tr_37500_1st_1032,0.154,0.204,0.072,0.05,0.046
ovrbench,MalariaDetection,0.076,0.052,0.017,0.049,0.049
ovrbench,SensorAnomaly,0.098,0.113,0.03,0.049,0.05
tsbad_m,142_CATSv2_id_5_Sensor_tr_30704_1st_3080,0.0,0.101,0.101,0.0,0.026
oddbench,GPUResourceUsage,0.053,0.004,0.004,0.05,0.048
ovrbench,PokemonBattle,0.082,0.139,0.066,0.05,0.045
ovrbench,EEGEyeState,0.051,0.071,0.063,0.048,0.048
ovrbench,ShuttleOperations,0.616,0.649,0.045,0.047,0.046
tsbad_m,188_Exathlon_id_15_Facility_tr_12538_1st,0.0,0.992,0.992,0.0,0.05
ovrbench,BusinessAnomalies,0.433,0.39,0.122,0.048,0.049
oddbench,BarExamPrediction,0.0,0.362,0.362,0.0,0.05
tsbad_m,105_SVDB_id_22_Medical_tr_500_1st_417.cs,0.567,0.519,0.045,0.048,0.05
ovrbench,CustomerChurn2,0.002,0.071,0.07,0.004,0.043
ovrbench,AirPressure,0.0,0.0,0.0,0.0,0.0
oddbench,TrialBehavior,0.071,0.071,0.014,0.049,0.047
oddbench,TransactionFeeAnomalies,0.04,0.008,0.0,0.05,0.008
ovrbench,TrafficSensor,0.743,0.762,0.033,0.049,0.048
oddbench,RulePriorityAnomalies,0.0,0.352,0.352,0.0,0.036
tsbad_m,086_SVDB_id_3_Medical_tr_533_1st_633.csv,0.44,0.418,0.042,0.049,0.043
ovrbench,GeotechnicalAnomalies,0.052,0.033,0.015,0.05,0.046
ovrbench,FootballEfficiency,0.17,0.147,0.008,0.05,0.048
ovrbench,SepsisMonitoring,0.0,0.108,0.108,0.0,0.046
tsbad_m,098_SVDB_id_15_Medical_tr_500_1st_303.cs,0.385,0.411,0.045,0.048,0.05
oddbench,HealthPulse,0.248,0.045,0.025,0.05,0.05
ovrbench,FICO-HELOC-cleaned,0.0,0.052,0.052,0.0,0.04
ovrbench,BatchProcessingEvents,0.401,0.119,0.019,0.029,0.044
tsbad_m,091_SVDB_id_8_Medical_tr_500_1st_126.csv,0.449,0.46,0.066,0.048,0.043
ovrbench,FinancialMetricsAnomaly,0.114,0.096,0.062,0.048,0.043
adbench,30_satellite,0.578,0.612,0.037,0.049,0.048
tsbad_m,022_MITDB_id_4_Medical_tr_50000_1st_5425,0.215,0.195,0.026,0.05,0.046
tsbad_m,093_SVDB_id_10_Medical_tr_500_1st_37.csv,0.593,0.612,0.03,0.049,0.047
tsbad_m,113_SVDB_id_30_Medical_tr_4552_1st_4652.,0.573,0.534,0.029,0.048,0.044
ovrbench,volkert,0.0,0.0,0.0,0.0,0.0
ovrbench,philippine,0.0,0.0,0.0,0.0,0.0
tsbad_m,102_SVDB_id_19_Medical_tr_50000_1st_1073,0.544,0.505,0.028,0.047,0.042
oddbench,FantasyFootball,0.0,0.028,0.028,0.0,0.038
oddbench,SMSClassification,0.0,0.639,0.639,0.0,0.041
ovrbench,UrlAnalysis,0.146,0.253,0.182,0.046,0.05
tsbad_m,031_MITDB_id_13_Medical_tr_50000_1st_794,0.123,0.058,0.012,0.049,0.05
tsbad_m,099_SVDB_id_16_Medical_tr_1115_1st_1215.,0.59,0.6,0.032,0.049,0.042
tsbad_m,101_SVDB_id_18_Medical_tr_1851_1st_1951.,0.543,0.505,0.013,0.05,0.046
ovrbench,TwitterEmotion,0.094,0.057,0.042,0.049,0.028
oddbench,TreadmillStatus,0.007,0.0,0.0,0.049,0.032
tsbad_m,137_CreditCard_id_1_Finance_tr_500_1st_5,0.228,0.0,0.0,0.048,0.0
ovrbench,BCellImmunity,0.054,0.17,0.13,0.041,0.04
tsbad_m,082_LTDB_id_4_Medical_tr_4456_1st_4556.c,0.613,0.485,0.038,0.048,0.048
ovrbench,GesturePhaseSegmentationProcessed,0.1,0.0,0.0,0.047,0.0
ovrbench,SpatialAnomalies,0.143,0.122,0.017,0.048,0.04
oddbench,AttackIncidents,0.0,0.078,0.078,0.0,0.047
tsbad_m,021_MITDB_id_3_Medical_tr_50000_1st_5759,0.133,0.124,0.029,0.049,0.043
ovrbench,BreastCancer,0.133,0.109,0.041,0.048,0.037
oddbench,WaterPointFunctionality,0.0,0.029,0.029,0.0,0.048
oddbench,WaterChemistry,0.368,0.238,0.04,0.049,0.045
tsbad_m,085_SVDB_id_2_Medical_tr_50000_1st_54982,0.333,0.332,0.034,0.05,0.039
ovrbench,RealEstateData,0.0,0.0,0.0,0.0,0.044
dami,Annthyroid,0.0,0.464,0.464,0.0,0.044
oddbench,EmailSpamDetection,0.0,0.0,0.0,0.0,0.0
tsbad_m,110_SVDB_id_27_Medical_tr_30824_1st_3092,0.281,0.204,0.011,0.049,0.037
oddbench,FishingAnomalies,0.01,0.052,0.041,0.003,0.05
tsbad_m,087_SVDB_id_4_Medical_tr_5421_1st_5521.c,0.606,0.433,0.015,0.047,0.036
oddbench,AquaticMacroInverts,0.0,0.055,0.055,0.0,0.021
ovrbench,ShillBidding,0.0,0.466,0.466,0.0,0.04
oddbench,ArtSalesPlatform,0.236,0.089,0.042,0.046,0.047
ovrbench,KDD,0.052,0.028,0.022,0.042,0.044
ovrbench,page-blocks,0.0,0.613,0.613,0.0,0.048
tsbad_m,096_SVDB_id_13_Medical_tr_500_1st_444.cs,0.363,0.242,0.012,0.048,0.044
oddbench,WindowsEditionAnomaly,0.0,0.282,0.282,0.0,0.045
ovrbench,CryptojackingSystem,0.142,0.278,0.194,0.041,0.046
tsbad_m,139_CATSv2_id_2_Sensor_tr_5592_1st_5692.,0.0,0.115,0.115,0.0,0.033
tsbad_m,095_SVDB_id_12_Medical_tr_6264_1st_6364.,0.371,0.25,0.017,0.048,0.046
tsbad_m,103_SVDB_id_20_Medical_tr_12167_1st_1226,0.259,0.31,0.117,0.049,0.049
tsbad_m,107_SVDB_id_24_Medical_tr_32805_1st_3290,0.327,0.225,0.005,0.049,0.044
oddbench,LandShapeAnomaly,0.106,0.176,0.102,0.05,0.051
tsbad_m,108_SVDB_id_25_Medical_tr_1238_1st_1338.,0.558,0.657,0.142,0.049,0.046
oddbench,OkCupidUserBehavior,0.065,0.08,0.048,0.05,0.047
adbench,27_PageBlocks,0.0,0.727,0.727,0.0,0.05
dami,PageBlocks,0.0,0.727,0.727,0.0,0.05
ovrbench,KPIData,0.018,0.044,0.044,0.05,0.048
tsbad_m,141_CATSv2_id_4_Sensor_tr_41727_1st_4182,0.0,0.305,0.305,0.0,0.034
oddbench,SalesPerformance,0.0,0.08,0.08,0.0,0.04
ovrbench,KenyaMovement,0.087,0.107,0.025,0.05,0.049
ovrbench,FinancialTransaction1,0.026,0.072,0.049,0.028,0.049
ovrbench,SyntheticNumericalBatch,0.042,0.033,0.003,0.05,0.049
ovrbench,GamingBehavior,0.0,0.35,0.35,0.0,0.043
ovrbench,ECGAnomaly,0.978,0.0,0.0,0.046,0.0
oddbench,AxieInfinityBug,0.042,0.03,0.009,0.049,0.048
tsbad_m,173_GECCO_id_1_Sensor_tr_16165_1st_16265,0.0,0.961,0.961,0.0,0.039
oddbench,LandRarity,0.0,0.204,0.204,0.0,0.046
oddbench,HealthBehavior,0.151,0.112,0.069,0.049,0.039
ovrbench,SpotifyHitPredictor,0.0,0.504,0.504,0.0,0.034
ovrbench,UserInteraction1,0.734,0.834,0.101,0.023,0.041
tsbad_m,092_SVDB_id_9_Medical_tr_2674_1st_2774.c,0.65,0.683,0.063,0.049,0.047
ovrbench,AbstractAnomalyBatch,0.303,0.092,0.021,0.047,0.05
oddbench,VoteOutcome,0.599,0.613,0.045,0.047,0.048
tsbad_m,143_CATSv2_id_6_Sensor_tr_50000_1st_6023,0.0,0.137,0.137,0.0,0.028
ovrbench,students_dropout_and_academic_success,0.048,0.147,0.125,0.05,0.042
ovrbench,visualizing_soil,0.095,0.232,0.207,0.048,0.05
oddbench,CasePriority,0.019,0.204,0.193,0.05,0.049
adbench,44_Wilt,0.027,0.004,0.0,0.049,0.05
oddbench,GeneticAnalysis,0.152,0.111,0.01,0.05,0.042
dami,Wilt,0.027,0.004,0.0,0.049,0.05
oddbench,ProgrammingAnomalies,0.122,0.074,0.015,0.049,0.046
oddbench,RealEstateBlockType,0.094,0.112,0.051,0.045,0.048
tsbad_m,112_SVDB_id_29_Medical_tr_8226_1st_8326.,0.14,0.061,0.013,0.049,0.043
ovrbench,HealthMetrics,0.08,0.133,0.092,0.047,0.05
tsbad_m,084_SVDB_id_1_Medical_tr_12973_1st_13073,0.295,0.314,0.051,0.047,0.05
oddbench,UserEventAnomalies,0.083,0.135,0.057,0.045,0.047
oddbench,BugSeverity,0.0,0.145,0.145,0.0,0.031
ovrbench,mozilla4,0.815,0.03,0.001,0.05,0.048
ovrbench,BankruptcyForecast,0.054,0.039,0.01,0.046,0.034
oddbench,CarMakeAnomaly,0.108,0.148,0.084,0.041,0.05
ovrbench,ozone-level-8hr,0.075,0.031,0.019,0.046,0.034
ovrbench,seismic-bumps,0.082,0.082,0.012,0.051,0.04
tsbad_m,104_SVDB_id_21_Medical_tr_50000_1st_1066,0.384,0.392,0.019,0.05,0.043
oddbench,AustinCrime,0.255,0.289,0.039,0.05,0.049
ovrbench,GeneExpressionCoactivator,0.791,0.807,0.03,0.049,0.048
oddbench,RealEstateProperties,0.253,0.364,0.134,0.046,0.048
tsbad_m,138_CATSv2_id_1_Sensor_tr_16568_1st_1666,0.0,0.328,0.328,0.0,0.042
ovrbench,thyroid-ann,0.454,0.44,0.0,0.049,0.037
adbench,23_mammography,0.585,0.562,0.027,0.05,0.049
oddbench,DeveloperSurvey,0.0,0.092,0.092,0.0,0.05
oddbench,GenomicSequencing,0.0,0.085,0.085,0.0,0.043
