corpus,dataset,eff_frac,n_hard,knn_apnorm,anom_dist_ratio
ovrbench,sf-police-incidents,0.0017414293087379,269319,0.062,1.05
ovrbench,PsychoPrediction,0.0329894012774619,14224,-0.019,0.92
ovrbench,KickstarterCampaigns,0.0283272110765753,14171,0.082,1.13
ovrbench,NeuroSignalEEG,0.0339759214122165,13551,0.02,1.01
ovrbench,ViralProteinFunction,0.0424365482233502,9809,0.118,1.53
ovrbench,jannis,0.063903743315508,7507,0.239,1.05
ovrbench,SolarFlare,0.0680461047076795,7235,0.443,1.96
oddbench,GlobalTerrorismAttack,0.0534514792053737,6998,-0.255,1.0
ovrbench,EmployeePerformance,0.0506165758531689,7352,-0.074,0.98
ovrbench,CreditScoringAnomalies,0.0484357630617754,6315,-0.165,0.85
ovrbench,XSSDetection,0.0621890547263681,5431,0.206,1.45
ovrbench,UserMovieInteractions,0.0757132406730065,5480,0.066,1.01
oddbench,PropertyCondition,0.0873710838684568,5141,0.034,1.02
ovrbench,SpectralImaging,0.1,4935,0.796,1.41
adbench,22_magic.gamma,0.1191517271534761,4535,0.552,1.34
ovrbench,RealEstateListings,0.09692724807953,4412,-0.174,0.99
ovrbench,BNG(cmc),0.0874886672710788,4429,-0.082,0.93
ovrbench,BoundingBoxClassification,0.1260967661067936,3995,0.925,3.9
ovrbench,FireRiskAnalysis,0.0938323668950975,3816,0.1,1.1
ovrbench,CardiacHealth,0.1196418882257189,3686,0.961,2.16
ovrbench,PhysicsTraining,0.1067586206896551,3622,-0.018,0.99
ovrbench,HealthActivityObesity,0.1127629733520336,3565,-0.103,1.01
oddbench,SalesOrderPriority,0.1330472103004291,3495,0.157,1.26
oddbench,MouseInteractionPhase,0.0884165126309303,3246,0.994,6.1
tsbad_m,172_SWaT_id_2_Sensor_tr_23700_1st_23800.,0.0830503241741278,3239,0.929,311274533.55
ovrbench,Run_or_walk_information,0.073580716777672,3153,0.295,2.04
oddbench,ProsperLoan,0.1471685317056629,2957,0.096,1.07
ovrbench,JobChangePatterns,0.1484975541579315,2862,0.113,1.28
tsbad_m,097_SVDB_id_14_Medical_tr_1031_1st_1131.,0.2140266021765417,1121,0.04,1.06
oddbench,CourseRegistration,0.1307901907356948,2202,-0.132,0.76
oddbench,RacingMotion,0.1467639015496809,2196,0.594,1.84
oddbench,PoliceForceDisturbance,0.1400375939849624,2129,-0.024,0.94
ovrbench,FakeNewsPropagation,0.2550143266475644,2202,0.413,2.37
tsbad_m,088_SVDB_id_5_Medical_tr_500_1st_168.csv,0.2200099552015928,1694,0.038,1.07
ovrbench,WebpageSessionIntrusion,0.1557788944723618,1988,-0.071,0.59
ovrbench,FinancialTransaction4,0.2552215995924605,1965,0.122,1.2
tsbad_m,111_SVDB_id_28_Medical_tr_1791_1st_1891.,0.2806201550387597,667,0.102,1.11
oddbench,FinancialTransactionAnomalies,0.23950233281493,1929,0.029,1.03
oddbench,ProtestViolence,0.2161038961038961,1626,0.301,1.73
ovrbench,TextAnomalyDetection,0.1919456066945606,1894,-0.095,1.0
tsbad_m,030_MITDB_id_12_Medical_tr_50000_1st_845,0.2579772850189291,1766,0.107,1.1
tsbad_m,140_CATSv2_id_3_Sensor_tr_28307_1st_2840,0.2429653679653679,1634,0.744,1.78
oddbench,HumanRobotCollaboration,0.1397428731134712,1798,0.429,1.71
tsbad_m,115_PSM_id_1_Facility_tr_50000_1st_12987,0.1931232091690544,1048,0.317,1.15
oddbench,TBAnomalyDetection,0.2408163265306122,1715,0.236,1.27
dami,SpamBase,0.2823108993448481,1679,0.723,2.51
adbench,35_SpamBase,0.2829064919594997,1679,0.722,2.5
ovrbench,CelestialObjects2,0.3223726627981947,1542,0.597,1.59
ovrbench,NetworkHealthMonitor,0.2546419098143236,1504,0.48,1.91
ovrbench,Word2VecPCA,0.2571428571428571,1435,-0.07,0.94
ovrbench,AmazonReviewAnomalies,0.3256624825662482,1434,0.735,5.94
oddbench,GeneticVariation,0.2965034965034965,1434,0.377,3.04
oddbench,BuildingInspections,0.3092566619915848,1406,0.14,2.88
ovrbench,CreditCustomerData,0.3413742690058479,1368,0.084,1.06
ovrbench,ailerons,0.362094395280236,1372,0.36,1.4
ovrbench,compass,0.2695457930007446,1336,-0.087,0.89
ovrbench,guillermo,0.3617181612660136,1327,-0.002,1.0
tsbad_m,109_SVDB_id_26_Medical_tr_1038_1st_1138.,0.3914044512663085,1271,0.163,1.2
tsbad_m,026_MITDB_id_8_Medical_tr_30495_1st_3059,0.294912559618442,1237,0.101,1.08
oddbench,DiamondClarity,0.2119258662369057,1242,-0.023,0.95
adbench,19_landsat,0.330550918196995,1199,0.389,1.44
tsbad_m,019_MITDB_id_1_Medical_tr_37500_1st_1032,0.4353041988003427,952,0.221,1.4
ovrbench,MalariaDetection,0.1565836298932384,1108,-0.04,1.46
ovrbench,SensorAnomaly,0.3894830659536542,1142,0.012,1.04
tsbad_m,142_CATSv2_id_5_Sensor_tr_30704_1st_3080,0.3708668453976765,1037,0.537,1.23
oddbench,GPUResourceUsage,0.2248628884826325,1092,-0.007,1.66
ovrbench,PokemonBattle,0.3968692449355432,1102,0.202,1.21
ovrbench,EEGEyeState,0.4321796071094481,1060,0.475,1.25
ovrbench,ShuttleOperations,0.2009478672985782,1056,0.965,6.57
ovrbench,BusinessAnomalies,0.5570731707317074,1022,0.353,2.4
oddbench,BarExamPrediction,0.5276134122287969,1014,0.458,1.43
tsbad_m,105_SVDB_id_22_Medical_tr_500_1st_417.cs,0.5373134328358209,451,0.073,1.17
ovrbench,CustomerChurn2,0.4611553784860557,1009,0.133,2.46
ovrbench,AirPressure,0.58,1000,0.925,33.27
oddbench,TrialBehavior,0.3436853002070393,971,-0.007,1.04
oddbench,TransactionFeeAnomalies,0.4133900106269925,927,0.642,139.48
ovrbench,TrafficSensor,0.4907306434023991,917,0.803,2.53
oddbench,RulePriorityAnomalies,0.4535398230088495,904,0.207,1.2
tsbad_m,086_SVDB_id_3_Medical_tr_533_1st_633.csv,0.5951327433628318,825,0.183,1.2
ovrbench,GeotechnicalAnomalies,0.4761904761904761,913,0.025,1.07
ovrbench,FootballEfficiency,0.5172413793103449,921,0.254,1.32
ovrbench,SepsisMonitoring,0.4458380843785632,881,0.179,1.09
tsbad_m,098_SVDB_id_15_Medical_tr_500_1st_303.cs,0.5110336817653891,805,0.075,1.11
oddbench,HealthPulse,0.5425531914893617,856,0.053,1.05
ovrbench,FICO-HELOC-cleaned,0.4711538461538461,835,-0.022,1.01
ovrbench,BatchProcessingEvents,0.4596577017114914,818,-0.05,0.63
tsbad_m,091_SVDB_id_8_Medical_tr_500_1st_126.csv,0.6691823899371069,742,0.251,1.74
ovrbench,FinancialMetricsAnomaly,0.6186868686868687,769,0.114,1.06
adbench,30_satellite,0.4897959183673469,809,0.308,1.18
tsbad_m,022_MITDB_id_4_Medical_tr_50000_1st_5425,0.5332446808510638,748,0.132,1.21
tsbad_m,093_SVDB_id_10_Medical_tr_500_1st_37.csv,0.5868983957219251,645,0.09,1.15
tsbad_m,113_SVDB_id_30_Medical_tr_4552_1st_4652.,0.7344173441734417,361,0.079,1.18
ovrbench,volkert,0.6823204419889503,412,0.353,1.23
ovrbench,philippine,0.7291666666666666,720,0.259,1.04
tsbad_m,102_SVDB_id_19_Medical_tr_50000_1st_1073,0.7128851540616247,382,0.138,1.46
oddbench,FantasyFootball,0.5376955903271693,708,0.962,2.4
oddbench,SMSClassification,0.6248216833095578,701,0.847,5.02
ovrbench,UrlAnalysis,0.4220588235294117,630,0.325,1.53
tsbad_m,031_MITDB_id_13_Medical_tr_50000_1st_794,0.5937961595273265,655,0.044,1.15
tsbad_m,099_SVDB_id_16_Medical_tr_1115_1st_1215.,0.7623456790123457,656,0.106,1.16
tsbad_m,101_SVDB_id_18_Medical_tr_1851_1st_1951.,0.5935085007727975,621,0.17,1.25
ovrbench,TwitterEmotion,0.8163934426229508,620,0.122,1.07
oddbench,TreadmillStatus,0.2315436241610738,598,0.532,3.11
tsbad_m,137_CreditCard_id_1_Finance_tr_500_1st_5,0.4487394957983193,832,0.217,1.12
ovrbench,BCellImmunity,0.7923875432525952,581,0.111,1.16
tsbad_m,082_LTDB_id_4_Medical_tr_4456_1st_4556.c,0.8059964726631393,556,0.227,1.34
ovrbench,GesturePhaseSegmentationProcessed,0.3345454545454545,524,-0.158,0.49
ovrbench,SpatialAnomalies,0.8454545454545455,559,0.396,1.16
oddbench,AttackIncidents,0.6892138939670932,547,-0.011,1.0
tsbad_m,021_MITDB_id_3_Medical_tr_50000_1st_5759,0.7156133828996283,545,0.417,1.44
ovrbench,BreastCancer,0.8853383458646616,528,0.134,1.36
oddbench,WaterPointFunctionality,0.3740458015267175,524,0.013,1.03
oddbench,WaterChemistry,0.7782026768642447,524,0.216,1.85
tsbad_m,085_SVDB_id_2_Medical_tr_50000_1st_54982,0.8303747534516766,507,0.173,1.25
ovrbench,RealEstateData,0.6822810590631364,491,0.98,1.73
dami,Annthyroid,0.8551020408163266,492,0.497,2.62
oddbench,EmailSpamDetection,0.8357588357588358,481,0.642,2.32
tsbad_m,110_SVDB_id_27_Medical_tr_30824_1st_3092,0.5916666666666667,497,0.084,1.23
oddbench,FishingAnomalies,0.2836134453781512,476,0.003,0.0
tsbad_m,087_SVDB_id_4_Medical_tr_5421_1st_5521.c,0.6231263383297645,454,0.107,1.12
oddbench,AquaticMacroInverts,0.4847161572052402,460,0.943,1.77
ovrbench,ShillBidding,0.9649122807017544,458,0.651,2.74
oddbench,ArtSalesPlatform,0.5177777777777778,460,-0.003,1.08
ovrbench,KDD,0.7617977528089888,448,-0.003,1.04
ovrbench,page-blocks,0.7777777777777778,442,0.792,5.58
tsbad_m,096_SVDB_id_13_Medical_tr_500_1st_444.cs,0.7447306791569087,426,0.096,1.21
oddbench,WindowsEditionAnomaly,0.7119047619047619,437,0.548,1.53
ovrbench,CryptojackingSystem,0.7482014388489209,416,0.028,1.49
tsbad_m,139_CATSv2_id_2_Sensor_tr_5592_1st_5692.,0.5769230769230769,427,0.533,1.35
tsbad_m,095_SVDB_id_12_Medical_tr_6264_1st_6364.,0.7397590361445783,418,0.092,1.16
tsbad_m,103_SVDB_id_20_Medical_tr_12167_1st_1226,0.5132530120481927,420,-0.006,0.99
tsbad_m,107_SVDB_id_24_Medical_tr_32805_1st_3290,0.5956416464891041,419,0.071,1.11
oddbench,LandShapeAnomaly,0.9150485436893204,421,0.273,2.36
tsbad_m,108_SVDB_id_25_Medical_tr_1238_1st_1338.,0.8097560975609757,275,0.383,2.98
oddbench,OkCupidUserBehavior,0.8857142857142857,386,0.067,1.17
adbench,27_PageBlocks,0.875,398,0.779,6.84
dami,PageBlocks,0.875,398,0.779,6.84
ovrbench,KPIData,0.5349462365591398,373,-0.041,0.75
tsbad_m,141_CATSv2_id_4_Sensor_tr_41727_1st_4182,0.7876344086021505,295,0.616,1.64
oddbench,SalesPerformance,0.8388888888888889,360,0.139,1.37
ovrbench,KenyaMovement,0.8272980501392758,361,0.078,1.23
ovrbench,FinancialTransaction1,0.6350974930362117,364,-0.012,0.87
ovrbench,SyntheticNumericalBatch,0.6430769230769231,322,0.009,0.99
ovrbench,GamingBehavior,0.6553846153846153,333,0.397,2.3
ovrbench,ECGAnomaly,0.6863354037267081,298,0.914,3.26
oddbench,AxieInfinityBug,0.5968253968253968,315,0.191,1.37
tsbad_m,173_GECCO_id_1_Sensor_tr_16165_1st_16265,0.7138263665594855,39,0.282,1.51
oddbench,LandRarity,0.5760517799352751,309,-0.034,1.0
oddbench,HealthBehavior,0.9087947882736156,316,0.067,1.59
ovrbench,SpotifyHitPredictor,0.970684039087948,320,0.582,1.59
ovrbench,UserInteraction1,0.4542483660130719,300,0.716,2.51
tsbad_m,092_SVDB_id_9_Medical_tr_2674_1st_2774.c,0.7245901639344262,266,0.121,1.4
ovrbench,AbstractAnomalyBatch,0.706081081081081,295,0.004,1.08
oddbench,VoteOutcome,0.9545454545454546,281,0.246,2.94
tsbad_m,143_CATSv2_id_6_Sensor_tr_50000_1st_6023,0.6967509025270758,243,0.613,1.63
ovrbench,students_dropout_and_academic_success,0.9442379182156134,264,0.393,2.03
ovrbench,visualizing_soil,0.924812030075188,266,0.666,2.43
oddbench,CasePriority,0.9318181818181818,264,0.428,12.27
adbench,44_Wilt,0.7182539682539683,253,0.041,1.23
oddbench,GeneticAnalysis,0.7896825396825397,260,-0.005,1.09
dami,Wilt,0.7182539682539683,253,0.041,1.23
oddbench,ProgrammingAnomalies,0.6285714285714286,244,0.0,1.07
oddbench,RealEstateBlockType,0.902542372881356,235,0.022,1.2
tsbad_m,112_SVDB_id_29_Medical_tr_8226_1st_8326.,0.8296943231441049,199,0.003,1.07
ovrbench,HealthMetrics,0.8116591928251121,212,0.008,1.13
tsbad_m,084_SVDB_id_1_Medical_tr_12973_1st_13073,0.8457943925233645,220,0.079,1.25
oddbench,UserEventAnomalies,0.5849056603773585,220,0.477,7.27
oddbench,BugSeverity,0.9330143540669856,211,0.113,1.2
ovrbench,mozilla4,0.680628272251309,190,-0.015,0.94
ovrbench,BankruptcyForecast,0.7606382978723404,189,0.009,1.16
oddbench,CarMakeAnomaly,0.7719298245614035,174,0.085,1.39
ovrbench,ozone-level-8hr,0.6410256410256411,159,-0.052,0.91
ovrbench,seismic-bumps,0.967741935483871,156,0.098,2.01
tsbad_m,104_SVDB_id_21_Medical_tr_50000_1st_1066,0.9025974025974026,159,0.069,1.33
oddbench,AustinCrime,0.9533333333333334,150,0.137,2.37
ovrbench,GeneExpressionCoactivator,0.9790209790209792,177,0.47,2.75
oddbench,RealEstateProperties,0.9416058394160584,138,0.139,3.22
tsbad_m,138_CATSv2_id_1_Sensor_tr_16568_1st_1666,0.7445255474452555,105,0.536,1.55
ovrbench,thyroid-ann,0.9586776859504132,152,0.367,2.4
adbench,23_mammography,0.8907563025210085,117,0.078,1.76
oddbench,DeveloperSurvey,0.8571428571428571,119,0.036,1.09
oddbench,GenomicSequencing,0.905982905982906,117,0.308,1.91
