corpus,dataset,truefam,reg_random,reg_beta1,reg_matched,reg_em,reg_mv,reg_consensus,reg_model_centrality,reg_hits
ovrbench,BusinessAnomalies,global,0.138977134550565,0.0,0.04070414311360049,0.04070414311360049,0.08066398430354516,0.08066398430354516,0.08066398430354516,0.08066398430354516
tsbad_m,091_SVDB_id_8_Medical_tr_500_1st_126.csv,global,0.040518903165651585,0.010670787609305593,0.010670787609305593,0.021178439462648357,0.021178439462648357,0.04158298028025176,0.04158298028025176,0.04158298028025176
ovrbench,FakeNewsPropagation,global,0.2492590628991107,0.09748967357921567,0.09748967357921567,0.087826610457798,0.087826610457798,0.10428124533062955,0.10428124533062955,0.10428124533062955
adbench,22_magic.gamma,local,0.3152535053565583,0.00895890501788943,0.00895890501788943,0.03668092700111658,0.00895890501788943,0.25029821379254613,0.25029821379254613,0.35440397008828406
ovrbench,guillermo,global,0.022605538938952306,0.034929822679396774,0.034929822679396774,0.01100196758845292,0.01100196758845292,0.016219112055030325,0.016219112055030325,0.01471864084347779
tsbad_m,111_SVDB_id_28_Medical_tr_1791_1st_1891.,local,0.130028394832994,0.0,0.0,0.059032547217530984,0.059032547217530984,0.19442005949216046,0.19442005949216046,0.11237717260732483
ovrbench,philippine,global,0.19142655750489573,0.3356601668011946,0.0,0.03549172711397569,0.03549172711397569,0.30540659193548847,0.30540659193548847,0.30540659193548847
ovrbench,FinancialTransaction4,local,0.18342578442380594,0.03306764702166781,0.03306764702166781,0.06868070171175361,0.06868070171175361,0.20314956250483798,0.20314956250483798,0.19473568797290564
tsbad_m,109_SVDB_id_26_Medical_tr_1038_1st_1138.,global,0.07252967380028713,0.022357361982763987,0.022357361982763987,0.053284639343177856,0.053284639343177856,0.09259342057582944,0.09259342057582944,0.09259342057582944
ovrbench,SpectralImaging,global,0.48240869435405453,0.0,0.7825221884075265,0.005066662431481572,0.005066662431481572,0.14372547222679943,0.14372547222679943,0.14372547222679943
oddbench,BarExamPrediction,global,0.19862551500647324,0.11605912800275237,0.11605912800275237,0.11605912800275237,0.11605912800275237,0.21922853788187033,0.21922853788187033,0.21922853788187033
ovrbench,SolarFlare,local,0.23888884003717387,0.15086128173291885,0.15086128173291885,0.03746348204920125,0.03746348204920125,0.12207381009509727,0.12207381009509727,0.12207381009509727
ovrbench,ailerons,global,0.20863984380302517,0.03281749126256239,0.03281749126256239,0.03281749126256239,0.03281749126256239,0.18171878019716603,0.18171878019716603,0.18171878019716603
oddbench,FinancialTransactionAnomalies,global,0.09584096188874419,0.0,0.0,0.07646419093701351,0.07646419093701351,0.15497294824492824,0.15497294824492824,0.15497294824492824
tsbad_m,030_MITDB_id_12_Medical_tr_50000_1st_845,local,0.02279719239634647,0.012016852891652587,0.012016852891652587,0.011409888079702044,0.008038484497812914,0.01801146317161461,0.01801146317161461,0.01801146317161461
oddbench,SalesOrderPriority,local,0.27045541370668724,0.05344931189156163,0.05344931189156163,0.23686090379496094,0.23686090379496094,0.2636265925149016,0.2636265925149016,0.2917883034667796
tsbad_m,093_SVDB_id_10_Medical_tr_500_1st_37.csv,local,0.13847592822364949,0.0,0.0,0.10102310884026869,0.10102310884026869,0.17747542140749223,0.17747542140749223,0.17747542140749223
ovrbench,NeuroSignalEEG,global,0.6733664703839077,0.0,0.0,0.0,0.0,0.7437806181116375,0.7437806181116375,0.7479214712489435
tsbad_m,086_SVDB_id_3_Medical_tr_533_1st_633.csv,global,0.044683127987006854,0.030360440699171903,0.030360440699171903,0.03534191513497904,0.03534191513497904,0.035322158686597535,0.035322158686597535,0.035322158686597535
ovrbench,EEGEyeState,local,0.6195348745761209,0.02972444165566268,0.02972444165566268,0.08857232734785025,0.08857232734785025,0.7632778498204834,0.7632778498204834,0.7632778498204834
ovrbench,AmazonReviewAnomalies,global,0.3021578204120149,0.07709368382899112,0.07042812017410577,0.07709368382899112,0.1633976560313682,0.10192476516289606,0.10192476516289606,0.1633976560313682
tsbad_m,097_SVDB_id_14_Medical_tr_1031_1st_1131.,local,0.1043508288362511,0.04522352466914077,0.04522352466914077,0.05374857906172624,0.05374857906172624,0.10846957231184443,0.10846957231184443,0.10846957231184443
ovrbench,jannis,global,0.18671329521475943,0.1803917761602114,0.023959748608718745,0.0,0.0,0.2710174819236388,0.2710174819236388,0.2710174819236388
ovrbench,sf-police-incidents,local,0.10985771466239957,0.14405502024939743,0.14405502024939743,0.14405502024939743,0.14405502024939743,0.1191709684968907,0.1191709684968907,0.1191709684968907
ovrbench,CreditCustomerData,local,0.13493567277031013,0.09798378338295381,0.08437761799462963,0.20502429850289677,0.20502429850289677,0.11268131247977532,0.11268131247977532,0.11268131247977532
ovrbench,CelestialObjects2,global,0.28968731716161145,0.22847990460546844,0.14382388785169553,0.14382388785169553,0.14382388785169553,0.14382388785169553,0.14382388785169553,0.14382388785169553
tsbad_m,019_MITDB_id_1_Medical_tr_37500_1st_1032,local,0.09959909856875487,0.023154072969982342,0.023154072969982342,0.007914983672591358,0.14367240565525913,0.14367240565525913,0.14367240565525913,0.14367240565525913
oddbench,TBAnomalyDetection,local,0.1839968223370551,0.21472962799358847,0.06485653602157648,0.08246638188985522,0.08246638188985522,0.13299244092035678,0.13299244092035678,0.13299244092035678
ovrbench,PsychoPrediction,global,0.1278262143596507,0.0380008373341272,0.0380008373341272,0.05055366945237499,0.0380008373341272,0.22360957504752516,0.22360957504752516,0.22360957504752516
tsbad_m,105_SVDB_id_22_Medical_tr_500_1st_417.cs,local,0.03232152480879039,0.011762847096862233,0.011762847096862233,0.010561180514007694,0.011609676424827194,0.03836978195717557,0.03836978195717557,0.004361075934736652
ovrbench,CustomerChurn2,local,0.20705750119931238,0.28018869764019183,0.28018869764019183,0.11185894499926652,0.48362469975108147,0.13332885324762828,0.13332885324762828,0.13332885324762828
tsbad_m,101_SVDB_id_18_Medical_tr_1851_1st_1951.,local,0.0934144144414914,0.051023792119596414,0.051023792119596414,0.051023792119596414,0.0550871514895692,0.10014065170476358,0.10014065170476358,0.10014065170476358
ovrbench,FinancialMetricsAnomaly,global,0.09908801446238509,0.09586780379311562,0.09586780379311562,0.12941905414617483,0.12941905414617483,0.13739637083870673,0.13739637083870673,0.13739637083870673
ovrbench,CardiacHealth,local,0.6516499842760506,0.0030992569078435173,0.0030992569078435173,0.0,0.0,0.7774070204512654,0.7774070204512654,0.7774070204512654
ovrbench,SensorAnomaly,local,0.1681518186085944,0.20611469746101657,0.20611469746101657,0.2530773718884036,0.20611469746101657,0.20611469746101657,0.20611469746101657,0.20611469746101657
ovrbench,BCellImmunity,global,0.23077586086033613,0.11145252685549388,0.11145252685549388,0.17651728900563107,0.17651728900563107,0.26566358178356797,0.26566358178356797,0.26566358178356797
oddbench,HealthPulse,local,0.06669115814689698,0.0,0.08292672986068918,0.08292672986068918,0.08292672986068918,0.08292672986068918,0.08292672986068918,0.08292672986068918
oddbench,PropertyCondition,local,0.09004387890274074,0.2103193283923835,0.18300569210086895,0.23842101452963316,0.2103193283923835,0.18300569210086895,0.18300569210086895,0.18300569210086895
ovrbench,HealthActivityObesity,local,0.17623421603645292,0.0001021411868015118,0.05303284639220188,0.2520168227091593,0.05303284639220188,0.2520168227091593,0.2520168227091593,0.2520168227091593
oddbench,TransactionFeeAnomalies,local,0.5010138495935871,0.19550613689377516,0.19550613689377516,0.8522233489756588,0.02982753448861797,0.3676716570839751,0.3676716570839751,0.0
ovrbench,TwitterEmotion,local,0.07006913064123459,0.09275134383039256,0.036794623740398436,0.09275134383039256,0.09275134383039256,0.0977656709069391,0.0977656709069391,0.0977656709069391
ovrbench,FootballEfficiency,local,0.07904356218610692,0.00998927025356855,0.07065318725852698,0.07065318725852698,0.07065318725852698,0.07656719230966505,0.07656719230966505,0.07656719230966505
ovrbench,BoundingBoxClassification,global,0.19689218472862924,0.368616250615321,0.11883037150682352,0.11883037150682352,0.11883037150682352,0.031821815786988616,0.031821815786988616,0.031821815786988616
oddbench,GeneticVariation,global,0.17514261209224893,0.36287575021478735,0.21552180747786231,0.18543293133552488,0.18543293133552488,0.14377314756919007,0.14377314756919007,0.16715731094878977
tsbad_m,140_CATSv2_id_3_Sensor_tr_28307_1st_2840,global,0.22496068845829142,0.11417153058759888,0.11417153058759888,0.513011887173544,0.513011887173544,0.12362803221723773,0.12362803221723773,0.12362803221723773
adbench,35_SpamBase,global,0.21813970994835064,0.4886066661527776,0.4886066661527776,0.0,0.0,0.1511612017674293,0.1511612017674293,0.1700367001081975
dami,SpamBase,global,0.3494699785563573,0.5339516895948642,0.5339516895948642,0.0,0.0,0.48304272906051826,0.48304272906051826,0.5902030792341514
tsbad_m,088_SVDB_id_5_Medical_tr_500_1st_168.csv,local,0.12171688780931608,0.0,0.0,0.06846211554376634,0.06846211554376634,0.1886674608507532,0.1886674608507532,0.1886674608507532
oddbench,ProsperLoan,local,0.05974883673588137,0.009945144404210987,0.05691983098464438,0.04288306726616245,0.05691983098464438,0.05509345400994496,0.05509345400994496,0.02184599875499664
ovrbench,JobChangePatterns,global,0.3299947086352291,0.32581710485733084,0.22286491255227106,0.32581710485733084,0.32581710485733084,0.2521300246204665,0.2521300246204665,0.2521300246204665
tsbad_m,031_MITDB_id_13_Medical_tr_50000_1st_794,local,0.014261724459897556,0.002976651286634463,0.002976651286634463,0.0032837651068226906,0.0032837651068226906,0.022818815825684777,0.022818815825684777,0.022818815825684777
ovrbench,TrafficSensor,local,0.5739596973410259,0.04001194767990812,0.04001194767990812,0.05625670182485032,0.05625670182485032,0.5593566790693507,0.5593566790693507,0.5593566790693507
ovrbench,PokemonBattle,local,0.17857564378300347,0.00500450954297299,0.09473114414180797,0.09473114414180797,0.09473114414180797,0.18211864846275022,0.18211864846275022,0.18211864846275022
tsbad_m,022_MITDB_id_4_Medical_tr_50000_1st_5425,local,0.04046707872943653,0.03373461753512227,0.03373461753512227,0.008296869993336273,0.0036149401878406845,0.03849768974159777,0.03849768974159777,0.0028426944037953927
ovrbench,RealEstateListings,local,0.11341833012071147,0.1440009715979066,0.1440009715979066,0.17027656418521886,0.17027656418521886,0.08534733169987954,0.08534733169987954,0.08534733169987954
oddbench,BuildingInspections,global,0.2327453262357415,0.18904614220708357,0.18904614220708357,0.31857839049415626,0.31857839049415626,0.3200070786533453,0.3200070786533453,0.3200070786533453
tsbad_m,026_MITDB_id_8_Medical_tr_30495_1st_3059,local,0.12381728719410809,0.009531369026063219,0.009531369026063219,0.10484402948025194,0.10484402948025194,0.15927303653364858,0.15927303653364858,0.15927303653364858
ovrbench,ViralProteinFunction,local,0.15403952064547677,0.2508512299709335,0.2508512299709335,0.13797002850855508,0.13797002850855508,0.10460611108216658,0.10460611108216658,0.10460611108216658
ovrbench,GeotechnicalAnomalies,local,0.17205588564794877,0.015816394719659385,0.25662169003906987,0.06648893579978653,0.06648893579978653,0.2477325349972867,0.2477325349972867,0.2477325349972867
tsbad_m,098_SVDB_id_15_Medical_tr_500_1st_303.cs,local,0.1038766165318889,0.02098281668605162,0.02098281668605162,0.021968904998702313,0.021968904998702313,0.14913665147986752,0.14913665147986752,0.14913665147986752
oddbench,ProtestViolence,global,0.6659150137028368,0.8650689069673555,0.8650689069673555,0.0,0.0,0.49016125232413105,0.49016125232413105,0.49016125232413105
ovrbench,BreastCancer,global,0.06263503907834586,0.0,0.12889824179369902,0.0,0.0,0.04747884448500356,0.04747884448500356,0.04299777297061996
ovrbench,UserMovieInteractions,global,0.3082101891674445,0.15428081856687567,0.33820714127581086,0.15428081856687567,0.15428081856687567,0.33132704084042497,0.33132704084042497,0.33132704084042497
ovrbench,Word2VecPCA,global,0.19236122538243697,0.241598783493417,0.22655335507617555,0.22655335507617555,0.22655335507617555,0.19567260023198813,0.20441232947875826,0.19567260023198813
tsbad_m,085_SVDB_id_2_Medical_tr_50000_1st_54982,local,0.13447180567134814,0.002786278459412539,0.002786278459412539,0.12080411194865381,0.12080411194865381,0.14380408233235553,0.14380408233235553,0.15500903162896124
ovrbench,TextAnomalyDetection,global,0.0969206043293211,0.030437757314276576,0.030437757314276576,0.11103411026445896,0.11103411026445896,0.1399364802082598,0.1399364802082598,0.11150402398863919
ovrbench,BNG(cmc),global,0.2524047542600305,0.2869096850074525,0.00421407867510834,0.22280153381516557,0.27600230159976696,0.3555379674441299,0.3555379674441299,0.25050897023186813
oddbench,GlobalTerrorismAttack,global,0.42476693544959077,0.6227314669624484,0.6227314669624484,0.4750211723304574,0.6227314669624484,0.4118974332978751,0.4118974332978751,0.45103849485439806
tsbad_m,021_MITDB_id_3_Medical_tr_50000_1st_5759,local,0.31107348152162134,0.018693934986316774,0.018693934986316774,0.10323697413659949,0.10323697413659949,0.4447250030771286,0.4447250030771286,0.4447250030771286
ovrbench,FICO-HELOC-cleaned,local,0.08123762645499022,0.2055028599576837,0.10561836160980204,0.2055028599576837,0.2055028599576837,0.11257487236935934,0.11257487236935934,0.11257487236935934
tsbad_m,082_LTDB_id_4_Medical_tr_4456_1st_4556.c,local,0.11506146553925527,0.0,0.0,0.04740383036153212,0.09830918240500253,0.0955944643002749,0.0955944643002749,0.0955944643002749
oddbench,TrialBehavior,global,0.1623688839366452,0.16290222709948066,0.18109472810508132,0.16290222709948066,0.16290222709948066,0.18395746464193727,0.18395746464193727,0.18395746464193727
ovrbench,compass,local,0.10311604827080992,0.1653268874504332,0.16197241843425686,0.22518508915723834,0.22518508915723834,0.1653268874504332,0.1653268874504332,0.1653268874504332
ovrbench,KickstarterCampaigns,local,0.17742077012356444,0.0849782248843536,0.0849782248843536,0.10492750374533795,0.09153370973940675,0.10492750374533795,0.0849782248843536,0.06458277703654865
tsbad_m,115_PSM_id_1_Facility_tr_50000_1st_12987,global,0.16319964505111417,0.20135496545106774,0.20135496545106774,0.19477432385565535,0.19477432385565535,0.2504871684298038,0.2504871684298038,0.2504871684298038
adbench,19_landsat,local,0.42417202633613504,0.003688256737989337,0.003688256737989337,0.15905552146247504,0.15905552146247504,0.5713713274888472,0.5713713274888472,0.5713713274888472
ovrbench,SpatialAnomalies,local,0.4673437492179611,0.024233207002364976,0.024233207002364976,0.3444706978138131,0.09104782936469291,0.42244596641103954,0.42244596641103954,0.42244596641103954
tsbad_m,099_SVDB_id_16_Medical_tr_1115_1st_1215.,local,0.11279076671886065,0.0,0.0,0.02489486148457143,0.02489486148457143,0.1494556310813835,0.1494556310813835,0.1494556310813835
oddbench,RulePriorityAnomalies,global,0.10451011001494452,0.0048077598317112225,0.0048077598317112225,0.010307235059453093,0.01737374804112299,0.1256401130016223,0.1256401130016223,0.12917459288616906
oddbench,WaterChemistry,local,0.49059402746787584,0.0,0.0,0.5633167528918326,0.5633167528918326,0.48141740378469255,0.48141740378469255,0.48141740378469255
ovrbench,EmployeePerformance,local,0.47789646687125986,0.0913918702608651,0.5418070193718372,0.0913918702608651,0.0913918702608651,0.5152677852737424,0.5152677852737424,0.5152677852737424
ovrbench,SepsisMonitoring,local,0.06656581217726604,0.11655867615474362,0.07357351133123306,0.060583033702613996,0.05962312959774319,0.060583033702613996,0.060583033702613996,0.07134173114108783
tsbad_m,113_SVDB_id_30_Medical_tr_4552_1st_4652.,global,0.10123941972508096,0.08361958283459373,0.08361958283459373,0.08883310625219658,0.08883310625219658,0.12800658448573454,0.12800658448573454,0.08539019995556876
ovrbench,BatchProcessingEvents,local,0.05426335277949776,0.058397221162120004,0.05386414119474317,0.07871139521302038,0.06795334637527112,0.07871139521302038,0.07871139521302038,0.07871139521302038
ovrbench,PhysicsTraining,local,0.12053483271184821,0.1837829312643468,0.16346761322356754,0.1470701520083105,0.1470701520083105,0.21511536309878254,0.21511536309878254,0.21719287305721371
ovrbench,volkert,global,0.28593004943032496,0.267499754337892,0.267499754337892,0.10538857605991536,0.10538857605991536,0.3004155224549792,0.3004155224549792,0.47900217130729456
ovrbench,FireRiskAnalysis,global,0.17929918312973311,0.09056659244720708,0.09084420937455658,0.11168898663960501,0.11168898663960501,0.12036577431416824,0.12036577431416824,0.12036577431416824
adbench,30_satellite,global,0.40574897796405174,0.18605151402585257,0.18605151402585257,0.3363926552283261,0.3363926552283261,0.5320146794154639,0.5320146794154639,0.3054587559331252
oddbench,AttackIncidents,local,0.06251357965621575,0.034658549411141236,0.034658549411141236,0.034658549411141236,0.034658549411141236,0.10030336842097101,0.10030336842097101,0.10030336842097101
tsbad_m,102_SVDB_id_19_Medical_tr_50000_1st_1073,local,0.3573861926441098,0.07872474796417889,0.07872474796417889,0.10600684220289985,0.10600684220289985,0.5029085628920185,0.5029085628920185,0.5029085628920185
ovrbench,RealEstateData,global,0.5242577883333576,0.20348402128455056,0.20348402128455056,0.20348402128455056,0.20348402128455056,0.7428150907121899,0.7428150907121899,0.6140033966320481
tsbad_m,096_SVDB_id_13_Medical_tr_500_1st_444.cs,local,0.1324589325915852,0.0,0.0,0.04217647301175417,0.04217647301175417,0.17595309214204852,0.17595309214204852,0.18189671578826205
oddbench,RacingMotion,local,0.4944278177075241,0.9391296238090816,0.9391296238090816,0.9391296238090816,0.9391296238090816,0.6751821161565708,0.6751821161565708,0.6751821161565708
ovrbench,CryptojackingSystem,local,0.27527090707819146,0.038069742972189236,0.038069742972189236,0.3098955000917445,0.3066390227861265,0.313246502383935,0.313246502383935,0.313246502383935
ovrbench,CreditScoringAnomalies,local,0.22124262798091515,0.19392428332473585,0.19392428332473585,0.30972085232978264,0.30972085232978264,0.3143513307429981,0.3143513307429981,0.3143513307429981
oddbench,LandShapeAnomaly,global,0.12732192017740868,0.0,0.0,0.0,0.00011377567518189302,0.0,0.0,0.0
ovrbench,XSSDetection,global,0.691319369636389,0.8488620690954167,0.8488620690954167,0.24627719655756852,0.24627719655756852,0.3006458512345448,0.3006458512345448,0.3006458512345448
ovrbench,NetworkHealthMonitor,local,0.06476429728084968,0.04926824691705192,0.04926824691705192,0.09454174719415459,0.02748812745080463,0.09668450513607119,0.09668450513607119,0.09668450513607119
oddbench,OkCupidUserBehavior,local,0.02805690879914116,0.003927735965433235,0.03900848936823859,0.02776303242428843,0.02776303242428843,0.032334635399212455,0.032334635399212455,0.032334635399212455
tsbad_m,087_SVDB_id_4_Medical_tr_5421_1st_5521.c,local,0.16368744001817268,0.0,0.0,0.0925233696462286,0.09864032340981406,0.20699085106177578,0.20699085106177578,0.19743478637139875
ovrbench,KDD,global,0.07832026479961435,0.11652902071900145,0.011081729503501801,0.024775250751206596,0.024775250751206596,0.011081729503501801,0.011081729503501801,0.11036574326373169
tsbad_m,110_SVDB_id_27_Medical_tr_30824_1st_3092,local,0.07922583077677997,0.016464814976534167,0.016464814976534167,0.052587865293881715,0.052587865293881715,0.08310831445615986,0.08310831445615986,0.08310831445615986
oddbench,PoliceForceDisturbance,local,0.2461745139331154,0.2500681488703159,0.2500681488703159,0.4474193911032416,0.2500681488703159,0.325044995195211,0.325044995195211,0.325044995195211
tsbad_m,095_SVDB_id_12_Medical_tr_6264_1st_6364.,local,0.10605878783193143,0.0014848209479332575,0.0014848209479332575,0.05666629266884336,0.05666629266884336,0.13347865077132448,0.13347865077132448,0.13501827836813415
ovrbench,WebpageSessionIntrusion,local,0.14243668925044517,0.14950453309615142,0.14950453309615142,0.1810210701450518,0.17797933236348096,0.13963358031448564,0.1578708244170686,0.1731533350765616
tsbad_m,142_CATSv2_id_5_Sensor_tr_30704_1st_3080,global,0.08291681111228116,0.12875852357010992,0.12875852357010992,0.09421358038629775,0.09421358038629775,0.07039393826474444,0.07039393826474444,0.07039393826474444
ovrbench,UrlAnalysis,global,0.24221818537770495,0.7196432345030609,0.05789655305785102,0.046760105215146064,0.046760105215146064,0.05789655305785102,0.05789655305785102,0.05789655305785102
oddbench,CourseRegistration,local,0.2593364705736284,0.20840095191866154,0.20840095191866154,0.20840095191866154,0.20840095191866154,0.40256395195280154,0.40256395195280154,0.40256395195280154
tsbad_m,107_SVDB_id_24_Medical_tr_32805_1st_3290,local,0.04204691288411808,0.0,0.0,0.013329138172780836,0.005931601567990524,0.0647376765557108,0.0647376765557108,0.0647376765557108
dami,Annthyroid,global,0.3335169612762029,0.0,0.0,0.29451002253093017,0.29451002253093017,0.38557132685479256,0.38557132685479256,0.39036836175328943
oddbench,GPUResourceUsage,local,0.48397564710490376,0.5292207156179691,0.5518954438551077,0.5240533414224882,0.5240533414224882,0.5240533414224882,0.47813146176997845,0.5240533414224882
ovrbench,KenyaMovement,local,0.045229060756198196,0.01759210241828836,0.07384787435171312,0.07077091152778368,0.06822190763062648,0.025649448344969086,0.025649448344969086,0.025649448344969086
oddbench,DiamondClarity,local,0.7650221873009919,0.0,0.7507518505538945,0.7507518505538945,0.7507518505538945,0.8357222625173195,0.8357222625173195,0.8357222625173195
oddbench,HealthBehavior,global,0.05688505058050193,0.0207888683526068,0.0207888683526068,0.0032205858277651045,0.0032205858277651045,0.04582992008205317,0.04582992008205317,0.04582992008205317
ovrbench,ShillBidding,global,0.43037381472316105,0.0,0.0,0.0,0.0,0.1146102973451909,0.1146102973451909,0.1146102973451909
oddbench,SalesPerformance,global,0.19445351840281133,0.06035315984993006,0.15954621236030997,0.06035315984993006,0.06035315984993006,0.04394225261068452,0.16746993060924753,0.16746993060924753
tsbad_m,139_CATSv2_id_2_Sensor_tr_5592_1st_5692.,global,0.18269136569442548,0.18648429650533238,0.18648429650533238,0.27363702190238187,0.27363702190238187,0.15634357351302805,0.15634357351302805,0.15634357351302805
oddbench,HumanRobotCollaboration,local,0.48260091451071147,0.0065361836415769314,0.0065361836415769314,0.34593256707892095,0.34593256707892095,0.5994652468882993,0.5994652468882993,0.5994652468882993
oddbench,VoteOutcome,local,0.5780060409687126,0.10555455853759643,0.10555455853759643,0.7911515982901443,0.5098583825981935,0.6142209954765112,0.6142209954765112,0.6142209954765112
oddbench,EmailSpamDetection,global,0.4463747236441782,0.5084255644630384,0.5084255644630384,0.0,0.0,0.3838249600399323,0.3838249600399323,0.3838249600399323
tsbad_m,172_SWaT_id_2_Sensor_tr_23700_1st_23800.,local,0.1697709732564989,0.020767063983704204,0.020767063983704204,0.30751707483499796,0.30751707483499796,0.3055277112581284,0.24188749439347737,0.30751707483499796
ovrbench,SyntheticNumericalBatch,local,0.17815264175971587,0.0,0.0,0.08610112782495732,0.08610112782495732,0.18840647322771517,0.18840647322771517,0.18840647322771517
tsbad_m,092_SVDB_id_9_Medical_tr_2674_1st_2774.c,local,0.14746545539937597,0.0,0.0,0.013822013634354424,0.013822013634354424,0.19759546212191903,0.19759546212191903,0.0854839333311786
ovrbench,Run_or_walk_information,local,0.6059891779782041,0.028169756833845483,0.028169756833845483,0.9015618754888344,0.5060303527104162,0.7703650724570748,0.7703650724570748,0.8626096696210954
tsbad_m,141_CATSv2_id_4_Sensor_tr_41727_1st_4182,global,0.23830784328983345,0.15163815963957028,0.15163815963957028,0.4518951541359205,0.4518951541359205,0.20969377137575296,0.20969377137575296,0.20969377137575296
ovrbench,FinancialTransaction1,global,0.06711434370389151,0.057360732395833156,0.057360732395833156,0.05962259604015961,0.05962259604015961,0.06324888368898715,0.06324888368898715,0.06324888368898715
oddbench,ArtSalesPlatform,global,0.10103339817355489,0.10645741916400711,0.16402741914923888,0.10645741916400711,0.16407870538841068,0.06210222567162882,0.06210222567162882,0.06210222567162882
tsbad_m,103_SVDB_id_20_Medical_tr_12167_1st_1226,local,0.05977344334561879,0.0,0.0,0.045596949682462695,0.045596949682462695,0.07469586710301018,0.07469586710301018,0.07303165235329104
ovrbench,AbstractAnomalyBatch,local,0.6299857817229195,0.8824316690073153,0.8715851259910832,0.8703356990163809,0.8703356990163809,0.8824316690073153,0.9323272932624946,0.9359243512029548
ovrbench,visualizing_soil,global,0.5895050469876636,0.5769539622518834,0.5769539622518834,0.0,0.0,0.5448527464437041,0.5448527464437041,0.5448527464437041
ovrbench,GamingBehavior,local,0.34169070988083494,0.3009563002803129,0.3946529307284655,0.4257380093034006,0.4257380093034006,0.3946529307284655,0.3946529307284655,0.3946529307284655
oddbench,GeneticAnalysis,global,0.08456657645241222,0.05156207522543253,0.05156207522543253,0.09924557412260428,0.09924557412260428,0.09823158709609567,0.09823158709609567,0.11084032220439154
oddbench,AxieInfinityBug,global,0.08816413041665601,0.0797578094790998,0.029552872605733797,0.04393528548376991,0.029552872605733797,0.11662697303090164,0.11662697303090164,0.11662697303090164
oddbench,RealEstateBlockType,global,0.09382073511549732,0.01732044233409953,0.04167847856628333,0.026901463297037922,0.01732044233409953,0.04167847856628333,0.04167847856628333,0.04167847856628333
oddbench,WaterPointFunctionality,local,0.09788221948777107,0.0,0.0,0.05772271854447303,0.05772271854447303,0.10135243197901671,0.10135243197901671,0.10135243197901671
oddbench,SMSClassification,global,0.27723839553010865,0.4520885863648636,0.07119140031766896,0.07119140031766896,0.0,0.1866332671158085,0.07119140031766896,0.1866332671158085
ovrbench,KPIData,local,0.0823005620198766,0.09676018356074964,0.09676018356074964,0.08498857559142758,0.08498857559142758,0.11552353084555361,0.11552353084555361,0.11552353084555361
ovrbench,ShuttleOperations,local,0.5252452162342313,0.0,0.0,0.037096415883218326,0.037096415883218326,0.7238256989407665,0.7238256989407665,0.7238256989407665
tsbad_m,112_SVDB_id_29_Medical_tr_8226_1st_8326.,global,0.059178925562935705,0.04822041738971427,0.04822041738971427,0.05757844543117656,0.05757844543117656,0.062320454513481074,0.062320454513481074,0.062320454513481074
oddbench,CasePriority,local,0.1494363647822402,0.1283025771709303,0.1283025771709303,0.1283025771709303,0.1283025771709303,0.021461865812183234,0.021461865812183234,0.012570103857014181
dami,Wilt,local,0.2214167058248951,0.0,0.23035949055871335,0.18073775415804477,0.18073775415804477,0.25442503957564416,0.24975512350346257,0.24975512350346257
adbench,44_Wilt,local,0.6109823691198629,0.18830805890822283,0.4456969079747201,0.4456969079747201,0.4456969079747201,0.709072570285834,0.709072570285834,0.709072570285834
ovrbench,SpotifyHitPredictor,global,0.19572929369883624,0.057203771046730745,0.057203771046730745,0.057203771046730745,0.057203771046730745,0.08044873047420531,0.08044873047420531,0.08044873047420531
oddbench,TreadmillStatus,local,0.49098654081514337,0.6528875246189886,0.6528875246189886,0.31488537873503997,0.31488537873503997,0.6252022764128854,0.6252022764128854,0.6593370308755997
ovrbench,students_dropout_and_academic_success,local,0.1344973523786461,0.09980372521809033,0.09980372521809033,0.12871602891587483,0.09980372521809033,0.11545388871180626,0.11545388871180626,0.12692355304197586
ovrbench,MalariaDetection,global,0.5735756262482953,0.8296380183362532,0.8296380183362532,0.4276087138514206,0.19109976691856356,0.4276087138514206,0.4276087138514206,0.4276087138514206
ovrbench,GesturePhaseSegmentationProcessed,local,0.5798771138209334,0.02072854257418638,0.02072854257418638,0.6914854017655763,0.6914854017655763,0.6792340547405522,0.6792340547405522,0.6792340547405522
ovrbench,HealthMetrics,local,0.06532643677539895,0.10019577533639565,0.05367703833782012,0.05367703833782012,0.06379267961599229,0.0280506587759315,0.0280506587759315,0.0280506587759315
oddbench,BugSeverity,global,0.07594114518144801,0.003264449301134467,0.003264449301134467,0.003264449301134467,0.003264449301134467,0.06220284523963094,0.06220284523963094,0.06220284523963094
tsbad_m,084_SVDB_id_1_Medical_tr_12973_1st_13073,local,0.044904992843398606,0.03075257799683752,0.03075257799683752,0.007171598298318545,0.007171598298318545,0.05046326973199129,0.05046326973199129,0.0278536750622937
oddbench,LandRarity,global,0.19727351189419098,0.0,0.0,0.0,0.0,0.17709929847897143,0.17709929847897143,0.20074350208836966
oddbench,ProgrammingAnomalies,local,0.18469081892590766,0.21288561969129458,0.25995640632916334,0.2544815026325459,0.25995640632916334,0.25995640632916334,0.25995640632916334,0.25995640632916334
oddbench,WindowsEditionAnomaly,global,0.3323566735564492,0.5063578553412765,0.5063578553412765,0.3975653241787671,0.3975653241787671,0.018007257613419925,0.018007257613419925,0.018007257613419925
ovrbench,BankruptcyForecast,global,0.13918094527216526,0.14987564505931184,0.14987564505931184,0.1305800113294278,0.1305800113294278,0.14902367880244466,0.14902367880244466,0.14902367880244466
ovrbench,seismic-bumps,local,0.07094213491911613,0.13036921452437766,0.046049752606325364,0.044951216332286256,0.044951216332286256,0.02026531211849908,0.03650806574764669,0.02026531211849908
tsbad_m,143_CATSv2_id_6_Sensor_tr_50000_1st_6023,global,0.20898226002548403,0.12301346266112595,0.12301346266112595,0.40602378312551096,0.3803230761098892,0.17972580713954953,0.17972580713954953,0.17972580713954953
tsbad_m,108_SVDB_id_25_Medical_tr_1238_1st_1338.,local,0.1002696901179532,0.0,0.0,0.026144550792301796,0.026144550792301796,0.06914712947069013,0.06914712947069013,0.06914712947069013
tsbad_m,104_SVDB_id_21_Medical_tr_50000_1st_1066,local,0.16020579518006212,0.07870306489580023,0.07870306489580023,0.0,0.0,0.21262832934355838,0.21262832934355838,0.20167625532644604
oddbench,CarMakeAnomaly,local,0.045162301933018095,0.055650448656773745,0.039685457467702016,0.055650448656773745,0.039685457467702016,0.039685457467702016,0.039685457467702016,0.04410422186240647
ovrbench,mozilla4,local,0.055454034524380455,0.033047664549130176,0.033047664549130176,0.07661485609764904,0.07661485609764904,0.07491633384265822,0.07491633384265822,0.03395886503435035
oddbench,FishingAnomalies,local,0.1836052432908849,0.23018776481401967,0.23018776481401967,0.22895083427613752,0.22895083427613752,0.19184466570282876,0.19184466570282876,0.19184466570282876
oddbench,AquaticMacroInverts,global,0.3868150744020319,0.5528517885730906,0.07061377247124256,0.0,0.07061377247124256,0.07061377247124256,0.07061377247124256,0.07061377247124256
oddbench,UserEventAnomalies,global,0.8330446431362407,0.0,0.0,0.8864770996239905,0.7889438223816942,0.814173598195401,0.814173598195401,0.814173598195401
oddbench,RealEstateProperties,local,0.0924209123957515,0.06422081763821597,0.06563046107272362,0.06563046107272362,0.06460000077749263,0.0500671911871354,0.0500671911871354,0.0500671911871354
tsbad_m,053_GHL_id_22_Sensor_tr_50000_1st_126448,local,0.2733875066153261,0.39167480534099486,0.39167480534099486,0.38586265799924147,0.38586265799924147,0.16890103044511426,0.3778104419390795,0.16890103044511426
ovrbench,HeadingDetection,local,0.2744211072945164,0.177038455998056,0.35032556009623766,0.33501377725641507,0.177038455998056,0.35032556009623766,0.35032556009623766,0.35032556009623766
adbench,27_PageBlocks,local,0.2869197234326719,0.042508006942195586,0.042508006942195586,0.294066291473962,0.45072889059763227,0.28239677210312897,0.28239677210312897,0.28239677210312897
dami,PageBlocks,local,0.12371687907557172,0.023661378082995455,0.10349175331426208,0.13419594120451223,0.10349175331426208,0.1705633159898055,0.16580625730637782,0.16580625730637782
tsbad_m,138_CATSv2_id_1_Sensor_tr_16568_1st_1666,local,0.2817384811144702,0.1352131564090972,0.1352131564090972,0.5313608242965928,0.5313608242965928,0.5378829042042426,0.5378829042042426,0.19162387773311085
oddbench,AustinCrime,local,0.10119403556644829,0.1422382943892954,0.1422382943892954,0.04461495214148366,0.04461495214148366,0.11801869228177689,0.11801869228177689,0.11801869228177689
ovrbench,thyroid-ann,global,0.2118516364180381,0.22772496646573295,0.28232235354471996,0.28232235354471996,0.030804175882785834,0.21236281585754466,0.21236281585754466,0.21236281585754466
ovrbench,GeneExpressionCoactivator,global,0.17718701259894412,0.28802078077235427,0.09307610694237944,0.05089094272208594,0.08315404192195158,0.08315404192195158,0.08315404192195158,0.08315404192195158
adbench,23_mammography,global,0.09722928786884386,0.02217790247141635,0.02217790247141635,0.09788646937857291,0.09788646937857291,0.12188451791551665,0.12188451791551665,0.12188451791551665
