corpus,dataset,n_norm,n_hard,frac_triv,fp,n_eff,eff_frac
oddbench,AquaticMacroInverts,833,458,0.023454157782515993,23|e3fe7ff184|18ad3d803e,222,0.4847161572052402
oddbench,ArchaeologicalAnomalies,402,116,0.01694915254237288,3|9c21070bc0|69c4b13bfa,68,0.5862068965517241
oddbench,ArtCollections,2400,98,0.057692307692307696,3|95d4ffb6b3|cee024a579,50,0.5102040816326531
oddbench,ArtSalesPlatform,2400,450,0.09090909090909091,4|bd4ee9b9f9|d884ae597a,233,0.5177777777777778
oddbench,AttackIncidents,1803,547,0.005454545454545455,6|f6d8fac96d|c317a43d71,377,0.6892138939670932
oddbench,AustinCrime,1857,150,0.2647058823529412,4|56f3362f96|d2c018b31f,143,0.9533333333333334
oddbench,AxieInfinityBug,2400,315,0.05120481927710843,8|2ac85378dc|4f111cbba3,188,0.5968253968253968
oddbench,BarExamPrediction,2400,1014,0.023121387283236993,10|cd9649be5d|20282d5bbb,535,0.5276134122287969
oddbench,BaseballBattedBall,677,83,0.12631578947368421,8|a4a98266d6|b562588493,73,0.8795180722891566
oddbench,BaseballPitchingAnomalies,522,272,0.0,38|8f5ae3d81f|00684d52be,258,0.9485294117647058
oddbench,BugSeverity,1023,209,0.08333333333333333,22|733e2e9cf9|8c32a7501e,195,0.9330143540669856
oddbench,BuildingEnergyCompliance,957,110,0.0,25|647e0e5196|c3dc38fa10,94,0.8545454545454545
oddbench,BuildingInspections,2400,1426,0.5141396933560477,5|3b188946d2|dd30716b7b,441,0.30925666199158486
oddbench,BusStopPrior,2067,53,0.1016949152542373,6|97f127e5b2|ae7c2336e7,45,0.8490566037735849
oddbench,BusTracking,693,202,0.35668789808917195,8|6b6c782e43|2f5914f2dd,122,0.6039603960396039
oddbench,BusinessProcessFraud,1640,37,0.7153846153846154,7|67d3ab97cd|6886ac8f8c,36,0.972972972972973
oddbench,CarMakeAnomaly,2400,171,0.15763546798029557,4|454327b699|19f07ac182,132,0.7719298245614035
oddbench,CasePriority,2400,264,0.022222222222222223,27|ba2d7680f2|56163424f5,246,0.9318181818181818
oddbench,CellMorphology,624,16,0.7894736842105263,14|e6ed21ede0|a934f31a37,12,0.75
oddbench,CityTreeCondition,462,69,0.0547945205479452,10|ec38980af0|5542d18113,66,0.9565217391304348
oddbench,CodeSmell,715,364,0.042105263157894736,6|13a4fccf5f|6cc49c2d92,307,0.8434065934065934
oddbench,CodeStrata,700,37,0.2127659574468085,4|63e2b6d8b0|a4c80b4a06,36,0.972972972972973
oddbench,CourseRegistration,2400,2202,0.010337078651685393,5|8919abf7a8|16431e2c66,288,0.1307901907356948
oddbench,CrimeFraudDetection,2400,0,1.0,10|fcaaedfe1a|0c5c19b9d1,0,1.0
oddbench,CybersecurityVulnerability,2400,3370,0.0002966478789676654,6|29a6c95c44|d4a43655ce,30,0.008902077151335312
oddbench,DallasShelterOutcomes,2197,2,0.9591836734693877,13|0e0bc5a337|7dceea3c15,2,1.0
oddbench,DeveloperSurvey,1299,119,0.0,5|b3562a50f7|ac0dd86595,102,0.8571428571428571
oddbench,DiamondClarity,2400,1241,0.06480783722682742,10|cff8007749|318c2c89d5,263,0.2119258662369057
oddbench,DragonFlySystem,2400,4893,0.056498264558426534,4|cc71273146|cc97019526,91,0.01859799713876967
oddbench,ElectionVoterLists,1513,0,1.0,6|6ffe57cc92|e11ae55e81,0,1.0
oddbench,EmailSpamDetection,965,481,0.0,72|a1efd02705|4858ce8105,402,0.8357588357588358
oddbench,EnvironmentalConcernSurvey,692,457,0.002183406113537118,5|c301433e66|a2de16761b,393,0.8599562363238512
oddbench,EpidemiologyCases,1923,7,0.7586206896551724,4|679f74d2f7|1bb5be66e5,7,1.0
oddbench,EventOutcome,1078,19,0.13636363636363635,3|7e30a2d010|b3a2f6cada,18,0.9473684210526315
oddbench,ExamPerformance,360,0,1.0,4|60bb6d2d09|1dec6e5909,0,1.0
oddbench,FantasyFootball,942,703,0.012640449438202247,10|3c42523b17|c9419a2e98,378,0.5376955903271693
oddbench,FinancialTransactionAnomalies,2400,1929,0.0,5|31baa81362|64f37082d8,462,0.23950233281493002
oddbench,FishingAnomalies,2400,476,0.018556701030927835,3|90d079a1dc|353737b4cf,135,0.28361344537815125
oddbench,FraudEventLog,2400,112,0.5851851851851851,3|b414744274|680ed988e2,79,0.7053571428571429
oddbench,GPUPowerProfile,395,20,0.0,7|d57dcea665|ce13a88b3c,10,0.5
oddbench,GPUResourceUsage,2400,1094,0.01618705035971223,4|0182ef39ce|afe2cdc64b,246,0.22486288848263253
oddbench,GeneticAnalysis,2222,252,0.14864864864864866,5|eaffda0632|a682572f4d,199,0.7896825396825397
oddbench,GeneticVariation,1831,1430,0.006944444444444444,6|62380386af|bc03bba8d8,424,0.2965034965034965
oddbench,GenomicSequencing,1002,117,0.0,10|872bcdebd1|3908a5190c,106,0.905982905982906
oddbench,GeospatialInvestigation,428,171,0.03932584269662921,5|1c8a3c97f8|96c9183724,115,0.672514619883041
oddbench,GlobalTerrorismAttack,2400,6997,0.00028575510787255323,5|35f1e9b820|8b091d5a44,374,0.053451479205373735
oddbench,GroceryErrorDept,1756,86,0.47878787878787876,3|aced6e2a31|76c73ff72b,65,0.7558139534883721
oddbench,HealthBehavior,1918,307,0.21683673469387754,6|286157d605|27543e6d45,279,0.9087947882736156
oddbench,HealthPulse,2400,846,0.019698725376593278,28|c5f14a097e|c0d06c5154,459,0.5425531914893617
oddbench,HeatVulnerability,2400,750,0.6800341296928327,6|fd388e9a0d|1c8d7901aa,35,0.04666666666666667
oddbench,HomicideCircumstance,978,45,0.0,7|488eadb629|35c377525b,42,0.9333333333333333
oddbench,HospitalReadmissions,2212,33,0.1951219512195122,7|a5de7848d8|4e272c9bee,33,1.0
oddbench,HousePriceSales,480,101,0.0,23|a6249e6688|eb0846c88e,98,0.9702970297029703
oddbench,HumanObjectInteraction,655,216,0.3186119873817035,5|9dfded7d93|c58aafa0c5,202,0.9351851851851852
oddbench,HumanRobotCollaboration,2400,1789,0.04992033988316516,3|0515b43795|f412a5d928,250,0.13974287311347122
oddbench,HurricaneTracks,1748,32,0.0,7|ebb5c9608e|b3a832f153,20,0.625
oddbench,LandRarity,1122,309,0.18253968253968253,7|9e2498084d|019b62a332,178,0.5760517799352751
oddbench,LandShapeAnomaly,1419,412,0.15918367346938775,11|f05318ca37|2247ecbdc6,377,0.9150485436893204
oddbench,MedicalClassificationAnomalies,2400,19,0.9907901114881241,4|85a0c13133|e8f2318e63,15,0.7894736842105263
oddbench,MouseInteractionPhase,2400,3246,0.0,5|ecde4a8bf5|ebd00ddcfb,287,0.08841651263093038
oddbench,MusicGenreAnomaly,730,13,0.59375,13|0bed18c399|d50e662fd7,9,0.6923076923076923
oddbench,NavigationBugReport,422,0,1.0,8|a3ed383dda|cab6fa4c1a,0,1.0
oddbench,NetworkFlowAnomalies,1931,0,1.0,6|3032b3be63|678aae9e71,0,1.0
oddbench,OkCupidUserBehavior,1130,385,0.07228915662650602,4|c27bf6fe81|cc5ec83a0b,341,0.8857142857142857
oddbench,PTENPhosphatase,2400,0,1.0,18|054b427efb|1b4c244cc8,0,1.0
oddbench,PatientStatusTracking,1363,29,0.06451612903225806,6|cd87e1f7f8|028e63380d,29,1.0
oddbench,PoliceArrestFraud,491,19,0.05,3|c440ac3220|a3e61c404e,16,0.8421052631578947
oddbench,PoliceForceDisturbance,2400,2128,0.008849557522123894,18|7476a628c5|6065ff1d62,298,0.1400375939849624
oddbench,ProductionRunStatus,2400,900,0.0196078431372549,7|fb68a32570|f97fcf52cf,69,0.07666666666666666
oddbench,ProgrammingAnomalies,2400,245,0.0959409594095941,6|c0fc239de0|3bde561bcb,154,0.6285714285714286
oddbench,PropertyCondition,2400,5139,0.0025232919254658385,7|e3bf51bf24|004525e993,449,0.08737108386845689
oddbench,ProsperLoan,2400,2949,0.028336079077429983,33|32b3994528|6220556e71,434,0.14716853170566294
oddbench,ProteinCodonAnalysis,2400,213,0.004672897196261682,14|70697b741b|2d23e970d3,13,0.06103286384976526
oddbench,ProtestViolence,2400,1925,0.28332092330603126,7|dc32ccb551|225769a6a0,416,0.2161038961038961
oddbench,RacingMotion,2400,2194,0.2496580027359781,10|62a19a4964|90eba1cbfe,322,0.14676390154968094
oddbench,RealEstateBlockType,1005,236,0.14492753623188406,3|e495ced11a|02b7beefc8,213,0.902542372881356
oddbench,RealEstateProperties,2400,137,0.3686635944700461,4|08768e0fef|8894146a87,129,0.9416058394160584
oddbench,RemoteSensingAnomalies,2400,0,1.0,4|9e456915de|05dceb8218,0,1.0
oddbench,RulePriorityAnomalies,1274,904,0.10760118460019744,4|34bcacc8cf|b4aa8eb560,410,0.45353982300884954
oddbench,SMSClassification,1931,701,0.06157965194109773,9|390eb9ab25|6a8c16178e,438,0.6248216833095578
oddbench,SalesOrderPriority,2400,3495,0.11113936927772126,7|8f71713ba9|609603e272,465,0.13304721030042918
oddbench,SalesPerformance,1056,360,0.01098901098901099,7|4338a28257|5f2f0e56b3,302,0.8388888888888889
oddbench,SatelliteAnomaly,2010,15,0.8,36|e6dcdd5486|16dfbc3061,15,1.0
oddbench,SchoolTypeAnomaly,984,26,0.037037037037037035,7|1bd6102957|b59335e32b,23,0.8846153846153846
oddbench,SoftwareQualityMetrics,516,209,0.0,56|d3d51eefaa|45a6c2dde6,195,0.9330143540669856
oddbench,SystemFailureCases,592,206,0.2642857142857143,4|4c9347f12b|927f382bee,197,0.9563106796116505
oddbench,SystemHealth,2400,165,0.9282608695652174,182|e4841d3e63|f0056d9e14,165,1.0
oddbench,TBAnomalyDetection,2400,1715,0.1750841750841751,3|ee1d64fdd5|684ff1680d,413,0.24081632653061225
oddbench,TransactionFeeAnomalies,2400,941,0.025879917184265012,3|cb1d74298f|b28d3305b9,389,0.41339001062699254
oddbench,TransactionService,2400,0,1.0,5|252c0f8201|440acd23c4,0,1.0
oddbench,TreadmillStatus,2400,596,0.009966777408637873,7|c23303fdc0|a57217408a,138,0.23154362416107382
oddbench,TrialBehavior,2400,966,0.06576402321083172,3|1519f54297|d4c5d36381,332,0.34368530020703936
oddbench,UserEventAnomalies,2400,212,0.0782608695652174,3|5a095456f9|0539941408,124,0.5849056603773585
oddbench,UserTrackingAnomalies,503,149,0.10240963855421686,5|2c9e4fc68c|3418d6afb0,146,0.9798657718120806
oddbench,VoteOutcome,2400,286,0.5737704918032787,8|48472d4680|b280009ef7,273,0.9545454545454546
oddbench,VoteResult,1018,0,1.0,5|f90682c386|72b81d87f5,0,1.0
oddbench,WaterChemistry,2372,523,0.3875878220140515,25|fcbaad4d8d|eefffdb70f,407,0.7782026768642447
oddbench,WaterMeterAnomaly,2400,1,0.9993730407523511,5|e4dd8fb735|7fb3b2bff3,1,1.0
oddbench,WaterPointFunctionality,2400,524,0.0,13|775833561c|fc35dbc3ae,196,0.37404580152671757
oddbench,WaterQualityComplaints,493,165,0.040697674418604654,6|2f5ab4b98f|9289442e22,99,0.6
oddbench,WeatherEvents,2400,502,0.007905138339920948,7|817c970dcc|a35202bb5e,40,0.0796812749003984
oddbench,WebTrafficError,2400,30,0.930715935334873,6|4fe6a2ada0|8e656f77c2,30,1.0
oddbench,WindTurbineFault,2400,574,0.003472222222222222,4|74d0db40a2|b13065449d,75,0.13066202090592335
oddbench,WindmillAnomaly,2400,109,0.538135593220339,17|387af95480|25dd9a5970,82,0.7522935779816514
oddbench,WindowsEditionAnomaly,2400,420,0.12317327766179541,26|bbec81a04c|b5b0aeec39,299,0.7119047619047619
oddbench,WorkforceDemographics,2400,86,0.8130434782608695,91|55091021ca|540b232f54,29,0.3372093023255814
oddbench,ZookeeperLogs,2400,590,0.04376012965964344,3|d9dfdf6c57|8ca2b1b03a,21,0.03559322033898305
ovrbench,AbstractAnomalyBatch,2400,296,0.2985781990521327,65|270512c7fd|e346ea3b1e,209,0.706081081081081
ovrbench,ActivityRecognition,1059,0,1.0,75|cdbf3c98c7|41f4c22e92,0,1.0
ovrbench,AirPressure,2400,1000,0.0,168|d30d08eb31|088dfa53e4,580,0.58
ovrbench,AmazonReviewAnomalies,2400,1434,0.08312020460358056,3|25a1b6fbf5|4e508188da,467,0.32566248256624825
ovrbench,BCellImmunity,2400,578,0.17310443490701002,10|90aca6a6c6|97d0bde94b,458,0.7923875432525952
ovrbench,BNG(cmc),2400,4412,0.03541757761259292,2|4ce842962f|1e06cc7f78,386,0.08748866727107887
ovrbench,BankruptcyForecast,2400,188,0.07389162561576355,64|89bc492a70|6add96888e,143,0.7606382978723404
ovrbench,BatchProcessingEvents,2400,818,0.4131994261119082,6|52df74f087|6b08da6333,376,0.45965770171149145
ovrbench,BoundingBoxClassification,2400,3989,0.7356177094379639,4|fdd81e067e|c5abc44f01,503,0.12609676610679368
ovrbench,BoxTracking,2400,85,0.975189725627554,12|0b844fc849|961b7aad0f,51,0.6
ovrbench,BrainEEGSignals,440,231,0.076,14|ec90473025|34e908b222,199,0.8614718614718615
ovrbench,BreastCancer,1364,532,0.13636363636363635,4|22c1ff6d1e|c2128305f6,471,0.8853383458646616
ovrbench,BusinessAnomalies,2400,1025,0.4844064386317907,5|60446e6355|0ef38d6b6f,571,0.5570731707317074
ovrbench,CarSales,2008,0,1.0,4|0f1b466717|1245510ac6,0,1.0
ovrbench,CardiacHealth,2400,3686,0.2975033352391843,5|4d6b8eeb73|8a95aad41e,441,0.11964188822571893
ovrbench,CareerDayAnomaly,1778,88,0.16981132075471697,8|a64ad56e47|237d339cc0,75,0.8522727272727273
ovrbench,CelestialObjects2,2400,1551,0.8289778365861726,14|95e7258530|86908407fc,500,0.3223726627981947
ovrbench,CombatStats,330,175,0.0,11|38c52ee20e|67bd5ee757,141,0.8057142857142857
ovrbench,Contaminant-detection-in-packaged-cocoa-,480,117,0.00847457627118644,30|516a7432d9|f1bf4eb1c9,75,0.6410256410256411
ovrbench,CreditCustomerData,2400,1368,0.0,7|7a1f554889|90634a2339,467,0.34137426900584794
ovrbench,CreditRisk,2400,54,0.865,30|db6e4de114|4b22767969,48,0.8888888888888888
ovrbench,CreditScoringAnomalies,2400,6297,0.040822543792840824,41|b780b9fe2c|4c30e640e0,305,0.048435763061775446
ovrbench,CropWeedDetection,386,86,0.0,4|d2d6960f87|c7e589a9e2,79,0.9186046511627907
ovrbench,CryptoTradingSignals,374,85,0.0,173|50a86bfca7|d922d29df3,80,0.9411764705882353
ovrbench,CryptojackingSystem,2400,417,0.30267558528428096,14|f360483b75|4a917de846,312,0.7482014388489209
ovrbench,CustomerChurn2,2400,1004,0.022395326192794548,5|18b77bfe9f|ca8e150c5d,463,0.46115537848605576
ovrbench,DiabetesMetrics,336,160,0.0,12|3524ac29f5|cdcd500e45,108,0.675
ovrbench,DiabeticRetinopathy,445,76,0.05,16|c9ebc94bb7|14b3fdc6a6,75,0.9868421052631579
ovrbench,DiskHealthPrediction,550,205,0.0,6|61211b23fb|3451e49130,181,0.8829268292682927
ovrbench,ECGAnomaly,1168,322,0.4457831325301205,140|c3b70a7f10|23cead8f19,221,0.6863354037267081
ovrbench,EEGEyeState,2400,1069,0.05648720211827008,14|137927a240|2613638929,462,0.4321796071094481
ovrbench,ElectronicCommerceAnomalies,685,91,0.0,73|2582af2751|d549d15657,87,0.9560439560439561
ovrbench,EmployeePerformance,2400,6974,0.16539013882240305,4|49ae84ef08|05ee725652,353,0.050616575853168914
ovrbench,FICO-HELOC-cleaned,2055,832,0.016548463356973995,21|f9363c62d1|f1fe2e0094,392,0.47115384615384615
ovrbench,FakeNewsPropagation,2400,2094,0.25639204545454547,11|6bf31891df|39d0a763ee,534,0.25501432664756446
ovrbench,FinancialIndicators1,401,95,0.010416666666666666,16|ff428dfbf8|51ec919113,90,0.9473684210526315
ovrbench,FinancialMetricsAnomaly,1568,792,0.09485714285714286,23|b2eebbd2b4|6d3ab4d133,490,0.6186868686868687
ovrbench,FinancialTransaction1,2400,359,0.07474226804123711,102|6e41f1c19f|8a1a12c0fd,228,0.6350974930362117
ovrbench,FinancialTransaction4,2400,1963,0.062111801242236024,7|ec103426f2|16d630f475,501,0.25522159959246055
ovrbench,FireRiskAnalysis,2400,3794,0.006546216286986122,15|6f7e704823|c6601d31e8,356,0.09383236689509752
ovrbench,FootballBetting,2400,0,1.0,7|af4d009ace|7a59ca9662,0,1.0
ovrbench,FootballEfficiency,2400,899,0.14299332697807435,6|6c1c0e698f|e93b9573e2,465,0.5172413793103449
ovrbench,FootballOutcome,508,0,1.0,4|5e5041d246|d13348dea7,0,1.0
ovrbench,GamingBehavior,2000,325,0.1875,23|b33855e4d1|c550e623e9,213,0.6553846153846153
ovrbench,GeneExpressionCoactivator,1374,143,0.7450980392156863,4|563e6a4884|bae1a4d7b6,140,0.9790209790209791
ovrbench,GeneticMutationAnalysis,956,33,0.26666666666666666,12|4e9d9fce00|f386729cf0,33,1.0
ovrbench,GeotechnicalAnomalies,1695,903,0.06230529595015576,6|f2de5ad006|4dbdcadc5c,430,0.47619047619047616
ovrbench,GesturePhaseSegmentationProcessed,1180,550,0.033391915641476276,32|9ca071de6a|7ef1936e80,184,0.33454545454545453
ovrbench,HIVInfection,544,276,0.0,8|9958c0a42f|5308666f8a,175,0.6340579710144928
ovrbench,HeadingDetection,2400,2840,0.008726003490401396,7|c049f6353c|68c4914895,93,0.032746478873239435
ovrbench,HealthActivityObesity,2400,3565,0.04423592493297587,6|2ffcb7c029|315aebd162,402,0.11276297335203365
ovrbench,HealthMetrics,1945,223,0.10441767068273092,3|46f081b920|51fb44285b,181,0.8116591928251121
ovrbench,ImageSegmentation,520,303,0.0,59|76c565fe0f|fbbe879531,259,0.8547854785478548
ovrbench,JobChangePatterns,2400,2862,0.0006983240223463687,3|272a61a6e2|65b768a7e7,425,0.1484975541579315
ovrbench,JobMarket,714,109,0.0,5|3b9549fabc|1063931f29,95,0.8715596330275229
ovrbench,KDD,1007,445,0.030501089324618737,32|0733a2628f|7df7611f82,339,0.7617977528089888
ovrbench,KPIData,2400,372,0.03626943005181347,3|498471d2ab|43a1f6eaeb,199,0.5349462365591398
ovrbench,KenyaMovement,2400,359,0.1025,9|586b526fc4|24220b3b55,297,0.8272980501392758
ovrbench,KickstarterCampaigns,2400,14156,0.5476738241308794,5|d6f53ef141|8264feb246,401,0.028327211076575303
ovrbench,MalariaDetection,2400,1124,0.02515177797051171,5|eb60e44652|0d6c64b51b,176,0.15658362989323843
ovrbench,MalwareHardwareMetrics,2400,497,0.3802992518703242,16|445bc30f2c|7963fccf20,66,0.13279678068410464
ovrbench,MissingInformation1,1025,79,0.7063197026022305,20|395902f201|707ef33311,76,0.9620253164556962
ovrbench,MolecularAnomalies1,471,199,0.0,106|0f9b9648d3|99ee923195,185,0.9296482412060302
ovrbench,MolecularBinding,535,128,0.46443514644351463,10|6d49fafce4|f06826d4de,114,0.890625
ovrbench,NetworkHealthMonitor,2400,1508,0.02268308489954634,22|3e8b950260|83fa5c6286,384,0.2546419098143236
ovrbench,NeuroSignalEEG,2400,13539,0.07127177939360681,12|e839496a0d|5b7eab660a,460,0.03397592141221656
ovrbench,OrbitalAnomalies,591,0,1.0,11|68b0f99952|bed7f818b9,0,1.0
ovrbench,PatientSurvival1,422,65,0.1095890410958904,9|d50295f025|e07990b753,63,0.9692307692307692
ovrbench,PerformanceBenchmark,486,71,0.24468085106382978,4|891731c513|99d3702667,71,1.0
ovrbench,PhysicsTraining,2400,3625,0.11151960784313726,49|0aae4229d1|35044d6706,387,0.10675862068965518
ovrbench,PizzaDetection,800,69,0.5548387096774193,9|e16a6a3eef|b6ddeed4d8,65,0.9420289855072463
ovrbench,PokemonBattle,2400,1086,0.10543657331136738,12|7680a24e83|a29502e5a1,431,0.39686924493554326
ovrbench,PoseDetection,651,331,0.03216374269005848,52|8781dee639|9754be36b0,264,0.797583081570997
ovrbench,PredictiveMaintenance,2400,0,1.0,17|24d67e7023|60d8a61fc7,0,1.0
ovrbench,ProductionWorkflow,487,271,0.03900709219858156,10|f057728ac9|8f33777907,203,0.7490774907749077
ovrbench,PsychoPrediction,2400,14247,0.033184039087947884,3|448f877cad|9d1b17d59f,470,0.03298940127746192
ovrbench,RealEstateData,1486,491,0.0,4|854d3e8102|d2ef3d8174,335,0.6822810590631364
ovrbench,RealEstateListings,2400,4426,0.06427061310782241,6|677241f2ec|4d382aaae5,429,0.09692724807953004
ovrbench,ReviewSentiment,888,51,0.6506849315068494,9|dc7036eb4f|4891305833,47,0.9215686274509803
ovrbench,Run_or_walk_information,2400,3153,0.005362776025236593,6|53b8e98fec|03ecf595ef,232,0.07358071677767206
ovrbench,Satellite,2010,15,0.8,36|e6dcdd5486|16dfbc3061,15,1.0
ovrbench,ScientificMeasurement,459,215,0.22661870503597123,3|560ea5a3e1|14310a054b,192,0.8930232558139535
ovrbench,SensorAnomaly,2400,1122,0.10096153846153846,10|cba95a35b0|e0055e9376,437,0.3894830659536542
ovrbench,SepsisMonitoring,2400,877,0.014606741573033709,12|97ef028c53|1049fd4320,391,0.44583808437856326
ovrbench,ShillBidding,2259,456,0.08433734939759036,8|2355cfb829|e4d2c71183,440,0.9649122807017544
ovrbench,ShuttleOperations,2400,1055,0.5899727944034201,8|8ca85b13d1|b6f7eb66db,212,0.2009478672985782
ovrbench,SolarFlare,2400,7201,0.38310631371541165,15|9edbade8ac|05133c7e50,490,0.0680461047076795
ovrbench,SpatialAnomalies,1022,550,0.13657770800627944,14|657556dbac|78aa6fe40f,465,0.8454545454545455
ovrbench,SpectralImaging,2400,4870,0.24166926191217689,60|fb901137f9|e698d0a683,487,0.1
ovrbench,SpeechAnalysis,2400,318,0.6781376518218624,14|34025c6f34|5fb22e11d9,94,0.29559748427672955
ovrbench,SpotifyHitPredictor,1280,307,0.25304136253041365,13|b51df97f79|e92af39e92,298,0.9706840390879479
ovrbench,StockMarketAnomaly,360,0,1.0,3|7d6dd30ac0|98c27b9e4b,0,1.0
ovrbench,SwampAnomaly,495,214,0.09322033898305085,12|6efe1206cc|6e788b5194,159,0.7429906542056075
ovrbench,SyntheticNumericalBatch,1976,325,0.02694610778443114,128|3737091e57|6aba1fdec6,209,0.6430769230769231
ovrbench,SystemComponents,562,69,0.06756756756756757,6|3a18719aa6|ac53aba3d5,68,0.9855072463768116
ovrbench,SystemPerformance2,2000,50,0.9180327868852459,6|1d1de195e6|8e029cb671,39,0.78
ovrbench,TextAnomalyDetection,2400,1912,0.04922923918448533,9|c3bbd245f4|6ff2d075c6,367,0.19194560669456068
ovrbench,ThermalAnomaly,2400,13,0.9928414096916299,5|c38a00f2da|4782a21194,11,0.8461538461538461
ovrbench,ThyroidFunction,1067,65,0.5112781954887218,6|f1959f5f58|0547c4177b,61,0.9384615384615385
ovrbench,TrafficSensor,2400,917,0.7614464099895941,9|660832c603|299cd8b264,450,0.49073064340239914
ovrbench,TwitterEmotion,1192,610,0.08955223880597014,13|b57a957e70|9c0d747bf3,498,0.8163934426229508
ovrbench,UrlAnalysis,1272,680,0.13924050632911392,15|d13e38ab35|982be1e539,287,0.42205882352941176
ovrbench,UserInteraction1,2400,306,0.8059606848446417,9|da652794d4|b681635aca,139,0.4542483660130719
ovrbench,UserMovieInteractions,2400,5468,0.006360167181537343,17|03800590ad|9935042533,414,0.07571324067300658
ovrbench,ViralProteinFunction,2400,9850,0.212,3|197a0d681d|d1775c3a8e,418,0.04243654822335025
ovrbench,WebpageSessionIntrusion,2400,1990,0.11868910540301152,10|0f8c24577a|5d8756ebe7,310,0.15577889447236182
ovrbench,WellMetrics,430,36,0.0,8|e26314ef27|516a1f3039,12,0.3333333333333333
ovrbench,Word2VecPCA,2400,1435,0.04077540106951872,3|a2e58e6b3f|42665341d9,369,0.2571428571428571
ovrbench,XSSDetection,2400,5628,0.06990580069410014,56|e74676e78a|ba5fa3195e,350,0.06218905472636816
ovrbench,ailerons,2400,1356,0.259825327510917,28|28bd355556|f6a3ba98c8,491,0.362094395280236
ovrbench,compass,2400,1343,0.05754385964912281,9|26e8aa9927|d528eeb1f1,362,0.2695457930007446
ovrbench,dry_bean_dataset,1419,22,0.9288025889967637,16|a4a2571bb9|d6efad6800,21,0.9545454545454546
ovrbench,guillermo,2400,1327,0.0,4279|6845f7fa76|8666a05398,480,0.3617181612660136
ovrbench,internet_firewall,2400,3028,0.26522688667799077,7|75c152f132|15224c6b54,9,0.00297225891677675
ovrbench,jannis,2400,7480,0.029327796522190502,54|fe8fcb6a45|c12323b8a3,478,0.06390374331550802
ovrbench,jasmine,597,133,0.04316546762589928,8|2edda2363a|351c18ca9c,123,0.924812030075188
ovrbench,madeline,632,193,0.0,255|cca189ac4f|42252c844c,175,0.9067357512953368
ovrbench,malware-analysis-datasets-pe-section-hea,2400,1645,0.0463768115942029,4|67234439b4|b4a0f751e7,481,0.2924012158054711
ovrbench,mozilla4,2400,191,0.8086172344689379,4|9bec93845b|47e3ae1a31,130,0.680628272251309
ovrbench,ozone-level-8hr,950,156,0.025,72|d6908263f4|dfdc4c4f02,100,0.6410256410256411
ovrbench,page-blocks,1966,432,0.22857142857142856,10|8acbb2e037|b697b0b7c2,336,0.7777777777777778
ovrbench,philippine,1167,720,0.0,308|2cbad32ec2|eceeb04063,525,0.7291666666666666
ovrbench,rice_cammeo_and_osmancik,872,70,0.5953757225433526,7|81f1751c56|c4c6fefb3a,70,1.0
ovrbench,seismic-bumps,966,155,0.08823529411764706,6|0523a1a914|ec8e0b931a,150,0.967741935483871
ovrbench,sf-police-incidents,2400,269319,0.0,5|c9f429b3d6|9bb3bfa55e,469,0.001741429308737965
ovrbench,students_dropout_and_academic_success,884,269,0.13782051282051283,14|8ab18e83b0|529a635850,254,0.9442379182156134
ovrbench,thyroid-ann,1396,121,0.573943661971831,6|4db7c8b1fd|315ce4822f,116,0.9586776859504132
ovrbench,visualizing_soil,1902,266,0.18902439024390244,3|6075819d31|1399fa08fa,246,0.924812030075188
ovrbench,volcanoes-a4,546,73,0.5133333333333333,3|fefb96e489|84d5577b16,70,0.958904109589041
ovrbench,volkert,2400,724,0.0,147|bab883427d|edb9fcabcc,494,0.6823204419889503
ovrbench,waveform_database_generator_version_1,679,193,0.2661596958174905,21|efa62f6507|b179790054,187,0.9689119170984456
ucr,001_UCR_Anomaly_DISTORTED1sddb40_35000_5,500,43,0.0,28|13bbe5a9d5|36fe12b634,40,0.9302325581395349
ucr,002_UCR_Anomaly_DISTORTED2sddb40_35000_5,500,23,0.0,28|26255ddeed|05309cd922,22,0.9565217391304348
ucr,003_UCR_Anomaly_DISTORTED3sddb40_35000_4,500,23,0.0,28|1721a6b91b|710350e197,23,1.0
ucr,007_UCR_Anomaly_DISTORTEDCIMIS44AirTempe,98,6,0.0,28|649f49cf01|a2ef6ba1c2,6,1.0
ucr,009_UCR_Anomaly_DISTORTEDCIMIS44AirTempe,102,7,0.0,28|650e2732cc|6d824631b1,7,1.0
ucr,013_UCR_Anomaly_DISTORTEDECG3_15000_1600,374,6,0.4,28|7f2facac84|34d95ba96e,5,0.8333333333333334
ucr,014_UCR_Anomaly_DISTORTEDECG3_8000_17000,374,5,0.5,28|f3b4bf06fb|02a8c00bcf,5,1.0
ucr,019_UCR_Anomaly_DISTORTEDGP711MarkerLFM5,150,7,0.0,28|f19bf48e52|38b91ebbd3,7,1.0
ucr,020_UCR_Anomaly_DISTORTEDGP711MarkerLFM5,150,17,0.0,28|761f76de97|a11ffbb488,16,0.9411764705882353
ucr,026_UCR_Anomaly_DISTORTEDInternalBleedin,94,14,0.0,28|4445c370e1|700045c0b7,14,1.0
ucr,035_UCR_Anomaly_DISTORTEDInternalBleedin,91,11,0.0,28|d7233c7f07|9d083c6a29,11,1.0
ucr,036_UCR_Anomaly_DISTORTEDInternalBleedin,84,9,0.0,28|0032e789b7|6bf3c182fb,9,1.0
ucr,038_UCR_Anomaly_DISTORTEDLab2Cmac011215E,374,8,0.0,28|b144ad3f2d|14067766af,8,1.0
ucr,043_UCR_Anomaly_DISTORTEDMesoplodonDensi,308,6,0.5714285714285714,28|00daefde12|9ff132a1ad,6,1.0
ucr,046_UCR_Anomaly_DISTORTEDPowerDemand3_16,374,9,0.0,28|a6a286bbb1|8e1220a83c,9,1.0
ucr,049_UCR_Anomaly_DISTORTEDTkeepFirstMARS_,142,5,0.0,28|c87f85224f|dee7f68dd2,5,1.0
ucr,052_UCR_Anomaly_DISTORTEDTkeepThirdMARS_,140,10,0.0,28|2c8fd0955c|ce313cb9e9,8,0.8
ucr,056_UCR_Anomaly_DISTORTEDapneaecg3_5000_,479,10,0.0,28|9f993b35cb|8ceb88c55f,10,1.0
ucr,057_UCR_Anomaly_DISTORTEDapneaecg4_6000_,478,10,0.0,28|fd282f0e1b|12045171b6,10,1.0
ucr,058_UCR_Anomaly_DISTORTEDapneaecg_10000_,480,8,0.0,28|8e1a3c8ad9|7cf7a2864d,7,0.875
ucr,059_UCR_Anomaly_DISTORTEDgait1_20000_385,500,23,0.0,28|33accbe827|b38da24ff6,23,1.0
ucr,060_UCR_Anomaly_DISTORTEDgait2_22000_465,500,23,0.0,28|3fc3107d37|5c60bf65c3,23,1.0
ucr,062_UCR_Anomaly_DISTORTEDgaitHunt1_18500,500,11,0.0,28|95a32e0c91|4ff4d80b93,11,1.0
ucr,063_UCR_Anomaly_DISTORTEDgaitHunt2_18500,500,37,0.17777777777777778,28|c00022bd22|1d3c451793,36,0.972972972972973
ucr,065_UCR_Anomaly_DISTORTEDinsectEPG1_3000,124,6,0.0,28|413affe8c6|ea26b025af,6,1.0
ucr,066_UCR_Anomaly_DISTORTEDinsectEPG2_3700,119,5,0.0,28|7881e4332c|71274a3320,5,1.0
ucr,072_UCR_Anomaly_DISTORTEDltstdbs30791ES_,500,14,0.125,28|1b2b796cf3|d980bfbe9e,13,0.9285714285714286
ucr,073_UCR_Anomaly_DISTORTEDpark3m_60000_72,500,24,0.04,28|7483470a46|18ee65c0cf,24,1.0
ucr,074_UCR_Anomaly_DISTORTEDqtdbSel1005V_40,450,28,0.034482758620689655,28|99e4ee03f8|fe65722197,26,0.9285714285714286
ucr,075_UCR_Anomaly_DISTORTEDqtdbSel100MLII_,374,29,0.0,28|b6e6388e4b|4f780d440b,27,0.9310344827586207
ucr,078_UCR_Anomaly_DISTORTEDresperation1_10,500,4,0.6923076923076923,28|1f363379a6|73700ccd15,4,1.0
ucr,086_UCR_Anomaly_DISTORTEDsddb49_20000_67,500,20,0.0,28|7b23e91c52|33038b5a75,20,1.0
ucr,087_UCR_Anomaly_DISTORTEDsel840mECG1_170,500,17,0.37037037037037035,28|e9e211bdb8|c1ff25826c,15,0.8823529411764706
ucr,088_UCR_Anomaly_DISTORTEDsel840mECG2_200,473,27,0.0,28|47945ad13f|749d3cbb14,22,0.8148148148148148
ucr,089_UCR_Anomaly_DISTORTEDtiltAPB1_100000,500,8,0.0,28|9e99ee2b7f|2d04511fbc,7,0.875
ucr,091_UCR_Anomaly_DISTORTEDtiltAPB3_40000_,500,28,0.0,28|cd109e4b47|7f54bd1c81,27,0.9642857142857143
ucr,093_UCR_Anomaly_NOISE1sddb40_35000_52000,500,43,0.0,28|45bf09d651|12ef07ea76,38,0.8837209302325582
ucr,094_UCR_Anomaly_NOISEBIDMC1_2500_5400_56,136,17,0.0,28|33c49bde64|4b64d1c462,16,0.9411764705882353
ucr,097_UCR_Anomaly_NOISEGP711MarkerLFM5z3_5,150,7,0.0,28|7a4f1c285c|d860dd8b9b,6,0.8571428571428571
ucr,099_UCR_Anomaly_NOISEInternalBleeding6_1,95,13,0.0,28|615818b332|fd7ac22422,13,1.0
ucr,102_UCR_Anomaly_NOISEMesoplodonDensirost,308,12,0.14285714285714285,28|538358b02e|bb04ed4c0d,10,0.8333333333333334
ucr,103_UCR_Anomaly_NOISETkeepThirdMARS_3500,140,10,0.0,28|2db8eeff52|d4ec686fc2,9,0.9
ucr,104_UCR_Anomaly_NOISEapneaecg4_6000_1600,478,10,0.0,28|1b4357b3c4|054152d729,9,0.9
ucr,105_UCR_Anomaly_NOISEgait3_24500_59900_6,459,36,0.12195121951219512,28|e2cd453f6e|037b455075,35,0.9722222222222222
ucr,106_UCR_Anomaly_NOISEgaitHunt2_18500_312,500,44,0.022222222222222223,28|3862956ada|0ce6799fe0,41,0.9318181818181818
ucr,107_UCR_Anomaly_NOISEinsectEPG3_5200_700,124,7,0.0,28|c0de42202e|f1f5629a1a,7,1.0
ucr,111_UCR_Anomaly_3sddb40_35000_46600_4690,500,23,0.0,28|1704ff5d9e|f93d388e0d,23,1.0
ucr,114_UCR_Anomaly_CIMIS44AirTemperature2_4,102,5,0.0,28|d92ab7eda8|f06b11ca88,5,1.0
ucr,115_UCR_Anomaly_CIMIS44AirTemperature3_4,98,6,0.0,28|9c61ba2012|491a1000e3,6,1.0
ucr,117_UCR_Anomaly_CIMIS44AirTemperature5_4,102,7,0.0,28|5847bcab8a|a6bb4af16f,7,1.0
ucr,121_UCR_Anomaly_ECG3_15000_16000_16100.t,374,9,0.1,28|7920d86528|c7cc73b0e7,8,0.8888888888888888
ucr,122_UCR_Anomaly_ECG3_8000_17000_17100.tx,374,6,0.4,28|22a5acda39|3b1eaedb66,6,1.0
ucr,146_UCR_Anomaly_Lab2Cmac011215EPG2_5000_,374,8,0.0,28|4ee24e9487|83ca5747f9,8,1.0
ucr,151_UCR_Anomaly_MesoplodonDensirostris_1,308,5,0.6428571428571429,28|4224c684f3|2e230324b7,5,1.0
ucr,154_UCR_Anomaly_PowerDemand3_16000_23405,374,9,0.0,28|edd6c2fe02|48b3245c77,9,1.0
ucr,157_UCR_Anomaly_TkeepFirstMARS_3500_5365,142,5,0.0,28|30cfe075a5|f0a9c2b7e9,5,1.0
ucr,160_UCR_Anomaly_TkeepThirdMARS_3500_4711,140,10,0.0,28|97a9b4f966|1d4358ceaf,8,0.8
ucr,164_UCR_Anomaly_apneaecg3_5000_11111_112,479,10,0.0,28|d2a3f8e431|b00b837967,10,1.0
ucr,166_UCR_Anomaly_apneaecg_10000_12240_123,480,8,0.0,28|8f0d559d04|0838b15caa,8,1.0
ucr,167_UCR_Anomaly_gait1_20000_38500_38800.,500,22,0.043478260869565216,28|c26cf2aaaf|0a4888ba4e,22,1.0
ucr,168_UCR_Anomaly_gait2_22000_46500_46800.,500,23,0.0,28|ff4486edac|9cbe2b45db,23,1.0
ucr,170_UCR_Anomaly_gaitHunt1_18500_33070_33,500,6,0.45454545454545453,28|34a3c29436|bfc4734ab3,6,1.0
ucr,171_UCR_Anomaly_gaitHunt2_18500_31200_31,500,38,0.15555555555555556,28|437b1f44b5|8d1c8adf62,36,0.9473684210526315
ucr,173_UCR_Anomaly_insectEPG1_3000_7000_703,124,6,0.0,28|0d4b207548|124b63cbe5,6,1.0
ucr,174_UCR_Anomaly_insectEPG2_3700_8000_802,119,5,0.0,28|cce8970971|40d552e2f9,5,1.0
ucr,181_UCR_Anomaly_park3m_60000_72150_72495,500,17,0.32,28|3596882b3d|fb768252b3,17,1.0
ucr,182_UCR_Anomaly_qtdbSel1005V_4000_12400_,450,29,0.0,28|f6e605b39e|95c33d78b1,25,0.8620689655172413
ucr,183_UCR_Anomaly_qtdbSel100MLII_4000_1340,374,29,0.0,28|b34f0cddb4|e1599ccd8a,28,0.9655172413793104
ucr,195_UCR_Anomaly_sel840mECG1_17000_51370_,500,21,0.2222222222222222,28|c6eb8bb82e|08bb4c7c9f,19,0.9047619047619048
ucr,196_UCR_Anomaly_sel840mECG2_20000_49370_,473,23,0.14814814814814814,28|f08057c60b|cfb501ea65,19,0.8260869565217391
ucr,197_UCR_Anomaly_tiltAPB1_100000_114283_1,500,6,0.25,28|5f0832e68b|560e3729f7,6,1.0
ucr,202_UCR_Anomaly_CHARISfive_10411_10998_1,500,6,0.0,28|c2960eec7f|5f353ebd66,6,1.0
ucr,203_UCR_Anomaly_CHARISfive_10500_10995_1,500,6,0.0,28|9d383e5359|320f9b166a,6,1.0
ucr,206_UCR_Anomaly_CHARISten_25130_29080_29,500,8,0.0,28|d5272a1a71|9c702c77d9,8,1.0
ucr,207_UCR_Anomaly_CHARISten_3165_26929_269,498,7,0.0,28|e9c4750520|ff8b36fd41,7,1.0
ucr,208_UCR_Anomaly_CHARISten_5130_27929_279,500,4,0.42857142857142855,28|80ca768e99|8a966e7eeb,4,1.0
ucr,209_UCR_Anomaly_Fantasia_19000_26970_272,500,23,0.0,28|0403f90c31|cd54d8a8fa,19,0.8260869565217391
ucr,210_UCR_Anomaly_Italianpowerdemand_36123,500,10,0.0,28|dc08e01bb3|58fd575fa8,8,0.8
ucr,211_UCR_Anomaly_Italianpowerdemand_38113,500,10,0.0,28|0812497b22|ff7fbc3f8f,9,0.9
ucr,212_UCR_Anomaly_Italianpowerdemand_8913_,374,6,0.0,28|e5c740620a|4a5408ce9d,6,1.0
ucr,217_UCR_Anomaly_STAFFIIIDatabase_38211_1,500,37,0.17777777777777778,28|cd6b77da05|d65c4243fe,33,0.8918918918918919
ucr,221_UCR_Anomaly_STAFFIIIDatabase_45616_1,500,76,0.06172839506172839,28|1ac542030d|91fe89db03,66,0.868421052631579
ucr,222_UCR_Anomaly_mit14046longtermecg_5612,500,35,0.0,28|6e3c04cd4b|7a94243bc8,33,0.9428571428571428
ucr,223_UCR_Anomaly_mit14046longtermecg_7412,500,35,0.0,28|3002ff88b2|9d03811c3e,31,0.8857142857142857
ucr,228_UCR_Anomaly_mit14134longtermecg_1136,500,3,0.5,28|49c335304a|5367231a48,3,1.0
ucr,239_UCR_Anomaly_taichidbS0715Master_1900,500,8,0.0,28|5f533d8d05|b382561d3e,8,1.0
ucr,240_UCR_Anomaly_taichidbS0715Master_2400,500,6,0.4,28|745b8b1106|55ebc05e9c,5,0.8333333333333334
ucr,242_UCR_Anomaly_tilt12744mtable_100000_1,500,21,0.0,28|84011daf4e|45421b6e9e,18,0.8571428571428571
ucr,244_UCR_Anomaly_tilt12754table_100013_10,500,21,0.0,28|83dfa90f54|86b8b9483b,20,0.9523809523809523
ucr,247_UCR_Anomaly_tilt12755mtable_50211_12,500,9,0.0,28|bffe966fcb|6bc7a0c653,8,0.8888888888888888
ucr,248_UCR_Anomaly_weallwalk_2000_4702_4707,104,5,0.0,28|fe43245818|f5c393a10a,5,1.0
ucr,249_UCR_Anomaly_weallwalk_2753_8285_8315,130,6,0.0,28|009d002c59|c8cdcadd32,5,0.8333333333333334
ucr,250_UCR_Anomaly_weallwalk_2951_7290_7296,130,5,0.0,28|d823ee5955|2ea33adf53,5,1.0
tsbad_u,228_MGAB_id_4_Synthetic_tr_25000_1st_389,495,37,0.0,28|c4abde2b49|06c4abb4fe,37,1.0
tsbad_u,229_MGAB_id_5_Synthetic_tr_25000_1st_330,491,26,0.16129032258064516,28|ed25b5df16|8ffb2b78c1,26,1.0
tsbad_u,230_MGAB_id_6_Synthetic_tr_25000_1st_424,495,37,0.075,28|d1098ff5d6|20de9b4a0d,36,0.972972972972973
tsbad_u,302_Power_id_1_Facility_tr_7685_1st_7785,438,204,0.0,28|65a79e993c|545459ac65,190,0.9313725490196079
tsbad_u,308_UCR_id_6_Facility_tr_20000_1st_56600,500,23,0.0,28|c60b161a04|afbac719e4,22,0.9565217391304348
tsbad_u,314_UCR_id_12_HumanActivity_tr_16250_1st,500,23,0.0,28|13eb4c5a93|f676604386,23,1.0
tsbad_u,327_UCR_id_25_Medical_tr_15000_1st_51370,500,21,0.2222222222222222,28|c6eb8bb82e|08bb4c7c9f,19,0.9047619047619048
tsbad_u,345_UCR_id_43_Facility_tr_25000_1st_4463,500,21,0.0,28|7020d37b88|b26845bbc9,20,0.9523809523809523
tsbad_u,348_UCR_id_46_Facility_tr_9000_1st_12400,450,27,0.03571428571428571,28|214f21d40b|370f800637,25,0.9259259259259259
tsbad_u,368_UCR_id_66_Facility_tr_50000_1st_1257,500,24,0.4666666666666667,28|6fe2f647a7|ad929285e5,23,0.9583333333333334
tsbad_u,381_UCR_id_79_HumanActivity_tr_16000_1st,500,44,0.022222222222222223,28|9f8fa32440|f8ee6e5f84,42,0.9545454545454546
tsbad_u,416_UCR_id_114_Medical_tr_50000_1st_9120,500,35,0.0,28|6e72e29e9a|0f4dc44fb9,34,0.9714285714285714
tsbad_u,430_UCR_id_128_HumanActivity_tr_12500_1s,500,21,0.045454545454545456,28|6978d4d62d|fc9d7a26be,21,1.0
tsbad_u,433_UCR_id_131_Facility_tr_50000_1st_106,500,42,0.06666666666666667,28|602be3714a|6103c8142a,42,1.0
tsbad_u,441_UCR_id_139_Facility_tr_7500_1st_1340,374,29,0.0,28|b6e6388e4b|4f780d440b,27,0.9310344827586207
tsbad_u,461_UCR_id_159_Medical_tr_45096_1st_1312,500,35,0.0,28|bad622c54f|d7fb7a9f2a,32,0.9142857142857143
tsbad_u,497_UCR_id_195_Facility_tr_32372_1st_114,500,28,0.0,28|cd109e4b47|7f54bd1c81,27,0.9642857142857143
tsbad_u,529_UCR_id_227_Facility_tr_19948_1st_520,500,43,0.0,28|6073afcd9a|a91c74a068,43,1.0
tsbad_u,842_OPPORTUNITY_id_1_HumanActivity_tr_72,364,25,0.0,28|21c574e878|aa1304956b,19,0.76
tsbad_u,848_OPPORTUNITY_id_7_HumanActivity_tr_14,215,30,0.0,28|7fe863e39c|fd54f5d5a3,28,0.9333333333333333
tsbad_u,850_OPPORTUNITY_id_9_HumanActivity_tr_89,184,31,0.0,28|9ad9445a43|4f6e2b58eb,27,0.8709677419354839
tsbad_u,854_OPPORTUNITY_id_13_HumanActivity_tr_1,215,30,0.0,28|e684b662e2|b2a5af179e,29,0.9666666666666667
tsbad_u,863_OPPORTUNITY_id_22_HumanActivity_tr_8,56,74,0.02631578947368421,28|84b17fe913|4e4e6c7626,15,0.20270270270270271
tsbad_u,867_OPPORTUNITY_id_26_HumanActivity_tr_8,56,76,0.0,28|dbc5a0818d|7a17779e98,66,0.868421052631579
tsbad_u,868_OPPORTUNITY_id_27_HumanActivity_tr_2,250,59,0.0,28|f9207d0782|de45820ef6,53,0.8983050847457628
adbench,14_glass,82,9,0.0,7|227b3a33cd|70cb50e7d4,9,1.0
adbench,18_Ionosphere,90,126,0.0,32|232a5494fa|f491edf537,121,0.9603174603174603
adbench,19_landsat,2041,1198,0.10127531882970743,36|2522061e24|0426c2e79f,396,0.330550918196995
adbench,20_letter,600,99,0.01,32|49a05ded01|9844be5092,99,1.0
adbench,22_magic.gamma,2400,4574,0.3160885167464115,10|4a09881ea8|575fcaf511,545,0.11915172715347618
adbench,23_mammography,2400,119,0.5423076923076923,6|f9d0a63bb1|cd6970747b,106,0.8907563025210085
adbench,25_musk,1186,97,0.0,166|7961840c5c|4561633f9e,37,0.38144329896907214
adbench,26_optdigits,2027,150,0.0,64|37081c2337|c81ae7d1b3,54,0.36
adbench,27_PageBlocks,1954,384,0.24705882352941178,10|0b7911305f|99b4eb976d,336,0.875
adbench,28_pendigits,2400,154,0.01282051282051282,16|f890ac8303|278c6b581a,91,0.5909090909090909
adbench,29_Pima,200,268,0.0,8|82a0828992|83cababe3c,244,0.9104477611940298
adbench,30_satellite,1760,784,0.6149312377210217,36|0e45673e6e|8dd630975b,384,0.4897959183673469
adbench,31_satimage-2,2293,2,0.971830985915493,36|c21f3edbbe|e98530d568,2,1.0
adbench,32_shuttle,2400,0,1.0,9|213c8bfa02|aaf398ad76,0,1.0
adbench,35_SpamBase,1012,1679,0.0,57|c77cdf9579|f1f90a5f0c,475,0.2829064919594997
adbench,36_speech,1450,61,0.0,400|b2a073be4a|eabddfb8a0,43,0.7049180327868853
adbench,37_Stamps,124,31,0.0,9|fc9ee8792f|38c38d73d4,24,0.7741935483870968
adbench,38_thyroid,1472,16,0.8279569892473119,6|4746d71237|168ac8270f,15,0.9375
adbench,39_vertebral,84,30,0.0,6|7d9505c5cb|e6a9c5e68f,19,0.6333333333333333
adbench,40_vowels,563,41,0.18,12|f904b243dd|e91c1dd34b,37,0.9024390243902439
adbench,41_Waveform,1338,94,0.06,21|f6b39af10f|4778815f75,89,0.9468085106382979
adbench,42_WBC,86,10,0.0,9|17fdb52ef3|bb51f899aa,10,1.0
adbench,43_WDBC,143,10,0.0,30|4390c4bad6|ee6bcff359,10,1.0
adbench,44_Wilt,1825,252,0.019455252918287938,5|7a3f7b312e|32ec5bba64,181,0.7182539682539683
adbench,47_yeast,391,480,0.05325443786982249,8|5e9b1904d0|56181dc5f5,268,0.5583333333333333
adbench,6_cardio,662,117,0.3352272727272727,21|4a7946921d|35eb007889,77,0.6581196581196581
dami,Annthyroid,2400,490,0.08239700374531835,21|4973adbe0d|4f8704b40d,419,0.8551020408163266
dami,Arrhythmia,98,206,0.0,259|eff74b5fd5|f8f64ddbbd,190,0.9223300970873787
dami,Cardiotocography,660,423,0.09227467811158799,21|9c23cc4561|c16780a6f2,250,0.5910165484633569
dami,HeartDisease,60,120,0.0,13|9f18821879|4b237673c2,92,0.7666666666666667
dami,InternetAds,640,368,0.0,1555|f1e3e2ce4b|40bbc267cd,301,0.8179347826086957
dami,PageBlocks,1954,384,0.24705882352941178,10|2ce062c1f8|a9b763c04e,336,0.875
dami,Pima,200,268,0.0,8|baf74f91e8|6f383e160d,244,0.9104477611940298
dami,SpamBase,1012,1679,0.0,57|d84b0b4c54|0b1606830c,474,0.2823108993448481
dami,Stamps,124,31,0.0,9|d2ffb411dd|d29bf95019,24,0.7741935483870968
dami,WBC,86,10,0.0,9|25c1ae6d31|389293b4ad,10,1.0
dami,WDBC,143,10,0.0,30|cb5de84788|1d098b94cf,10,1.0
dami,Waveform,1338,92,0.08,21|d8e8f86c39|7da7800ae1,89,0.967391304347826
dami,Wilt,1825,252,0.019455252918287938,5|1d19441cd0|0e60b06835,181,0.7182539682539683
tsbad_m,103_SVDB_id_20_Medical_tr_12167_1st_1226,2782,415,0.3412698412698413,16|999d926738|8b9d76384d,213,0.5132530120481927
tsbad_m,188_Exathlon_id_15_Facility_tr_12538_1st,1392,1043,0.0,152|ed30b3b455|d8060dd897,600,0.5752636625119847
tsbad_m,028_MITDB_id_10_Medical_tr_37500_1st_399,1852,34,0.22727272727272727,16|46c297b995|86dd153c0b,31,0.9117647058823529
tsbad_m,156_SMAP_id_13_Sensor_tr_1173_1st_2750.c,58,8,0.0,200|21fc992c89|001c9bf9cd,8,1.0
tsbad_m,107_SVDB_id_24_Medical_tr_32805_1st_3290,2817,413,0.31735537190082647,16|695d7ebc3a|c5a559fd98,246,0.5956416464891041
tsbad_m,113_SVDB_id_30_Medical_tr_4552_1st_4652.,2587,738,0.13986013986013987,16|82b96aa883|6898ddc555,542,0.7344173441734417
tsbad_m,003_MSL_id_2_Sensor_tr_883_1st_1238.csv,44,22,0.0,440|12e2be71ba|6e9c719017,21,0.9545454545454546
tsbad_m,147_SMAP_id_4_Sensor_tr_2160_1st_6449.cs,108,11,0.0,200|e5d2b4657f|9ae526c364,11,1.0
tsbad_m,049_GHL_id_18_Sensor_tr_50000_1st_109001,2500,363,0.0,152|c128a3cc33|7cb95f8afe,56,0.15426997245179064
tsbad_m,057_SMD_id_1_Facility_tr_4529_1st_4629.c,283,72,0.0,304|c1a5020d39|6be69c21da,69,0.9583333333333334
tsbad_m,079_LTDB_id_1_Medical_tr_3618_1st_3718.c,747,1132,0.18267148014440432,16|0d735c326a|8869da63df,573,0.5061837455830389
tsbad_m,140_CATSv2_id_3_Sensor_tr_28307_1st_2840,4633,1848,0.0,136|3babbe331d|dcb17f44a5,449,0.24296536796536797
tsbad_m,025_MITDB_id_7_Medical_tr_37500_1st_8886,1851,74,0.7086614173228346,16|eb85b028a8|ae24a7fee8,65,0.8783783783783784
tsbad_m,167_SMAP_id_24_Sensor_tr_2094_1st_5600.c,104,6,0.0,200|bca0015f82|129353f941,6,1.0
tsbad_m,198_Exathlon_id_25_Facility_tr_12538_1st,1392,1043,0.0,152|ed30b3b455|d8060dd897,600,0.5752636625119847
tsbad_m,045_GHL_id_14_Sensor_tr_50000_1st_85076.,2500,118,0.0,152|fd19402599|e05946ffa1,27,0.2288135593220339
tsbad_m,160_SMAP_id_17_Sensor_tr_1832_1st_5300.c,91,32,0.0,200|de5fe6452c|3d81e2fdb1,26,0.8125
tsbad_m,171_SWaT_id_1_Sensor_tr_3749_1st_9522.cs,129,148,0.0,528|78018eb1b9|829e9e8c1d,124,0.8378378378378378
tsbad_m,035_GHL_id_4_Sensor_tr_50000_1st_90001.c,2500,181,0.0,152|eb49ca4d78|6261d6c347,34,0.1878453038674033
tsbad_m,174_Exathlon_id_1_Facility_tr_10766_1st_,538,349,0.0,144|0b87cd1395|50b799f2c0,349,1.0
tsbad_m,014_MSL_id_13_Sensor_tr_1525_1st_4575.cs,76,16,0.0,440|1666054cb3|2487286ade,16,1.0
tsbad_m,165_SMAP_id_22_Sensor_tr_2129_1st_5000.c,106,22,0.45,200|79369282ee|eb1c6129b5,11,0.5
tsbad_m,021_MITDB_id_3_Medical_tr_50000_1st_5759,6095,538,0.13504823151125403,16|f46167d750|a746e84ab3,385,0.7156133828996283
tsbad_m,097_SVDB_id_14_Medical_tr_1031_1st_1131.,2359,2481,0.029342723004694836,16|204617619e|0eeccb6890,531,0.2140266021765417
tsbad_m,141_CATSv2_id_4_Sensor_tr_41727_1st_4182,2378,372,0.09927360774818401,136|881b1cd545|0fbc1b5a24,293,0.7876344086021505
tsbad_m,059_SMD_id_3_Facility_tr_757_1st_857.csv,279,59,0.0,304|e6887c099e|79e106cd9d,57,0.9661016949152542
tsbad_m,115_PSM_id_1_Facility_tr_50000_1st_12987,2170,1745,0.0,200|48c8fcb34d|25e08e4ab5,337,0.19312320916905446
tsbad_m,186_Exathlon_id_13_Facility_tr_10766_1st,538,349,0.0,248|409bc7a630|e7d6d9c6c3,254,0.7277936962750716
tsbad_m,190_Exathlon_id_17_Facility_tr_12538_1st,1392,1043,0.0,152|ed30b3b455|d8060dd897,600,0.5752636625119847
tsbad_m,009_MSL_id_8_Sensor_tr_714_1st_1390.csv,35,6,0.0,440|aebbbccb55|02f8aaf6b0,6,1.0
tsbad_m,022_MITDB_id_4_Medical_tr_50000_1st_5425,3430,752,0.18878101402373246,16|a7709dd9f8|01c99f869e,401,0.5332446808510638
tsbad_m,145_SMAP_id_2_Sensor_tr_2133_1st_5400.cs,106,43,0.0,200|a934f49220|f001b7ff3f,36,0.8372093023255814
tsbad_m,054_GHL_id_23_Sensor_tr_50000_1st_135001,2500,246,0.0,152|4e53215e54|26138ba8e0,42,0.17073170731707318
tsbad_m,001_Genesis_id_1_Sensor_tr_4055_1st_1553,202,11,0.0,144|3a834fcfdb|ecbf2e9a97,11,1.0
tsbad_m,098_SVDB_id_15_Medical_tr_500_1st_303.cs,2732,861,0.3783393501805054,16|6563fa3f1f|558f93cb6f,440,0.5110336817653891
tsbad_m,080_LTDB_id_2_Medical_tr_500_1st_266.csv,799,1320,0.09774436090225563,24|f87ca1e4c2|8ddffed0b7,530,0.4015151515151515
tsbad_m,048_GHL_id_17_Sensor_tr_50000_1st_154001,2500,239,0.0,152|96cb55af23|1d4ff7c30f,51,0.21338912133891214
tsbad_m,164_SMAP_id_21_Sensor_tr_1976_1st_4200.c,98,6,0.14285714285714285,200|29298887ce|c37dfc4794,6,1.0
tsbad_m,168_SMAP_id_25_Sensor_tr_1998_1st_2098.c,106,11,0.42105263157894735,200|1bf6769502|e6c32bcaa1,11,1.0
tsbad_m,047_GHL_id_16_Sensor_tr_50000_1st_77001.,2500,183,0.0,152|69db7f94cb|82ef86800e,28,0.15300546448087432
tsbad_m,067_SMD_id_11_Facility_tr_1980_1st_2080.,237,101,0.0,304|8ae66319af|98fa31066e,85,0.8415841584158416
tsbad_m,095_SVDB_id_12_Medical_tr_6264_1st_6364.,2752,415,0.3555900621118012,16|ca6e84ab92|1ff92f8c86,307,0.7397590361445783
tsbad_m,106_SVDB_id_23_Medical_tr_37500_1st_1219,1828,18,0.6086956521739131,16|4332e609f7|de2c56e3b0,14,0.7777777777777778
tsbad_m,149_SMAP_id_6_Sensor_tr_2128_1st_5000.cs,106,30,0.3181818181818182,200|c17a5d4fd2|09adda25a5,18,0.6
tsbad_m,053_GHL_id_22_Sensor_tr_50000_1st_126448,2500,425,0.0,152|3a20a529b1|cb52f43196,76,0.17882352941176471
tsbad_m,040_GHL_id_9_Sensor_tr_50000_1st_92001.c,2500,157,0.0,152|55b8b12930|93e99dd941,31,0.19745222929936307
tsbad_m,046_GHL_id_15_Sensor_tr_50000_1st_156462,2500,82,0.0,152|739ee1fc89|80220f03c3,27,0.32926829268292684
tsbad_m,101_SVDB_id_18_Medical_tr_1851_1st_1951.,2647,647,0.510590015128593,16|f88879d6c5|5d11fd7d22,384,0.5935085007727975
tsbad_m,153_SMAP_id_10_Sensor_tr_1840_1st_4030.c,92,7,0.0,200|ddec3529ad|c7b956fd7e,6,0.8571428571428571
tsbad_m,099_SVDB_id_16_Medical_tr_1115_1st_1215.,2708,648,0.6072727272727273,16|acba087765|3819470378,494,0.7623456790123457
tsbad_m,075_SMD_id_19_Facility_tr_564_1st_664.cs,282,102,0.0,304|8f2c2a80a4|789eefada3,86,0.8431372549019608
tsbad_m,184_Exathlon_id_11_Facility_tr_11665_1st,582,195,0.0,144|438b73a4f1|69b26484b5,186,0.9538461538461539
tsbad_m,033_GHL_id_2_Sensor_tr_50000_1st_51001.c,2500,123,0.0,152|abff7d6b88|6dbbec9810,24,0.1951219512195122
tsbad_m,169_SMAP_id_26_Sensor_tr_1811_1st_4510.c,90,9,0.0,200|ce6cd57864|75a417a7fc,3,0.3333333333333333
tsbad_m,058_SMD_id_2_Facility_tr_1087_1st_1187.c,354,119,0.0,304|749b44a3ed|f5ea83eef4,119,1.0
tsbad_m,158_SMAP_id_15_Sensor_tr_2075_1st_5610.c,103,6,0.25,200|9ec93e9229|ad1f1980b3,3,0.5
tsbad_m,092_SVDB_id_9_Medical_tr_2674_1st_2774.c,2511,305,0.6441073512252042,16|0328cedef9|361b0824f4,221,0.7245901639344262
tsbad_m,076_SMD_id_20_Facility_tr_5925_1st_17580,296,14,0.0,304|51d1a122a7|d6ddf7427b,14,1.0
tsbad_m,172_SWaT_id_2_Sensor_tr_23700_1st_23800.,4701,3239,0.0,408|e234e00702|0615911de2,269,0.08305032417412782
tsbad_m,065_SMD_id_9_Facility_tr_737_1st_837.csv,206,203,0.0,304|1c9790e653|a4c97faf45,173,0.8522167487684729
tsbad_m,074_SMD_id_18_Facility_tr_7174_1st_21230,358,23,0.0,304|c3881d62fe|d0aaf04930,23,1.0
tsbad_m,133_OPPORTUNITY_id_5_HumanActivity_tr_17,86,30,0.0,1984|84d180fd98|f5bb02c39d,16,0.5333333333333333
tsbad_m,013_MSL_id_12_Sensor_tr_554_1st_1200.csv,27,5,0.0,440|5d165a3dbf|5ea93efe51,5,1.0
tsbad_m,093_SVDB_id_10_Medical_tr_500_1st_37.csv,2593,748,0.5658734764944864,16|88d7b2aec2|38a9e0cc56,439,0.5868983957219251
tsbad_m,041_GHL_id_10_Sensor_tr_50000_1st_57001.,2500,124,0.0,152|2691256e4a|909472be16,19,0.1532258064516129
tsbad_m,073_SMD_id_17_Facility_tr_5926_1st_10620,293,35,0.0,304|e5d13d31a3|8c91357a0d,31,0.8857142857142857
tsbad_m,182_Exathlon_id_9_Facility_tr_10766_1st_,538,349,0.0,248|409bc7a630|e7d6d9c6c3,254,0.7277936962750716
tsbad_m,162_SMAP_id_19_Sensor_tr_1908_1st_4690.c,94,6,0.0,200|e7f07d7cdd|83f012fa71,5,0.8333333333333334
tsbad_m,029_MITDB_id_11_Medical_tr_50000_1st_518,7476,46,0.6461538461538462,16|f0417a30fb|6aea946276,34,0.7391304347826086
tsbad_m,129_OPPORTUNITY_id_1_HumanActivity_tr_18,308,53,0.0,1984|42dba63504|121144f6cd,46,0.8679245283018868
tsbad_m,044_GHL_id_13_Sensor_tr_50000_1st_145001,2500,123,0.0,152|734ff1e0e2|b84b485d20,22,0.17886178861788618
tsbad_m,077_SMD_id_21_Facility_tr_3026_1st_3126.,250,89,0.0,304|ac8050637d|743be70317,83,0.9325842696629213
tsbad_m,084_SVDB_id_1_Medical_tr_12973_1st_13073,2853,214,0.3141025641025641,16|bf7e2cfbb0|570fdd77df,181,0.8457943925233645
tsbad_m,148_SMAP_id_5_Sensor_tr_2011_1st_5060.cs,100,4,0.5,200|169a1756f2|79ffed3ddb,4,1.0
tsbad_m,008_MSL_id_7_Sensor_tr_656_1st_1630.csv,32,23,0.0,440|b6aa2355ef|04a83d9a61,18,0.782608695652174
tsbad_m,185_Exathlon_id_12_Facility_tr_11665_1st,582,195,0.0,144|438b73a4f1|69b26484b5,186,0.9538461538461539
tsbad_m,130_OPPORTUNITY_id_2_HumanActivity_tr_10,64,33,0.0,1984|2216cdf5fd|3067f9bd02,33,1.0
tsbad_m,005_MSL_id_4_Sensor_tr_855_1st_2700.csv,36,9,0.0,440|7aa5be2887|e82b1829fd,7,0.7777777777777778
tsbad_m,012_MSL_id_11_Sensor_tr_539_1st_940.csv,26,11,0.0,440|0c6795498a|14aefce2ac,10,0.9090909090909091
tsbad_m,105_SVDB_id_22_Medical_tr_500_1st_417.cs,1283,1005,0.0625,16|b71bbbec8a|e268dbf4f2,540,0.5373134328358209
tsbad_m,023_MITDB_id_5_Medical_tr_25000_1st_3691,1250,27,0.18181818181818182,16|6b12499113|3c9743dfe3,26,0.9629629629629629
tsbad_m,042_GHL_id_11_Sensor_tr_50000_1st_150001,2500,104,0.0,152|8f4d5685e4|3a6e4bb898,20,0.19230769230769232
tsbad_m,010_MSL_id_9_Sensor_tr_554_1st_1172.csv,27,8,0.0,440|86b92ee5ea|ce3500074e,6,0.75
tsbad_m,183_Exathlon_id_10_Facility_tr_11665_1st,582,195,0.0,144|438b73a4f1|69b26484b5,186,0.9538461538461539
tsbad_m,135_OPPORTUNITY_id_7_HumanActivity_tr_20,256,59,0.0,1984|89c613808d|91cf8c66ab,53,0.8983050847457628
tsbad_m,195_Exathlon_id_22_Facility_tr_10766_1st,538,349,0.0,248|409bc7a630|e7d6d9c6c3,254,0.7277936962750716
tsbad_m,072_SMD_id_16_Facility_tr_7119_1st_15849,352,198,0.0,304|c45d41fd07|148d344ffb,193,0.9747474747474747
tsbad_m,142_CATSv2_id_5_Sensor_tr_30704_1st_3080,4159,1119,0.0,136|9fac085f00|0ae0f18190,415,0.3708668453976765
tsbad_m,139_CATSv2_id_2_Sensor_tr_5592_1st_5692.,2239,416,0.07760532150776053,136|c7a51c081f|1aff6f2cae,240,0.5769230769230769
tsbad_m,109_SVDB_id_26_Medical_tr_1038_1st_1138.,2306,1303,0.3345250255362615,16|9212c2d686|95d1332162,510,0.3914044512663085
tsbad_m,166_SMAP_id_23_Sensor_tr_1113_1st_1890.c,55,6,0.0,200|080cd300a6|b5bd0a04d7,6,1.0
tsbad_m,062_SMD_id_6_Facility_tr_7180_1st_15131.,354,149,0.0,304|06299fb836|8272ff89e1,147,0.9865771812080537
tsbad_m,085_SVDB_id_2_Medical_tr_50000_1st_54982,2674,507,0.33201581027667987,16|af52cf881f|20f91c74a4,421,0.8303747534516766
tsbad_m,091_SVDB_id_8_Medical_tr_500_1st_126.csv,2362,795,0.4448324022346369,16|a29a83258c|1b5d98eb39,532,0.6691823899371069
tsbad_m,051_GHL_id_20_Sensor_tr_50000_1st_75110.,2500,78,0.0,152|44d7315f75|d3790dd3e6,15,0.19230769230769232
tsbad_m,068_SMD_id_12_Facility_tr_1099_1st_1199.,347,34,0.0,304|2c27b81825|4a73403fb9,34,1.0
tsbad_m,096_SVDB_id_13_Medical_tr_500_1st_444.cs,2711,427,0.3490853658536585,16|c11d4e65d3|8ba28bce92,318,0.7447306791569087
tsbad_m,170_SMAP_id_27_Sensor_tr_2160_1st_4690.c,108,7,0.2222222222222222,200|075e5bc415|887a5b9811,6,0.8571428571428571
tsbad_m,086_SVDB_id_3_Medical_tr_533_1st_633.csv,2636,904,0.38419618528610355,16|ff46ecfcf2|58581c5d67,538,0.5951327433628318
tsbad_m,189_Exathlon_id_16_Facility_tr_11663_1st,582,196,0.0,96|f0dd38f50e|7ed05591b5,196,1.0
tsbad_m,151_SMAP_id_8_Sensor_tr_1971_1st_4870.cs,98,9,0.0,200|6e1b8dbede|4cd115cfa3,8,0.8888888888888888
tsbad_m,150_SMAP_id_7_Sensor_tr_2077_1st_5394.cs,104,21,0.0,200|3e98017b91|c06c05af99,19,0.9047619047619048
tsbad_m,055_GHL_id_24_Sensor_tr_50000_1st_118124,2500,67,0.0,152|71e5c2931f|bc62c0d6a0,13,0.19402985074626866
tsbad_m,196_Exathlon_id_23_Facility_tr_11665_1st,582,195,0.0,144|438b73a4f1|69b26484b5,186,0.9538461538461539
tsbad_m,154_SMAP_id_11_Sensor_tr_2117_1st_4770.c,106,11,0.0,200|51987c050c|92746090e7,9,0.8181818181818182
tsbad_m,078_SMD_id_22_Facility_tr_500_1st_326.cs,283,120,0.0,304|8272e43c90|67b591c241,118,0.9833333333333333
tsbad_m,032_GHL_id_1_Sensor_tr_50000_1st_65001.c,2500,123,0.0,152|0676940b84|cb90484ee5,21,0.17073170731707318
tsbad_m,112_SVDB_id_29_Medical_tr_8226_1st_8326.,2828,229,0.0,16|556b0afa51|5edb223451,190,0.8296943231441049
tsbad_m,155_SMAP_id_12_Sensor_tr_1907_1st_4800.c,94,7,0.0,200|3a05d3a32f|c7ec64eb75,7,1.0
tsbad_m,138_CATSv2_id_1_Sensor_tr_16568_1st_1666,1179,137,0.0,136|4efacdab71|323b9e6157,102,0.7445255474452555
tsbad_m,131_OPPORTUNITY_id_3_HumanActivity_tr_70,350,24,0.0,1984|dbed45919d|6e65135f95,19,0.7916666666666666
tsbad_m,108_SVDB_id_25_Medical_tr_1238_1st_1338.,2795,410,0.2743362831858407,16|bcc96dc7f7|28e54e411e,332,0.8097560975609757
tsbad_m,100_SVDB_id_17_Medical_tr_17803_1st_1790,1552,111,0.6763848396501457,16|9610014d78|9eabe4cb95,92,0.8288288288288288
tsbad_m,194_Exathlon_id_21_Facility_tr_6985_1st_,453,323,0.0,96|a145b6fc30|72fe451e62,312,0.9659442724458205
tsbad_m,081_LTDB_id_3_Medical_tr_500_1st_26.csv,663,2080,0.1969111969111969,16|16718da659|230623d9ee,530,0.2548076923076923
tsbad_m,043_GHL_id_12_Sensor_tr_39938_1st_40038.,2500,70,0.0,152|5c759b8430|a822bb59e0,14,0.2
tsbad_m,061_SMD_id_5_Facility_tr_7176_1st_15144.,335,110,0.0,304|e8ad21dddc|ac49bc878e,106,0.9636363636363636
tsbad_m,036_GHL_id_5_Sensor_tr_50000_1st_67147.c,2500,151,0.0,152|8bb2f3cf88|d826142bd3,31,0.2052980132450331
tsbad_m,181_Exathlon_id_8_Facility_tr_11663_1st_,582,196,0.0,96|f0dd38f50e|7ed05591b5,196,1.0
tsbad_m,027_MITDB_id_9_Medical_tr_25000_1st_5225,1250,23,0.25806451612903225,16|df388b4462|1ded10c411,20,0.8695652173913043
tsbad_m,007_MSL_id_6_Sensor_tr_980_1st_3550.csv,48,14,0.0,440|bc2f56114e|0de0e8bb62,13,0.9285714285714286
tsbad_m,177_Exathlon_id_4_Facility_tr_11665_1st_,582,195,0.0,144|438b73a4f1|69b26484b5,186,0.9538461538461539
tsbad_m,200_Exathlon_id_27_Facility_tr_10766_1st,538,349,0.0,248|409bc7a630|e7d6d9c6c3,254,0.7277936962750716
tsbad_m,011_MSL_id_10_Sensor_tr_1525_1st_4590.cs,76,13,0.0,440|2bf8aa8793|490b4b5ba1,13,1.0
tsbad_m,199_Exathlon_id_26_Facility_tr_12538_1st,1392,1043,0.0,152|ed30b3b455|d8060dd897,600,0.5752636625119847
tsbad_m,050_GHL_id_19_Sensor_tr_43750_1st_55001.,2186,75,0.0,152|73c199ba60|616bc83dbf,21,0.28
tsbad_m,056_GHL_id_25_Sensor_tr_50000_1st_105568,2500,208,0.0,152|1e311269f1|8ef6e1ddaa,37,0.1778846153846154
tsbad_m,090_SVDB_id_7_Medical_tr_12157_1st_12257,624,70,0.6888888888888889,16|fa2d7ffc58|87e3ebbd1d,63,0.9
tsbad_m,197_Exathlon_id_24_Facility_tr_10766_1st,538,349,0.0,248|409bc7a630|e7d6d9c6c3,254,0.7277936962750716
tsbad_m,144_SMAP_id_1_Sensor_tr_2052_1st_5300.cs,102,74,0.0,200|0b81e17027|68cbcc4f91,71,0.9594594594594594
tsbad_m,024_MITDB_id_6_Medical_tr_50000_1st_5811,2500,17,0.34615384615384615,16|ac4813a8b6|b24dad0b66,10,0.5882352941176471
tsbad_m,175_Exathlon_id_2_Facility_tr_10684_1st_,582,250,0.0,64|ca8f96e7a7|52bdff9a78,139,0.556
tsbad_m,020_MITDB_id_2_Medical_tr_50000_1st_5231,8124,52,0.2972972972972973,16|8897b4369b|94540baa51,44,0.8461538461538461
tsbad_m,038_GHL_id_7_Sensor_tr_50000_1st_100001.,2500,113,0.0,152|10f8be5421|17d7e8dfd2,20,0.17699115044247787
tsbad_m,136_OPPORTUNITY_id_8_HumanActivity_tr_14,336,47,0.0,1984|d596a77dde|0b836dd0ca,41,0.8723404255319149
tsbad_m,187_Exathlon_id_14_Facility_tr_6193_1st_,518,388,0.0,128|8d9ff8dcdf|ab28d83d50,387,0.9974226804123711
tsbad_m,004_MSL_id_3_Sensor_tr_530_1st_630.csv,30,11,0.0,440|9ce9492c34|c0d91feff7,11,1.0
tsbad_m,070_SMD_id_14_Facility_tr_1070_1st_1170.,358,54,0.0,304|2cd98b153b|4dc5d5f2e9,54,1.0
tsbad_m,071_SMD_id_15_Facility_tr_1109_1st_1209.,346,35,0.0,304|30c08db903|5941dc6576,31,0.8857142857142857
tsbad_m,163_SMAP_id_20_Sensor_tr_2051_1st_4575.c,102,16,0.0,200|2f43c7db12|f738befd61,14,0.875
tsbad_m,143_CATSv2_id_6_Sensor_tr_50000_1st_6023,2417,277,0.0,136|9d9703cf50|90deeeccd1,193,0.6967509025270758
tsbad_m,052_GHL_id_21_Sensor_tr_50000_1st_98001.,2500,64,0.0,152|6c06a82adb|6a2fd4eba4,9,0.140625
tsbad_m,066_SMD_id_10_Facility_tr_2634_1st_2734.,234,92,0.0,304|020c2b323a|99bf411406,90,0.9782608695652174
tsbad_m,039_GHL_id_8_Sensor_tr_50000_1st_63030.c,2500,77,0.0,152|83922d8c99|7b95c56931,14,0.18181818181818182
tsbad_m,134_OPPORTUNITY_id_6_HumanActivity_tr_14,187,26,0.0,1984|686c1ed7c2|7549668bf9,25,0.9615384615384616
tsbad_m,159_SMAP_id_16_Sensor_tr_1757_1st_2650.c,88,26,0.07142857142857142,200|7ea0d1c310|b8eb9e1c8a,16,0.6153846153846154
tsbad_m,157_SMAP_id_14_Sensor_tr_2126_1st_5000.c,106,20,0.25925925925925924,200|402a03782e|df769f6535,11,0.55
tsbad_m,031_MITDB_id_13_Medical_tr_50000_1st_794,5447,677,0.0636237897648686,16|08ccebc5db|5e20546b73,402,0.5937961595273265
tsbad_m,006_MSL_id_5_Sensor_tr_1150_1st_1250.csv,62,39,0.0,440|2802a3cab8|b5b5d0e452,23,0.5897435897435898
tsbad_m,146_SMAP_id_3_Sensor_tr_2128_1st_5000.cs,106,27,0.0,200|c1f381d39f|fbee370c3f,16,0.5925925925925926
tsbad_m,193_Exathlon_id_20_Facility_tr_8898_1st_,494,259,0.0,56|908a7a21ac|01fdfc27b9,147,0.5675675675675675
tsbad_m,176_Exathlon_id_3_Facility_tr_10766_1st_,538,349,0.0,248|409bc7a630|e7d6d9c6c3,254,0.7277936962750716
tsbad_m,015_MSL_id_14_Sensor_tr_575_1st_1250.csv,28,22,0.0,440|e3fab1fc83|8de20f272a,19,0.8636363636363636
tsbad_m,063_SMD_id_7_Facility_tr_5923_1st_6506.c,282,123,0.0,304|9e397088db|c6ea5817a8,112,0.9105691056910569
tsbad_m,191_Exathlon_id_18_Facility_tr_11665_1st,582,195,0.0,144|438b73a4f1|69b26484b5,186,0.9538461538461539
tsbad_m,180_Exathlon_id_7_Facility_tr_10766_1st_,538,349,0.0,248|409bc7a630|e7d6d9c6c3,254,0.7277936962750716
tsbad_m,173_GECCO_id_1_Sensor_tr_16165_1st_16265,1690,311,0.0,72|677b1aed5d|9ccb6ac431,222,0.7138263665594855
tsbad_m,102_SVDB_id_19_Medical_tr_50000_1st_1073,2439,714,0.1697674418604651,16|f484a0fed6|c6aeebcd59,509,0.7128851540616247
tsbad_m,178_Exathlon_id_5_Facility_tr_12538_1st_,1392,1043,0.0,152|ed30b3b455|d8060dd897,600,0.5752636625119847
tsbad_m,088_SVDB_id_5_Medical_tr_500_1st_168.csv,2419,2009,0.07632183908045977,16|0f30432f2a|a12cbb8751,442,0.22000995520159283
tsbad_m,030_MITDB_id_12_Medical_tr_50000_1st_845,7314,1849,0.030922431865828093,16|7f4755bf7f|04c2e40026,477,0.25797728501892914
tsbad_m,152_SMAP_id_9_Sensor_tr_2073_1st_5600.cs,103,24,0.0,200|e569320fdc|c4cd770c62,17,0.7083333333333334
tsbad_m,087_SVDB_id_4_Medical_tr_5421_1st_5521.c,2636,467,0.5859929078014184,16|2cd70e985e|88b67419a9,291,0.6231263383297645
tsbad_m,179_Exathlon_id_6_Facility_tr_11665_1st_,582,195,0.0,248|69ca00bbe7|f2bcbae325,186,0.9538461538461539
tsbad_m,002_MSL_id_1_Sensor_tr_500_1st_900.csv,22,4,0.0,440|4f06d8dbd4|9f1a2759d7,4,1.0
tsbad_m,111_SVDB_id_28_Medical_tr_1791_1st_1891.,2508,1935,0.004629629629629629,16|7f9003e9e1|aad1baee0f,543,0.2806201550387597
tsbad_m,069_SMD_id_13_Facility_tr_5925_1st_12760,255,222,0.0,304|87ed2ea6c5|f9ca275ab5,192,0.8648648648648649
tsbad_m,137_CreditCard_id_1_Finance_tr_500_1st_5,3179,595,0.6067415730337079,232|096e7c8c31|95dacdfda7,267,0.44873949579831934
tsbad_m,192_Exathlon_id_19_Facility_tr_11665_1st,582,195,0.0,144|438b73a4f1|69b26484b5,186,0.9538461538461539
tsbad_m,094_SVDB_id_11_Medical_tr_20100_1st_2361,1004,45,0.5054945054945055,16|bba5401d0d|eff53a50f5,39,0.8666666666666667
tsbad_m,017_MSL_id_16_Sensor_tr_512_1st_1850.csv,25,13,0.0,440|11e5f7c146|1bba39eaaa,11,0.8461538461538461
tsbad_m,064_SMD_id_8_Facility_tr_2272_1st_2372.c,253,88,0.0,304|a9dd3034a6|89846602f3,83,0.9431818181818182
tsbad_m,018_Daphnet_id_1_HumanActivity_tr_9693_1,484,168,0.0,72|973a87a5eb|f21fbcecd5,166,0.9880952380952381
tsbad_m,060_SMD_id_4_Facility_tr_7176_1st_10609.,354,46,0.0,304|a0a2746b6e|ffd86642e0,41,0.8913043478260869
tsbad_m,037_GHL_id_6_Sensor_tr_50000_1st_80001.c,2500,125,0.0,152|8daaffc1b8|1f5b8d5c02,23,0.184
tsbad_m,114_SVDB_id_31_Medical_tr_25000_1st_6309,1250,27,0.22857142857142856,16|6ee80cbeef|c372c4f7a3,26,0.9629629629629629
tsbad_m,132_OPPORTUNITY_id_4_HumanActivity_tr_89,85,31,0.0,1984|6c44d35f7c|f3a9de7046,28,0.9032258064516129
tsbad_m,026_MITDB_id_8_Medical_tr_30495_1st_3059,4824,1258,0.31181619256017507,16|b3afad6ce1|a16442fb20,371,0.294912559618442
tsbad_m,104_SVDB_id_21_Medical_tr_50000_1st_1066,2853,154,0.4253731343283582,16|a626674080|fc3574bf41,139,0.9025974025974026
tsbad_m,110_SVDB_id_27_Medical_tr_30824_1st_3092,2636,480,0.26380368098159507,16|c3f63cd328|14f5a8d683,284,0.5916666666666667
tsbad_m,161_SMAP_id_18_Sensor_tr_2075_1st_5550.c,103,26,0.0,200|de7b655c8a|8687bc509b,18,0.6923076923076923
tsbad_m,089_SVDB_id_6_Medical_tr_50000_1st_83083,2880,144,0.36283185840707965,16|5aa4c08579|3787c5fec8,85,0.5902777777777778
tsbad_m,083_LTDB_id_5_Medical_tr_15502_1st_15602,1242,19,0.6545454545454545,16|79cfe2aa68|199f5f0f8d,15,0.7894736842105263
tsbad_m,082_LTDB_id_4_Medical_tr_4456_1st_4556.c,944,567,0.59644128113879,16|18b41b96f3|28cfba3a61,457,0.8059964726631393
tsbad_m,034_GHL_id_3_Sensor_tr_50000_1st_122001.,2500,128,0.0,152|7924f5275e|2d135aedc0,24,0.1875
tsbad_m,019_MITDB_id_1_Medical_tr_37500_1st_1032,1757,1167,0.0,16|37feb419f7|4972c8e1ff,508,0.43530419880034277
