corpus,dataset,n_norm,n_hard,frac_triv,fp,n_eff,eff_frac,d,dip_frac,mean_dip,bc_frac,gmm_k,silh,dip_proj_frac,dip_proj_minp,bestdir_p,knn_apnorm,anom_dist_ratio,oracle_apnorm,base_rate,truefam,base_rate_full
ovrbench,sf-police-incidents,2400,269319,0.0,5|c9f429b3d6|9bb3bfa55e,469,0.0017414293087379,5,1.0,0.0286199924612347,0.8,6.0,0.2211183537693965,0.0,0.6380322011438091,0.0218012830049836,0.062,1.05,0.149,0.996,local,0.991
ovrbench,PsychoPrediction,2400,14247,0.0331840390879478,3|448f877cad|9d1b17d59f,470,0.0329894012774619,3,0.6666666666666666,0.0123814027145263,1.0,9.0,0.3042561800307897,0.0166666666666666,0.0342068686041946,0.3473820724017968,-0.019,0.92,0.036,0.922,global,0.856
ovrbench,KickstarterCampaigns,2400,14156,0.5476738241308794,5|d6f53ef141|8264feb246,401,0.0283272110765753,5,0.4,0.0152806580519547,0.6,7.0,0.7810296245203276,0.0,0.0948858260264978,0.9982607251290104,0.082,1.13,0.095,0.932,global,0.855
ovrbench,NeuroSignalEEG,2400,13539,0.0712717793936068,12|e839496a0d|5b7eab660a,460,0.0339759214122165,12,0.4166666666666667,0.01420637362681,0.0833333333333333,1.0,0.0901054130590425,0.0,0.5637811813933526,0.927204096052702,0.02,1.01,0.658,0.92,global,0.849
ovrbench,ViralProteinFunction,2400,9850,0.212,3|197a0d681d|d1775c3a8e,418,0.0424365482233502,3,0.3333333333333333,0.0295841399315391,1.0,13.0,0.5700061530442821,0.1,1.588094130977602e-06,0.9952952530545508,0.118,1.53,0.243,0.886,local,0.804
ovrbench,jannis,2400,7480,0.0293277965221905,54|fe8fcb6a45|c12323b8a3,478,0.063903743315508,54,0.1296296296296296,0.0098334318389086,0.3148148148148148,4.0,0.2275015892720169,0.0,0.3483021146529031,0.8943986832803773,0.239,1.05,0.329,0.861,global,0.757
ovrbench,SolarFlare,2400,7201,0.3831063137154116,15|9edbade8ac|05133c7e50,490,0.0680461047076795,15,0.2,0.0129117691633519,0.9333333333333332,15.0,0.4927706398891597,0.0,0.5650084391384017,0.8557799040041671,0.443,1.96,0.487,0.862,global,0.75
oddbench,GlobalTerrorismAttack,2400,6997,0.0002857551078725,5|35f1e9b820|8b091d5a44,374,0.0534514792053737,5,1.0,0.0600139751552794,0.4,13.0,0.2285530958692085,0.0166666666666666,0.0,0.9877266223652936,-0.255,1.0,0.14,0.854,global,0.745
ovrbench,EmployeePerformance,2400,6974,0.165390138822403,4|49ae84ef08|05ee725652,353,0.0506165758531689,4,1.0,0.0363280239790274,0.0,11.0,0.3035590543050142,0.0666666666666666,0.0,0.9942554303994792,-0.074,0.98,0.471,0.839,local,0.744
ovrbench,CreditScoringAnomalies,2400,6297,0.0408225437928408,41|b780b9fe2c|4c30e640e0,305,0.0484357630617754,41,0.8048780487804879,0.065477630857684,0.6097560975609756,13.0,0.2679529790573858,0.0666666666666666,1.4376523788328656e-05,0.0,-0.165,0.85,0.19,0.841,local,0.724
ovrbench,XSSDetection,2400,5628,0.0699058006941001,56|e74676e78a|ba5fa3195e,350,0.0621890547263681,56,0.5892857142857143,0.0390831222378329,0.9285714285714286,14.0,0.921128186947562,0.0,0.8584504515754462,0.9996513604884836,0.206,1.45,0.513,0.825,global,0.701
ovrbench,UserMovieInteractions,2400,5468,0.0063601671815373,17|03800590ad|9935042533,414,0.0757132406730065,17,0.8235294117647058,0.0348856885088279,0.4117647058823529,3.0,0.2555310002900865,0.0,0.6171720304084836,0.571476563844886,0.066,1.01,0.243,0.821,global,0.695
oddbench,PropertyCondition,2400,5139,0.0025232919254658,7|e3bf51bf24|004525e993,449,0.0873710838684568,7,0.5714285714285714,0.0696650286525451,0.7142857142857143,7.0,0.3177742253863018,0.0666666666666666,0.0,0.0,0.034,1.02,0.027,0.811,local,0.682
ovrbench,SpectralImaging,2400,4870,0.2416692619121768,60|fb901137f9|e698d0a683,487,0.1,60,0.8166666666666667,0.0525095679540495,0.45,11.0,0.1750686567478382,0.0333333333333333,0.0195380931022256,0.1336478863675001,0.796,1.41,0.891,0.818,global,0.67
adbench,22_magic.gamma,2400,4574,0.3160885167464115,10|4a09881ea8|575fcaf511,545,0.1191517271534761,10,0.4,0.0155405137670307,0.1,12.0,0.3134283950134648,0.0,0.2889745676408278,0.9379173804391072,0.552,1.34,0.578,0.792,local,0.656
ovrbench,RealEstateListings,2400,4426,0.0642706131078224,6|677241f2ec|4d382aaae5,429,0.09692724807953,6,0.6666666666666666,0.0234701054345186,0.6666666666666666,14.0,0.9616753420039444,0.45,0.0,0.0271418268111811,-0.174,0.99,0.044,0.787,local,0.648
ovrbench,BNG(cmc),2400,4412,0.0354175776125929,2|4ce842962f|1e06cc7f78,386,0.0874886672710788,2,1.0,0.0395259693727849,1.0,12.0,0.4842639478422658,0.1166666666666666,0.0,0.9346846155605254,-0.082,0.93,0.082,0.787,local,0.648
ovrbench,BoundingBoxClassification,2400,3989,0.7356177094379639,4|fdd81e067e|c5abc44f01,503,0.1260967661067936,4,0.75,0.0211367572352052,0.5,15.0,0.3621954088845066,0.2666666666666666,0.0,0.000406648641408,0.925,3.9,0.81,0.745,local,0.624
ovrbench,FireRiskAnalysis,2400,3794,0.0065462162869861,15|6f7e704823|c6601d31e8,356,0.0938323668950975,15,0.5333333333333333,0.0127144404043668,0.2,5.0,0.2693208287327034,0.0,0.1148731480061766,0.9930875271663872,0.1,1.1,0.242,0.761,global,0.613
ovrbench,CardiacHealth,2400,3686,0.2975033352391843,5|4d6b8eeb73|8a95aad41e,441,0.1196418882257189,5,1.0,0.0361766666666666,0.2,15.0,0.232352841273761,0.05,0.0001348091244911,0.9970898394388316,0.961,2.16,0.982,0.75,local,0.606
ovrbench,PhysicsTraining,2400,3625,0.1115196078431372,49|0aae4229d1|35044d6706,387,0.1067586206896551,49,0.5918367346938775,0.0311051240919355,0.5510204081632653,11.0,0.3471235234561448,0.0333333333333333,0.0025158523283841,0.0,-0.018,0.99,0.081,0.751,local,0.602
ovrbench,HealthActivityObesity,2400,3565,0.0442359249329758,6|2ffcb7c029|315aebd162,402,0.1127629733520336,6,0.1666666666666666,0.0083764673178927,0.1666666666666666,7.0,0.4390566666788248,0.0,0.404333926225667,0.9455020319762708,-0.103,1.01,0.015,0.748,local,0.598
oddbench,SalesOrderPriority,2400,3495,0.1111393692777212,7|8f71713ba9|609603e272,465,0.1330472103004291,7,0.2857142857142857,0.0244796732944121,0.7142857142857143,15.0,0.4209909856157338,0.1166666666666666,0.0,0.9902565345020008,0.157,1.26,0.253,0.744,local,0.593
oddbench,MouseInteractionPhase,2400,3246,0.0,5|ecde4a8bf5|ebd00ddcfb,287,0.0884165126309303,5,0.6,0.0398269221306948,0.6,15.0,0.3446182026910919,0.1333333333333333,3.072225943845375e-05,0.339062626283283,0.994,6.1,1.0,0.73,local,0.575
tsbad_m,172_SWaT_id_2_Sensor_tr_23700_1st_23800.,4701,3239,0.0,408|e234e00702|0615911de2,269,0.0830503241741278,408,0.7549668874172185,0.0447888076294817,0.6986754966887417,14.0,0.3281682490750032,0.0,0.1082372635934234,0.0,0.929,311274533.55,0.898,0.408,local,0.408
ovrbench,Run_or_walk_information,2400,3153,0.0053627760252365,6|53b8e98fec|03ecf595ef,232,0.073580716777672,6,1.0,0.0333334530229802,0.1666666666666666,13.0,0.3963953136805272,0.3833333333333333,0.0,0.3690794316465272,0.295,2.04,0.579,0.724,local,0.568
oddbench,ProsperLoan,2400,2949,0.0283360790774299,33|32b3994528|6220556e71,434,0.1471685317056629,33,0.6060606060606061,0.0278651963524894,0.6363636363636364,9.0,0.2450240576674682,0.0166666666666666,0.0001319969370575,0.9971543662892732,0.096,1.07,0.16,0.711,local,0.551
ovrbench,JobChangePatterns,2400,2862,0.0006983240223463,3|272a61a6e2|65b768a7e7,425,0.1484975541579315,3,0.6666666666666666,0.0534,1.0,13.0,0.4619817871422452,0.55,0.0,0.0,0.113,1.28,0.463,0.704,global,0.544
tsbad_m,097_SVDB_id_14_Medical_tr_1031_1st_1131.,2359,2481,0.0293427230046948,16|204617619e|0eeccb6890,531,0.2140266021765417,16,0.8125,0.0697919466275165,0.6875,12.0,0.5810279364127918,0.45,0.0,0.0,0.04,1.06,0.669,0.513,local,0.513
oddbench,CourseRegistration,2400,2202,0.0103370786516853,5|8919abf7a8|16431e2c66,288,0.1307901907356948,5,0.8,0.0357538461538461,0.8,15.0,0.8641522633185676,1.0,0.0,0.0005544158938489,-0.132,0.76,0.104,0.647,local,0.478
oddbench,RacingMotion,2400,2194,0.2496580027359781,10|62a19a4964|90eba1cbfe,322,0.1467639015496809,10,0.8,0.0440170208216921,0.5,14.0,0.2625208213474936,0.1666666666666666,0.0,0.1867059655697611,0.594,1.84,0.999,0.68,local,0.478
oddbench,PoliceForceDisturbance,2400,2128,0.0088495575221238,18|7476a628c5|6065ff1d62,298,0.1400375939849624,18,1.0,0.0424619219039835,0.3333333333333333,6.0,0.2337054315701654,0.0,0.1004538806582838,0.0,-0.024,0.94,0.243,0.64,local,0.47
ovrbench,FakeNewsPropagation,2400,2094,0.2563920454545454,11|6bf31891df|39d0a763ee,534,0.2550143266475644,11,0.6363636363636364,0.0249170259410748,0.8181818181818182,13.0,0.8260957901741848,0.2333333333333333,0.0,0.0,0.413,2.37,0.447,0.645,global,0.466
tsbad_m,088_SVDB_id_5_Medical_tr_500_1st_168.csv,2419,2009,0.0763218390804597,16|0f30432f2a|a12cbb8751,442,0.2200099552015928,16,0.75,0.0528097962923412,0.625,7.0,0.5312740009069272,0.35,0.0,0.0,0.038,1.07,0.194,0.454,local,0.454
ovrbench,WebpageSessionIntrusion,2400,1990,0.1186891054030115,10|0f8c24577a|5d8756ebe7,310,0.1557788944723618,10,1.0,0.051098361453476,1.0,9.0,0.6648152280958558,0.9333333333333332,0.0,1.1675533928556805e-07,-0.071,0.59,0.066,0.611,local,0.453
ovrbench,FinancialTransaction4,2400,1963,0.062111801242236,7|ec103426f2|16d630f475,501,0.2552215995924605,7,1.0,0.0779943333333333,0.7142857142857143,13.0,0.3623878798759034,0.25,0.0,0.0,0.122,1.2,0.302,0.621,local,0.45
tsbad_m,111_SVDB_id_28_Medical_tr_1791_1st_1891.,2508,1935,0.0046296296296296,16|7f9003e9e1|aad1baee0f,543,0.2806201550387597,16,0.8125,0.0731669292731506,0.5,12.0,0.5400724989133912,0.55,0.0,0.0,0.102,1.11,0.751,0.436,local,0.436
oddbench,FinancialTransactionAnomalies,2400,1929,0.0,5|31baa81362|64f37082d8,462,0.23950233281493,5,0.6,0.0165696373799588,0.8,8.0,0.2334474583002041,0.0,0.052738849993461,0.4980483672549854,0.029,1.03,0.1,0.616,local,0.446
oddbench,ProtestViolence,2400,1925,0.2833209233060312,7|dc32ccb551|225769a6a0,416,0.2161038961038961,7,0.7142857142857143,0.03525738343975,0.5714285714285714,15.0,0.9335232366512988,0.25,0.0,0.1561456261709201,0.301,1.73,0.757,0.575,global,0.445
ovrbench,TextAnomalyDetection,2400,1912,0.0492292391844853,9|c3bbd245f4|6ff2d075c6,367,0.1919456066945606,9,0.1111111111111111,0.0063693724178081,0.5555555555555556,5.0,0.443754523851282,0.0,0.3418525704273381,0.9989166049028392,-0.095,1.0,-0.03,0.614,global,0.443
tsbad_m,030_MITDB_id_12_Medical_tr_50000_1st_845,7314,1849,0.030922431865828,16|7f4755bf7f|04c2e40026,477,0.2579772850189291,16,0.6875,0.0338376111951455,0.625,13.0,0.6189959869005058,0.4166666666666667,0.0,0.0,0.107,1.1,0.033,0.199,local,0.202
tsbad_m,140_CATSv2_id_3_Sensor_tr_28307_1st_2840,4633,1848,0.0,136|3babbe331d|dcb17f44a5,449,0.2429653679653679,136,0.4328358208955223,0.0367176734348046,0.5895522388059702,15.0,0.1715399615690047,0.0,0.4730923247477879,0.0,0.744,1.78,0.603,0.285,global,0.285
oddbench,HumanRobotCollaboration,2400,1789,0.0499203398831651,3|0515b43795|f412a5d928,250,0.1397428731134712,3,1.0,0.0410595455041336,0.6666666666666666,7.0,0.3122186671695038,0.25,1.857632762169992e-05,0.0304735374594815,0.429,1.71,0.619,0.601,local,0.427
tsbad_m,115_PSM_id_1_Facility_tr_50000_1st_12987,2170,1745,0.0,200|48c8fcb34d|25e08e4ab5,337,0.1931232091690544,200,0.2,0.0103824219729012,0.285,7.0,0.2753808359324612,0.0,0.4379532444022707,0.9921914667272742,0.317,1.15,0.488,0.446,global,0.446
oddbench,TBAnomalyDetection,2400,1715,0.1750841750841751,3|ee1d64fdd5|684ff1680d,413,0.2408163265306122,3,0.3333333333333333,0.0152235559996193,0.0,7.0,0.2781687795610891,0.0,0.3128893518125503,0.9939374412869324,0.236,1.27,0.362,0.583,local,0.417
dami,SpamBase,1012,1679,0.0,57|d84b0b4c54|0b1606830c,474,0.2823108993448481,57,0.087719298245614,0.0057352469624171,0.9473684210526316,14.0,0.7655068183406402,0.0,0.2178448395825936,0.9920872691845696,0.723,2.51,0.739,0.768,global,0.624
adbench,35_SpamBase,1012,1679,0.0,57|c77cdf9579|f1f90a5f0c,475,0.2829064919594997,57,0.1578947368421052,0.0080267214856254,0.9473684210526316,15.0,0.7642969102815313,0.0,0.351189472248507,0.9965420517964116,0.722,2.5,0.733,0.768,global,0.624
ovrbench,malware-analysis-datasets-pe-section-hea,2400,1645,0.0463768115942029,4|67234439b4|b4a0f751e7,481,0.2924012158054711,4,,,,,,,,,,,,,,0.407
ovrbench,CelestialObjects2,2400,1551,0.8289778365861726,14|95e7258530|86908407fc,500,0.3223726627981947,14,0.4285714285714285,0.0151092633600922,0.1428571428571428,14.0,0.240392056927337,0.0,0.7601526422506729,0.994689814982296,0.597,1.59,0.548,0.56,global,0.393
ovrbench,NetworkHealthMonitor,2400,1508,0.0226830848995463,22|3e8b950260|83fa5c6286,384,0.2546419098143236,22,0.6363636363636364,0.0330965118931868,0.7272727272727273,10.0,0.935980608827562,0.4166666666666667,0.0,0.9923264852405254,0.48,1.91,0.551,0.543,local,0.386
ovrbench,Word2VecPCA,2400,1435,0.0407754010695187,3|a2e58e6b3f|42665341d9,369,0.2571428571428571,3,0.3333333333333333,0.0092740028803776,0.3333333333333333,8.0,0.6604140190751789,0.0833333333333333,0.0,0.0,-0.07,0.94,0.066,0.546,global,0.374
ovrbench,AmazonReviewAnomalies,2400,1434,0.0831202046035805,3|25a1b6fbf5|4e508188da,467,0.3256624825662482,3,1.0,0.0688429893601515,1.0,15.0,0.4943094636150826,0.65,0.0,0.0164018259400469,0.735,5.94,0.77,0.544,global,0.374
oddbench,GeneticVariation,1831,1430,0.0069444444444444,6|62380386af|bc03bba8d8,424,0.2965034965034965,6,0.5,0.0129892415102189,0.8333333333333334,10.0,0.7507985012109868,0.4166666666666667,0.0,0.0017853956019813,0.377,3.04,0.552,0.61,global,0.439
oddbench,BuildingInspections,2400,1426,0.5141396933560477,5|3b188946d2|dd30716b7b,441,0.3092566619915848,5,0.8,0.0794356034966539,0.8,12.0,0.6074442883957317,1.0,0.0,0.0,0.14,2.88,0.221,0.538,global,0.373
ovrbench,CreditCustomerData,2400,1368,0.0,7|7a1f554889|90634a2339,467,0.3413742690058479,7,0.4285714285714285,0.022669377776745,0.5714285714285714,5.0,0.293275058966105,0.1,0.0,0.0,0.084,1.06,0.122,0.533,local,0.363
ovrbench,ailerons,2400,1356,0.259825327510917,28|28bd355556|f6a3ba98c8,491,0.362094395280236,28,0.9285714285714286,0.0628562017871412,0.0,7.0,0.4932590119041763,0.0,0.5589762141431931,0.0026136125655815,0.36,1.4,0.456,0.541,global,0.361
ovrbench,compass,2400,1343,0.0575438596491228,9|26e8aa9927|d528eeb1f1,362,0.2695457930007446,9,1.0,0.0565324765063571,1.0,15.0,0.376959679130008,0.05,0.0,0.6091497326442399,-0.087,0.89,0.086,0.527,local,0.359
ovrbench,guillermo,2400,1327,0.0,4279|6845f7fa76|8666a05398,480,0.3617181612660136,4279,0.0074783827997195,0.0057527512578454,0.9226454779154007,11.0,0.1964056847817136,0.0,0.5926054476049643,0.5329822870850129,-0.002,1.0,-0.003,0.525,global,0.356
tsbad_m,109_SVDB_id_26_Medical_tr_1038_1st_1138.,2306,1303,0.3345250255362615,16|9212c2d686|95d1332162,510,0.3914044512663085,16,0.6875,0.0455051803395824,0.4375,14.0,0.5103651505737163,0.4166666666666667,0.0,0.0,0.163,1.2,0.147,0.366,local,0.361
tsbad_m,026_MITDB_id_8_Medical_tr_30495_1st_3059,4824,1258,0.311816192560175,16|b3afad6ce1|a16442fb20,371,0.294912559618442,16,0.5625,0.0223486594406126,0.6875,11.0,0.5755673076327408,0.2833333333333333,0.0,0.0,0.101,1.08,0.174,0.199,local,0.207
oddbench,DiamondClarity,2400,1241,0.0648078372268274,10|cff8007749|318c2c89d5,263,0.2119258662369057,10,1.0,0.0472321768116943,0.3,13.0,0.3141484979259667,0.0166666666666666,0.0476023503214423,0.0,-0.023,0.95,0.851,0.508,local,0.341
adbench,19_landsat,2041,1198,0.1012753188297074,36|2522061e24|0426c2e79f,396,0.330550918196995,36,1.0,0.0362162458397337,0.25,11.0,0.5092036062111303,0.6,0.0,0.0,0.389,1.44,0.595,0.54,local,0.37
tsbad_m,019_MITDB_id_1_Medical_tr_37500_1st_1032,1757,1167,0.0,16|37feb419f7|4972c8e1ff,508,0.4353041988003427,16,0.4375,0.0181134804342952,0.5625,15.0,0.5109473510313107,0.1833333333333333,0.0,0.0,0.221,1.4,0.408,0.399,local,0.399
ovrbench,MalariaDetection,2400,1124,0.0251517779705117,5|eb60e44652|0d6c64b51b,176,0.1565836298932384,5,0.8,0.0321494310496111,1.0,11.0,0.693447790908423,1.0,0.0,0.0,-0.04,1.46,0.669,0.478,global,0.319
ovrbench,SensorAnomaly,2400,1122,0.1009615384615384,10|cba95a35b0|e0055e9376,437,0.3894830659536542,10,0.2,0.0155662503841673,0.3,5.0,0.2659276261788026,0.0333333333333333,0.0001079912973871,2.0373866699174847e-05,0.012,1.04,0.145,0.483,local,0.319
tsbad_m,142_CATSv2_id_5_Sensor_tr_30704_1st_3080,4159,1119,0.0,136|9fac085f00|0ae0f18190,415,0.3708668453976765,136,0.4477611940298507,0.0367450317659168,0.5373134328358209,8.0,0.1484252112319642,0.0,0.3239934212983693,0.0173182206252576,0.537,1.23,0.452,0.212,global,0.212
oddbench,GPUResourceUsage,2400,1094,0.0161870503597122,4|0182ef39ce|afe2cdc64b,246,0.2248628884826325,4,1.0,0.0342510015634786,1.0,14.0,0.9459270504717792,1.0,0.0,0.0,-0.007,1.66,0.47,0.477,local,0.313
ovrbench,PokemonBattle,2400,1086,0.1054365733113673,12|7680a24e83|a29502e5a1,431,0.3968692449355432,12,1.0,0.0345153769841269,0.0,4.0,0.1803901590584045,0.0,0.2769904195800717,0.0781532553036994,0.202,1.21,0.313,0.473,local,0.312
ovrbench,EEGEyeState,2400,1069,0.05648720211827,14|137927a240|2613638929,462,0.4321796071094481,14,0.4285714285714285,0.0137379129016993,0.7142857142857143,11.0,0.9823577338338236,0.0,0.4666821252852754,0.9945984728473422,0.475,1.25,0.827,0.469,local,0.308
ovrbench,ShuttleOperations,2400,1055,0.5899727944034201,8|8ca85b13d1|b6f7eb66db,212,0.2009478672985782,8,1.0,0.0518229166666666,0.75,14.0,0.4963499586306484,0.0,0.2475196818825539,0.9917725966594834,0.965,6.57,0.932,0.47,local,0.305
tsbad_m,188_Exathlon_id_15_Facility_tr_12538_1st,1392,1043,0.0,152|ed30b3b455|d8060dd897,600,0.5752636625119847,152,0.5562913907284768,0.0415102649864102,0.6026490066225165,15.0,0.9226967706090736,0.0166666666666666,9.047332599765312e-07,0.0,,,0.999,0.428,global,0.428
ovrbench,BusinessAnomalies,2400,1025,0.4844064386317907,5|60446e6355|0ef38d6b6f,571,0.5570731707317074,5,0.8,0.0879544274546903,0.8,15.0,0.5661777428659462,0.25,0.0,0.0,0.353,2.4,0.401,0.454,local,0.299
oddbench,BarExamPrediction,2400,1014,0.0231213872832369,10|cd9649be5d|20282d5bbb,535,0.5276134122287969,10,0.6,0.0410971798456008,0.4,15.0,0.2122229743177207,0.0,0.6001745934060707,0.9961838595546862,0.458,1.43,0.601,0.462,global,0.297
tsbad_m,105_SVDB_id_22_Medical_tr_500_1st_417.cs,1283,1005,0.0625,16|b71bbbec8a|e268dbf4f2,540,0.5373134328358209,16,0.8125,0.0618943269749512,0.625,14.0,0.5050063861795978,0.4,0.0,0.0,0.073,1.17,0.174,0.283,local,0.439
ovrbench,CustomerChurn2,2400,1004,0.0223953261927945,5|18b77bfe9f|ca8e150c5d,463,0.4611553784860557,5,1.0,0.066604412568306,0.6,10.0,0.3181587398767878,0.1833333333333333,0.0,0.0,0.133,2.46,0.382,0.457,local,0.295
ovrbench,AirPressure,2400,1000,0.0,168|d30d08eb31|088dfa53e4,580,0.58,168,0.6964285714285714,0.0295061136032305,0.988095238095238,11.0,0.8622816712635581,0.1333333333333333,0.0,0.0,0.925,33.27,0.944,0.455,global,0.294
oddbench,TrialBehavior,2400,966,0.0657640232108317,3|1519f54297|d4c5d36381,332,0.3436853002070393,3,0.0,0.0065446479939454,0.0,4.0,0.3461080229990177,0.0,0.4951734284108212,0.9983612786440366,-0.007,1.04,0.136,0.446,global,0.287
oddbench,TransactionFeeAnomalies,2400,941,0.025879917184265,3|cb1d74298f|b28d3305b9,389,0.4133900106269925,3,1.0,0.0383425925925926,1.0,14.0,0.9923548212169928,0.6666666666666666,0.0,0.0002687449746594,0.642,139.48,0.759,0.441,global,0.282
ovrbench,TrafficSensor,2400,917,0.7614464099895941,9|660832c603|299cd8b264,450,0.4907306434023991,9,1.0,0.0731357665689401,0.5555555555555556,13.0,0.2762253147035185,0.4333333333333333,0.0,0.0,0.803,2.53,0.769,0.433,local,0.276
oddbench,RulePriorityAnomalies,1274,904,0.1076011846001974,4|34bcacc8cf|b4aa8eb560,410,0.4535398230088495,4,1.0,0.0333832207207206,0.75,13.0,0.4042702022698672,0.25,0.0,0.6425312089976487,0.207,1.2,0.251,0.587,local,0.415
tsbad_m,086_SVDB_id_3_Medical_tr_533_1st_633.csv,2636,904,0.3841961852861035,16|ff46ecfcf2|58581c5d67,538,0.5951327433628318,16,0.9375,0.0576404307549232,0.4375,12.0,0.5569893216861063,0.6166666666666667,0.0,0.0,0.183,1.2,0.172,0.252,local,0.255
ovrbench,GeotechnicalAnomalies,1695,903,0.0623052959501557,6|f2de5ad006|4dbdcadc5c,430,0.4761904761904761,6,0.3333333333333333,0.0146894867245466,0.3333333333333333,9.0,0.229431205549935,0.0,0.1759893965733175,0.0982319634744304,0.025,1.07,0.176,0.516,local,0.348
ovrbench,FootballEfficiency,2400,899,0.1429933269780743,6|6c1c0e698f|e93b9573e2,465,0.5172413793103449,6,0.1666666666666666,0.0143325635482174,0.0,3.0,0.1352051207427532,0.0,0.4831780183232657,0.0,0.254,1.32,0.382,0.429,local,0.273
ovrbench,SepsisMonitoring,2400,877,0.0146067415730337,12|97ef028c53|1049fd4320,391,0.4458380843785632,12,0.8333333333333334,0.0397071313757965,0.5,12.0,0.222360233477856,0.0,0.7126175590295487,0.8531159026437338,0.179,1.09,0.217,0.421,local,0.268
tsbad_m,098_SVDB_id_15_Medical_tr_500_1st_303.cs,2732,861,0.3783393501805054,16|6563fa3f1f|558f93cb6f,440,0.5110336817653891,16,0.75,0.041754971958165,0.5,7.0,0.5260252088095264,0.4166666666666667,0.0,0.0,0.075,1.11,0.209,0.236,local,0.24
oddbench,HealthPulse,2400,846,0.0196987253765932,28|c5f14a097e|c0d06c5154,459,0.5425531914893617,28,0.6071428571428571,0.032949141499202,0.1071428571428571,6.0,0.2263887973168254,0.0,0.7106276006646846,0.99744131451911,0.053,1.05,0.158,0.416,local,0.261
ovrbench,FICO-HELOC-cleaned,2055,832,0.0165484633569739,21|f9363c62d1|f1fe2e0094,392,0.4711538461538461,21,0.9523809523809524,0.071075502044252,0.238095238095238,7.0,0.1329675615135707,0.0,0.5409188523118769,0.9958710931678294,-0.022,1.01,0.113,0.447,local,0.288
ovrbench,BatchProcessingEvents,2400,818,0.4131994261119082,6|52df74f087|6b08da6333,376,0.4596577017114914,6,1.0,0.0645270172777648,1.0,14.0,0.700304003064721,0.5666666666666667,0.0,0.0,-0.05,0.63,0.013,0.404,global,0.254
tsbad_m,091_SVDB_id_8_Medical_tr_500_1st_126.csv,2362,795,0.4448324022346369,16|a29a83258c|1b5d98eb39,532,0.6691823899371069,16,0.9375,0.0677370649185666,0.625,14.0,0.5301807531580179,0.7333333333333333,0.0,0.0,0.251,1.74,0.531,0.347,global,0.252
ovrbench,FinancialMetricsAnomaly,1568,792,0.0948571428571428,23|b2eebbd2b4|6d3ab4d133,490,0.6186868686868687,23,0.1304347826086956,0.0094895337458031,0.1739130434782608,3.0,0.378717857242343,0.0,0.5382631850027538,0.0,0.114,1.06,0.132,0.503,global,0.336
adbench,30_satellite,1760,784,0.6149312377210217,36|0e45673e6e|8dd630975b,384,0.4897959183673469,36,1.0,0.040612957066082,0.5555555555555556,9.0,0.4967521758037542,0.6833333333333333,0.0,0.0,0.308,1.18,0.425,0.471,global,0.308
tsbad_m,022_MITDB_id_4_Medical_tr_50000_1st_5425,3430,752,0.1887810140237324,16|a7709dd9f8|01c99f869e,401,0.5332446808510638,16,0.8125,0.0395577249228462,0.75,15.0,0.594108056505604,0.4166666666666667,0.0,0.0,0.132,1.21,0.135,0.181,local,0.18
tsbad_m,093_SVDB_id_10_Medical_tr_500_1st_37.csv,2593,748,0.5658734764944864,16|88d7b2aec2|38a9e0cc56,439,0.5868983957219251,16,0.8125,0.0339928071029464,0.5625,11.0,0.547907276708907,0.3,0.0,0.0,0.09,1.15,0.144,0.224,local,0.224
tsbad_m,113_SVDB_id_30_Medical_tr_4552_1st_4652.,2587,738,0.1398601398601398,16|82b96aa883|6898ddc555,542,0.7344173441734417,16,0.8125,0.0826922987148933,0.6875,11.0,0.6009558679611728,0.5666666666666667,0.0,0.0,0.079,1.18,0.563,0.222,global,0.222
ovrbench,volkert,2400,724,0.0,147|bab883427d|edb9fcabcc,494,0.6823204419889503,147,0.54421768707483,0.0164273266647724,0.4421768707482993,10.0,0.2891815151071975,0.0,0.761324108870245,0.6218785764866332,0.353,1.23,0.887,0.376,global,0.232
ovrbench,philippine,1167,720,0.0,308|2cbad32ec2|eceeb04063,525,0.7291666666666666,308,0.1233766233766233,0.0081906384675896,0.1136363636363636,8.0,0.2535156278404082,0.0,0.2722704516132086,1.0,0.259,1.04,0.379,0.552,global,0.382
tsbad_m,102_SVDB_id_19_Medical_tr_50000_1st_1073,2439,714,0.1697674418604651,16|f484a0fed6|c6aeebcd59,509,0.7128851540616247,16,0.8125,0.0495279757839546,0.5625,13.0,0.6182468441260569,0.5333333333333333,0.0,0.0,0.138,1.46,0.75,0.226,local,0.226
oddbench,FantasyFootball,942,703,0.0126404494382022,10|3c42523b17|c9419a2e98,378,0.5376955903271693,10,0.8,0.0508144052377075,0.6,9.0,0.2763380193026903,0.0,0.6660025634248374,0.9736891263795484,0.962,2.4,0.786,0.599,global,0.427
oddbench,SMSClassification,1931,701,0.0615796519410977,9|390eb9ab25|6a8c16178e,438,0.6248216833095578,9,0.8888888888888888,0.0283544446629262,0.3333333333333333,15.0,0.2814973197849881,0.0166666666666666,0.0001634573552975,0.9932662409119472,0.847,5.02,0.812,0.421,global,0.266
ovrbench,UrlAnalysis,1272,680,0.1392405063291139,15|d13e38ab35|982be1e539,287,0.4220588235294117,15,0.8666666666666667,0.0419876374562119,0.6666666666666666,12.0,0.2459747029245939,0.0333333333333333,0.0014777659490489,0.0029800575731873,0.325,1.53,0.539,0.517,global,0.348
tsbad_m,031_MITDB_id_13_Medical_tr_50000_1st_794,5447,677,0.0636237897648686,16|08ccebc5db|5e20546b73,402,0.5937961595273265,16,0.625,0.0322919404832812,0.625,14.0,0.558231462785913,0.4333333333333333,0.0,0.0,0.044,1.15,0.019,0.11,local,0.111
tsbad_m,099_SVDB_id_16_Medical_tr_1115_1st_1215.,2708,648,0.6072727272727273,16|acba087765|3819470378,494,0.7623456790123457,16,0.75,0.0256373654352286,0.5,11.0,0.537937127003188,0.3166666666666666,0.0,0.0,0.106,1.16,0.209,0.195,local,0.193
tsbad_m,101_SVDB_id_18_Medical_tr_1851_1st_1951.,2647,647,0.510590015128593,16|f88879d6c5|5d11fd7d22,384,0.5935085007727975,16,0.8125,0.0488764372373587,0.3125,14.0,0.4918694163255906,0.5666666666666667,0.0,0.0,0.17,1.25,0.152,0.195,local,0.196
ovrbench,TwitterEmotion,1192,610,0.0895522388059701,13|b57a957e70|9c0d747bf3,498,0.8163934426229508,13,0.1538461538461538,0.0099053823240179,0.4615384615384615,9.0,0.1367056095139464,0.0,0.2444211535977759,0.8311762235825545,0.122,1.07,0.182,0.506,local,0.339
oddbench,TreadmillStatus,2400,596,0.0099667774086378,7|c23303fdc0|a57217408a,138,0.2315436241610738,7,1.0,0.046302757571607,0.2857142857142857,13.0,0.4296071049427786,0.7,0.0,0.0,0.532,3.11,0.741,0.332,local,0.199
tsbad_m,137_CreditCard_id_1_Finance_tr_500_1st_5,3179,595,0.6067415730337079,232|096e7c8c31|95dacdfda7,267,0.4487394957983193,232,0.0775862068965517,0.008295783552294,0.25,7.0,0.3267157184374225,0.0,0.597539168104197,0.9721977847894324,0.217,1.12,0.66,0.322,global,0.158
ovrbench,BCellImmunity,2400,578,0.17310443490701,10|90aca6a6c6|97d0bde94b,458,0.7923875432525952,10,0.4,0.0237166139020778,0.4,15.0,0.2272938728480106,0.0,0.1417753599753092,0.9561551418091144,0.111,1.16,0.296,0.325,global,0.194
tsbad_m,082_LTDB_id_4_Medical_tr_4456_1st_4556.c,944,567,0.59644128113879,16|18b41b96f3|28cfba3a61,457,0.8059964726631393,16,0.875,0.0712308259755835,0.75,10.0,0.6004332795201316,0.55,0.0,0.0,0.227,1.34,0.319,0.384,local,0.375
ovrbench,GesturePhaseSegmentationProcessed,1180,550,0.0333919156414762,32|9ca071de6a|7ef1936e80,184,0.3345454545454545,32,0.0,0.0037784209638306,0.125,8.0,0.4146517424166591,0.0,0.9725892653336712,0.9918089723608248,-0.158,0.49,0.438,0.482,local,0.318
ovrbench,SpatialAnomalies,1022,550,0.1365777080062794,14|657556dbac|78aa6fe40f,465,0.8454545454545455,14,0.0,0.0055260621921293,0.0,2.0,0.1688723574151714,0.0,0.7486448060383748,0.9746828560414872,0.396,1.16,0.63,0.518,local,0.35
oddbench,AttackIncidents,1803,547,0.0054545454545454,6|f6d8fac96d|c317a43d71,377,0.6892138939670932,6,1.0,0.0591691238478857,0.5,13.0,0.3738472554550849,0.35,0.0,0.0,-0.011,1.0,0.062,0.378,local,0.233
tsbad_m,021_MITDB_id_3_Medical_tr_50000_1st_5759,6095,538,0.135048231511254,16|f46167d750|a746e84ab3,385,0.7156133828996283,16,0.75,0.037608850142135,0.75,15.0,0.4488993281891319,0.4833333333333333,0.0,4.473433455332021e-06,0.417,1.44,0.512,0.082,local,0.081
ovrbench,BreastCancer,1364,532,0.1363636363636363,4|22c1ff6d1e|c2128305f6,471,0.8853383458646616,4,1.0,0.0465625,0.5,11.0,0.3534264392805573,0.0,0.0996655393668886,0.9753018681606238,0.134,1.36,0.221,0.438,global,0.281
oddbench,WaterPointFunctionality,2400,524,0.0,13|775833561c|fc35dbc3ae,196,0.3740458015267175,13,0.3846153846153846,0.0221047761215822,0.3846153846153846,14.0,0.2619473613895113,0.0333333333333333,0.0,0.0,0.013,1.03,0.134,0.304,local,0.179
oddbench,WaterChemistry,2372,523,0.3875878220140515,25|fcbaad4d8d|eefffdb70f,407,0.7782026768642447,25,0.2,0.0085278202447258,0.76,15.0,0.5382530240364308,0.0,0.7150340611697962,0.9977709093502256,0.216,1.85,0.645,0.306,local,0.181
tsbad_m,085_SVDB_id_2_Medical_tr_50000_1st_54982,2674,507,0.3320158102766798,16|af52cf881f|20f91c74a4,421,0.8303747534516766,16,0.875,0.0895819791263875,0.75,12.0,0.5834131721887086,0.5166666666666667,0.0,0.0,0.173,1.25,0.209,0.159,local,0.159
ovrbench,RealEstateData,1486,491,0.0,4|854d3e8102|d2ef3d8174,335,0.6822810590631364,4,0.75,0.0252154806367088,0.75,8.0,0.2240372150745777,0.1666666666666666,0.0,0.0,0.98,1.73,0.506,0.398,global,0.248
dami,Annthyroid,2400,490,0.0823970037453183,21|4973adbe0d|4f8704b40d,419,0.8551020408163266,21,0.6190476190476191,0.0266693916202844,0.7619047619047619,15.0,0.2825010446434657,0.1,0.0,0.9867741069625148,0.497,2.62,0.636,0.292,global,0.17
oddbench,EmailSpamDetection,965,481,0.0,72|a1efd02705|4858ce8105,402,0.8357588357588358,72,0.3611111111111111,0.0244298124203948,0.6111111111111112,10.0,0.4806109470690557,0.0,0.6049841574491611,0.9968244389023664,0.642,2.32,0.746,0.499,global,0.333
tsbad_m,110_SVDB_id_27_Medical_tr_30824_1st_3092,2636,480,0.263803680981595,16|c3f63cd328|14f5a8d683,284,0.5916666666666667,16,0.625,0.0638970591140734,0.5,15.0,0.4787287582061934,0.4,0.0,0.0,0.084,1.23,0.112,0.146,local,0.154
oddbench,FishingAnomalies,2400,476,0.0185567010309278,3|90d079a1dc|353737b4cf,135,0.2836134453781512,3,1.0,0.0351520158598399,1.0,13.0,0.5257340049341913,1.0,0.0,8.648978000092011e-05,0.003,0.0,0.337,0.284,local,0.166
tsbad_m,087_SVDB_id_4_Medical_tr_5421_1st_5521.c,2636,467,0.5859929078014184,16|2cd70e985e|88b67419a9,291,0.6231263383297645,16,0.875,0.0863435001388356,0.625,13.0,0.5528972486665691,0.6666666666666666,0.0,0.0,0.107,1.12,0.242,0.152,local,0.15
oddbench,AquaticMacroInverts,833,458,0.0234541577825159,23|e3fe7ff184|18ad3d803e,222,0.4847161572052402,23,0.4782608695652174,0.0196250780993735,0.4347826086956521,8.0,0.2649694393258093,0.0166666666666666,0.0283044085950894,0.9989576487815084,0.943,1.77,0.758,0.523,global,0.355
ovrbench,ShillBidding,2259,456,0.0843373493975903,8|2355cfb829|e4d2c71183,440,0.9649122807017544,8,1.0,0.067194559498637,0.875,14.0,0.2540054054208616,0.15,0.0,0.0,0.651,2.74,0.718,0.288,global,0.168
oddbench,ArtSalesPlatform,2400,450,0.0909090909090909,4|bd4ee9b9f9|d884ae597a,233,0.5177777777777778,4,0.5,0.0172564276248949,1.0,14.0,0.6053785454527411,0.45,0.0,0.6241790712359832,-0.003,1.08,0.233,0.273,global,0.158
ovrbench,KDD,1007,445,0.0305010893246187,32|0733a2628f|7df7611f82,339,0.7617977528089888,32,0.71875,0.0365723469442507,0.78125,11.0,0.8855570746725632,0.0,0.5272045616497789,0.0,-0.003,1.04,0.071,0.469,global,0.306
ovrbench,page-blocks,1966,432,0.2285714285714285,10|8acbb2e037|b697b0b7c2,336,0.7777777777777778,10,0.1,0.0162455861111111,0.6,15.0,0.5907788162508036,0.0,0.5890510924794399,0.7171486302252548,0.792,5.58,0.739,0.305,global,0.18
tsbad_m,096_SVDB_id_13_Medical_tr_500_1st_444.cs,2711,427,0.3490853658536585,16|c11d4e65d3|8ba28bce92,318,0.7447306791569087,16,0.875,0.0618332936961115,0.75,14.0,0.5268555020699656,0.4833333333333333,0.0,0.0,0.096,1.21,0.219,0.147,local,0.136
oddbench,WindowsEditionAnomaly,2400,420,0.1231732776617954,26|bbec81a04c|b5b0aeec39,299,0.7119047619047619,26,1.0,0.0890653143927662,0.6538461538461539,7.0,0.1965236097325903,0.0,0.8235556963901783,0.9969449631763092,0.548,1.53,0.779,0.27,global,0.149
ovrbench,CryptojackingSystem,2400,417,0.3026755852842809,14|f360483b75|4a917de846,312,0.7482014388489209,14,0.7857142857142857,0.032623460558634,0.7857142857142857,15.0,0.6073009450127449,0.05,0.0,0.072703581302731,0.028,1.49,0.332,0.308,local,0.148
tsbad_m,139_CATSv2_id_2_Sensor_tr_5592_1st_5692.,2239,416,0.0776053215077605,136|c7a51c081f|1aff6f2cae,240,0.5769230769230769,136,0.3955223880597014,0.0366351784711053,0.5149253731343284,9.0,0.1510149484427948,0.0,0.6353566503722449,0.9276533652447408,0.533,1.35,0.402,0.157,global,0.157
tsbad_m,095_SVDB_id_12_Medical_tr_6264_1st_6364.,2752,415,0.3555900621118012,16|ca6e84ab92|1ff92f8c86,307,0.7397590361445783,16,0.875,0.0664651533997998,0.8125,15.0,0.5388338904414914,0.5166666666666667,0.0,0.0,0.092,1.16,0.156,0.131,local,0.131
tsbad_m,103_SVDB_id_20_Medical_tr_12167_1st_1226,2782,415,0.3412698412698413,16|999d926738|8b9d76384d,213,0.5132530120481927,16,0.75,0.036678467760388,0.5,10.0,0.6293257791514186,0.2666666666666666,0.0,0.0,-0.006,0.99,0.067,0.127,local,0.13
tsbad_m,107_SVDB_id_24_Medical_tr_32805_1st_3290,2817,413,0.3173553719008264,16|695d7ebc3a|c5a559fd98,246,0.5956416464891041,16,0.6875,0.0379857089234527,0.5,11.0,0.4882643387046994,0.3333333333333333,0.0,0.0,0.071,1.11,0.064,0.133,local,0.128
oddbench,LandShapeAnomaly,1419,412,0.1591836734693877,11|f05318ca37|2247ecbdc6,377,0.9150485436893204,11,0.8181818181818182,0.0486552320625164,0.5454545454545454,15.0,0.2971365033696138,0.7166666666666667,0.0,0.6681997926602676,0.273,2.36,0.238,0.367,global,0.225
tsbad_m,108_SVDB_id_25_Medical_tr_1238_1st_1338.,2795,410,0.2743362831858407,16|bcc96dc7f7|28e54e411e,332,0.8097560975609757,16,0.8125,0.0356067329025407,0.1875,14.0,0.5459188623279799,0.5,0.0,0.0,0.383,2.98,0.658,0.128,local,0.128
oddbench,OkCupidUserBehavior,1130,385,0.072289156626506,4|c27bf6fe81|cc5ec83a0b,341,0.8857142857142857,4,1.0,0.043375,0.75,8.0,0.4706918559491373,0.0,0.4032349171018521,0.8976626977203356,0.067,1.17,0.097,0.405,local,0.254
adbench,27_PageBlocks,1954,384,0.2470588235294117,10|0b7911305f|99b4eb976d,336,0.875,10,0.2,0.0166615093382856,0.6,14.0,0.5926326987054643,0.0,0.660786181289813,0.9827468142838728,0.779,6.84,0.767,0.282,local,0.164
dami,PageBlocks,1954,384,0.2470588235294117,10|2ce062c1f8|a9b763c04e,336,0.875,10,0.2,0.0166615093382856,0.6,14.0,0.5926326987054646,0.0,0.6607861812898829,0.982746814283866,0.779,6.84,0.766,0.282,local,0.164
ovrbench,KPIData,2400,372,0.0362694300518134,3|498471d2ab|43a1f6eaeb,199,0.5349462365591398,3,0.3333333333333333,0.0264439851934906,1.0,9.0,0.527055936958732,0.0833333333333333,1.0908296066092228e-05,0.7612840709365547,-0.041,0.75,0.036,0.236,local,0.134
tsbad_m,141_CATSv2_id_4_Sensor_tr_41727_1st_4182,2378,372,0.099273607748184,136|881b1cd545|0fbc1b5a24,293,0.7876344086021505,136,0.4029850746268656,0.0367074145452701,0.5,11.0,0.1546061445849033,0.0,0.541071817363379,0.0,0.616,1.64,0.617,0.135,global,0.135
oddbench,SalesPerformance,1056,360,0.0109890109890109,7|4338a28257|5f2f0e56b3,302,0.8388888888888889,7,0.8571428571428571,0.0914935716628764,0.4285714285714285,14.0,0.4176226928110522,0.25,0.0,0.0,0.139,1.37,0.498,0.405,global,0.254
ovrbench,KenyaMovement,2400,359,0.1025,9|586b526fc4|24220b3b55,297,0.8272980501392758,9,0.6666666666666666,0.0383420397338805,0.2222222222222222,13.0,0.2312947399567386,0.0333333333333333,0.0,0.980742128282498,0.078,1.23,0.086,0.233,local,0.13
ovrbench,FinancialTransaction1,2400,359,0.0747422680412371,102|6e41f1c19f|8a1a12c0fd,228,0.6350974930362117,102,0.3431372549019608,0.0164095175207068,1.0,15.0,0.7932656602750839,0.0333333333333333,0.0,3.96305100915928e-05,-0.012,0.87,0.065,0.233,global,0.13
ovrbench,SyntheticNumericalBatch,1976,325,0.0269461077844311,128|3737091e57|6aba1fdec6,209,0.6430769230769231,128,0.0,0.0050225182700945,0.0,10.0,0.3351018227871933,0.0,0.7649873249672442,0.9933352306479182,0.009,0.99,0.175,0.248,local,0.141
ovrbench,GamingBehavior,2000,325,0.1875,23|b33855e4d1|c550e623e9,213,0.6553846153846153,23,0.5217391304347826,0.0131277861914084,0.6086956521739131,12.0,0.5711122679143323,0.0,0.841971937026993,0.996304471719416,0.397,2.3,0.71,0.245,local,0.14
ovrbench,ECGAnomaly,1168,322,0.4457831325301205,140|c3b70a7f10|23cead8f19,221,0.6863354037267081,140,0.0071428571428571,0.0050470044698479,0.0642857142857142,10.0,0.5503883707506426,0.0,0.6348848494624371,0.9954083242787352,0.914,3.26,0.991,0.355,local,0.216
oddbench,AxieInfinityBug,2400,315,0.0512048192771084,8|2ac85378dc|4f111cbba3,188,0.5968253968253968,8,0.875,0.0356067510492368,0.5,15.0,0.2621172962929181,0.0333333333333333,0.0,0.0,0.191,1.37,0.09,0.207,local,0.116
tsbad_m,173_GECCO_id_1_Sensor_tr_16165_1st_16265,1690,311,0.0,72|677b1aed5d|9ccb6ac431,222,0.7138263665594855,72,0.6666666666666666,0.0385131011489673,0.4166666666666667,8.0,0.9492137755855438,0.0,0.6897117180213123,0.0,0.282,1.51,0.886,0.155,global,0.155
oddbench,LandRarity,1122,309,0.1825396825396825,7|9e2498084d|019b62a332,178,0.5760517799352751,7,0.8571428571428571,0.0660300981698332,0.4285714285714285,14.0,0.2320812225761199,0.0833333333333333,0.0,0.0,-0.034,1.0,0.143,0.355,global,0.216
oddbench,HealthBehavior,1918,307,0.2168367346938775,6|286157d605|27543e6d45,279,0.9087947882736156,6,0.5,0.0248896244517543,0.5,13.0,0.3423178558928926,0.0,0.2970769163030374,0.9938122836011868,0.067,1.59,0.093,0.242,global,0.138
ovrbench,SpotifyHitPredictor,1280,307,0.2530413625304136,13|b51df97f79|e92af39e92,298,0.970684039087948,13,0.3076923076923077,0.0180903768659102,0.3846153846153846,7.0,0.1787254358923278,0.0,0.6700138141518794,0.9986650196963258,0.582,1.59,0.621,0.324,global,0.193
ovrbench,UserInteraction1,2400,306,0.8059606848446417,9|da652794d4|b681635aca,139,0.4542483660130719,9,0.5555555555555556,0.0296725825400629,0.6666666666666666,10.0,0.5168658662974042,0.6166666666666667,0.0,0.0,0.716,2.51,0.826,0.269,global,0.113
tsbad_m,092_SVDB_id_9_Medical_tr_2674_1st_2774.c,2511,305,0.6441073512252042,16|0328cedef9|361b0824f4,221,0.7245901639344262,16,0.875,0.0834303279286226,0.8125,14.0,0.5955940349170511,0.5333333333333333,0.0,0.0,0.121,1.4,0.33,0.108,local,0.108
ovrbench,AbstractAnomalyBatch,2400,296,0.2985781990521327,65|270512c7fd|e346ea3b1e,209,0.706081081081081,65,0.0307692307692307,0.0053330442324226,0.6307692307692307,12.0,0.9647527784955904,0.0,0.7588853926721545,0.999232137135619,0.004,1.08,0.895,0.205,local,0.11
oddbench,VoteOutcome,2400,286,0.5737704918032787,8|48472d4680|b280009ef7,273,0.9545454545454546,8,0.5,0.0155839508964205,0.625,12.0,0.9103841812699102,0.0333333333333333,0.0037161658750805,0.99216878823974,0.246,2.94,0.829,0.191,local,0.106
tsbad_m,143_CATSv2_id_6_Sensor_tr_50000_1st_6023,2417,277,0.0,136|9d9703cf50|90deeeccd1,193,0.6967509025270758,136,0.4253731343283582,0.0356465240785577,0.5223880597014925,14.0,0.1483164511166487,0.0,0.5918282599280735,0.0,0.613,1.63,0.566,0.103,global,0.103
ovrbench,students_dropout_and_academic_success,884,269,0.1378205128205128,14|8ab18e83b0|529a635850,254,0.9442379182156134,14,0.8571428571428571,0.0597374121779859,0.4285714285714285,8.0,0.6439075053733925,0.1166666666666666,9.409322186271218e-05,0.0,0.393,2.03,0.507,0.378,local,0.233
ovrbench,visualizing_soil,1902,266,0.1890243902439024,3|6075819d31|1399fa08fa,246,0.924812030075188,3,0.6666666666666666,0.0222559932381657,0.3333333333333333,15.0,0.4618701586462116,0.4666666666666667,0.0,9.26154153035874e-07,0.666,2.43,0.86,0.219,global,0.123
oddbench,CasePriority,2400,264,0.0222222222222222,27|ba2d7680f2|56163424f5,246,0.9318181818181818,27,1.0,0.0578269623683303,0.8888888888888888,11.0,0.8853794878176792,1.0,0.0,0.0,0.428,12.27,0.435,0.182,global,0.099
adbench,44_Wilt,1825,252,0.0194552529182879,5|7a3f7b312e|32ec5bba64,181,0.7182539682539683,5,0.0,0.0053377378840428,0.4,7.0,0.6647059661956133,0.0,0.3302250546462244,0.9502873431995104,0.041,1.23,0.671,0.216,local,0.121
oddbench,GeneticAnalysis,2222,252,0.1486486486486486,5|eaffda0632|a682572f4d,199,0.7896825396825397,5,0.0,0.0050793574894215,1.0,11.0,0.4961877540010453,0.0,0.8089018125209588,0.997996838525042,-0.005,1.09,0.084,0.185,global,0.102
dami,Wilt,1825,252,0.0194552529182879,5|1d19441cd0|0e60b06835,181,0.7182539682539683,5,0.0,0.0053377378840427,0.4,7.0,0.6647059661956134,0.0,0.3302250546462034,0.9502873431994892,0.041,1.23,0.173,0.216,local,0.121
oddbench,ProgrammingAnomalies,2400,245,0.0959409594095941,6|c0fc239de0|3bde561bcb,154,0.6285714285714286,6,0.6666666666666666,0.0731293347124676,1.0,14.0,0.479929197926691,0.4333333333333333,0.0,0.0052205406843925,0.0,1.07,0.16,0.17,local,0.093
oddbench,RealEstateBlockType,1005,236,0.144927536231884,3|e495ced11a|02b7beefc8,213,0.902542372881356,3,0.6666666666666666,0.0316676460146137,0.3333333333333333,13.0,0.4553694320935555,0.15,0.0,0.7472976263580848,0.022,1.2,0.111,0.319,global,0.19
tsbad_m,112_SVDB_id_29_Medical_tr_8226_1st_8326.,2828,229,0.0,16|556b0afa51|5edb223451,190,0.8296943231441049,16,0.8125,0.0819907144541184,0.5625,13.0,0.5524125697750251,0.4166666666666667,0.0,0.0,0.003,1.07,0.06,0.075,global,0.075
ovrbench,HealthMetrics,1945,223,0.1044176706827309,3|46f081b920|51fb44285b,181,0.8116591928251121,3,0.3333333333333333,0.0102597887615629,0.3333333333333333,9.0,0.3756659315354327,0.0,0.1828947423865861,0.9992733946366288,0.008,1.13,0.106,0.186,global,0.103
tsbad_m,084_SVDB_id_1_Medical_tr_12973_1st_13073,2853,214,0.3141025641025641,16|bf7e2cfbb0|570fdd77df,181,0.8457943925233645,16,0.875,0.065099496754877,0.6875,12.0,0.5499511341045021,0.4666666666666667,0.0,0.0,0.079,1.25,0.09,0.071,local,0.07
oddbench,UserEventAnomalies,2400,212,0.0782608695652174,3|5a095456f9|0539941408,124,0.5849056603773585,3,1.0,0.0406586382110259,0.0,11.0,0.4403656858352743,0.1,7.472443840805809e-06,0.0378680943749492,0.477,7.27,1.0,0.154,global,0.081
oddbench,BugSeverity,1023,209,0.0833333333333333,22|733e2e9cf9|8c32a7501e,195,0.9330143540669856,22,0.8636363636363636,0.071061357859294,0.2727272727272727,11.0,0.2410449439904616,0.0,0.5577623058796499,0.9835411709548342,0.113,1.2,0.162,0.29,global,0.17
ovrbench,mozilla4,2400,191,0.8086172344689379,4|9bec93845b|47e3ae1a31,130,0.680628272251309,4,0.75,0.0145191432577111,0.75,11.0,0.3689395277034247,0.05,4.565431509728768e-06,0.9941040361784024,-0.015,0.94,0.078,0.137,local,0.074
ovrbench,BankruptcyForecast,2400,188,0.0738916256157635,64|89bc492a70|6add96888e,143,0.7606382978723404,64,0.015625,0.005288770584542,0.578125,11.0,0.3380793765392836,0.0,0.5592029403860888,0.999033527244218,0.009,1.16,0.073,0.14,global,0.073
oddbench,CarMakeAnomaly,2400,171,0.1576354679802955,4|454327b699|19f07ac182,132,0.7719298245614035,4,0.5,0.0342825719196256,0.25,14.0,0.2889090340232809,0.0,0.5185773252949888,0.9968787968899918,0.085,1.39,0.096,0.125,local,0.067
ovrbench,ozone-level-8hr,950,156,0.025,72|d6908263f4|dfdc4c4f02,100,0.6410256410256411,72,0.7777777777777778,0.0200585661086884,0.1666666666666666,5.0,0.3233517358888198,0.0,0.4976220721960376,0.0062996577260096,-0.052,0.91,0.168,0.247,local,0.141
ovrbench,seismic-bumps,966,155,0.088235294117647,6|0523a1a914|ec8e0b931a,150,0.967741935483871,6,0.3333333333333333,0.0110167571443053,0.6666666666666666,9.0,0.5468191817804556,0.0,0.8933413833305204,1.0,0.098,2.01,0.169,0.243,local,0.138
tsbad_m,104_SVDB_id_21_Medical_tr_50000_1st_1066,2853,154,0.4253731343283582,16|a626674080|fc3574bf41,139,0.9025974025974026,16,0.9375,0.0753453453642709,0.625,15.0,0.5319298127509511,0.75,0.0,0.0,0.069,1.33,0.238,0.054,local,0.051
oddbench,AustinCrime,1857,150,0.2647058823529412,4|56f3362f96|d2c018b31f,143,0.9533333333333334,4,1.0,0.0490659797388654,0.25,15.0,0.8652104190754594,1.0,0.0,0.0,0.137,2.37,0.174,0.139,local,0.075
ovrbench,GeneExpressionCoactivator,1374,143,0.7450980392156863,4|563e6a4884|bae1a4d7b6,140,0.9790209790209792,4,0.0,0.0055914710139991,0.0,6.0,0.2349214539687064,0.0,0.5399022488396139,0.9831669677069445,0.47,2.75,0.505,0.172,global,0.094
oddbench,RealEstateProperties,2400,137,0.3686635944700461,4|08768e0fef|8894146a87,129,0.9416058394160584,4,1.0,0.0510982142857142,0.75,14.0,0.4494158082835094,0.2333333333333333,0.0,0.9049906866627564,0.139,3.22,0.188,0.102,local,0.054
tsbad_m,138_CATSv2_id_1_Sensor_tr_16568_1st_1666,1179,137,0.0,136|4efacdab71|323b9e6157,102,0.7445255474452555,136,0.4477611940298507,0.0374798921180187,0.5597014925373134,14.0,0.1701868068105154,0.0,0.5511980862655232,1.976840052619888e-05,0.536,1.55,0.563,0.104,local,0.104
ovrbench,thyroid-ann,1396,121,0.573943661971831,6|4db7c8b1fd|315ce4822f,116,0.9586776859504132,6,1.0,0.0286117724867725,0.1666666666666666,12.0,0.341612159288015,0.0,0.7330701317420918,0.7138845707065915,0.367,2.4,0.344,0.148,global,0.08
adbench,23_mammography,2400,119,0.5423076923076923,6|f9d0a63bb1|cd6970747b,106,0.8907563025210085,6,1.0,0.0563594115627255,1.0,10.0,0.546419689181969,0.7166666666666667,0.0,0.0,0.078,1.76,0.259,0.095,global,0.047
oddbench,DeveloperSurvey,1299,119,0.0,5|b3562a50f7|ac0dd86595,102,0.8571428571428571,5,1.0,0.09048125,0.8,15.0,0.2972700564613741,0.1,0.0,0.0674404992997078,0.036,1.09,0.175,0.155,global,0.084
oddbench,GenomicSequencing,1002,117,0.0,10|872bcdebd1|3908a5190c,106,0.905982905982906,10,0.9,0.0579598139642204,0.9,8.0,0.2265029548056802,0.05,0.0,0.0,0.308,1.91,0.647,0.189,global,0.105
