corpus,dataset,truefam,n_calib,reg_binary,reg_alpha10,reg_direct10,reg_oracle
ovrbench,BusinessAnomalies,global,85,0.0000,0.0000,0.0270,0.0
tsbad_m,091_SVDB_id_8_Medical_tr_500_1st_126.csv,global,78,0.0274,0.0323,0.0024,0.0
ovrbench,FakeNewsPropagation,global,195,0.1070,0.0854,0.0000,0.0
adbench,22_magic.gamma,local,389,0.0000,0.0000,0.0000,0.0
ovrbench,guillermo,global,132,0.0223,0.0080,0.0001,0.0
tsbad_m,111_SVDB_id_28_Medical_tr_1791_1st_1891.,local,118,0.0086,0.0086,0.0147,0.0
ovrbench,philippine,global,72,0.3219,0.0000,0.1582,0.0
ovrbench,FinancialTransaction4,local,183,0.0374,0.0374,0.0000,0.0
tsbad_m,109_SVDB_id_26_Medical_tr_1038_1st_1138.,global,124,0.0217,0.0547,0.0108,0.0
ovrbench,SpectralImaging,global,320,0.0000,0.0000,0.0131,0.0
oddbench,BarExamPrediction,global,77,0.1046,0.2329,0.1835,0.0
ovrbench,SolarFlare,local,668,0.0000,0.0000,0.0000,0.0
ovrbench,ailerons,global,120,0.0290,0.0000,0.0000,0.0
oddbench,FinancialTransactionAnomalies,global,182,0.0749,0.0000,0.0000,0.0
tsbad_m,030_MITDB_id_12_Medical_tr_50000_1st_845,local,176,0.0074,0.0000,0.0132,0.0
oddbench,SalesOrderPriority,local,334,0.0000,0.0000,0.0000,0.0
tsbad_m,093_SVDB_id_10_Medical_tr_500_1st_37.csv,local,70,0.0000,0.0000,0.0000,0.0
ovrbench,NeuroSignalEEG,global,1294,0.0000,0.0000,0.0000,0.0
tsbad_m,086_SVDB_id_3_Medical_tr_533_1st_633.csv,global,73,0.0327,0.0381,0.0063,0.0
ovrbench,EEGEyeState,local,101,0.0918,0.0312,0.0000,0.0
ovrbench,AmazonReviewAnomalies,global,73,0.0785,0.0785,0.0340,0.0
tsbad_m,097_SVDB_id_14_Medical_tr_1031_1st_1131.,local,118,0.0000,0.0000,0.1123,0.0
ovrbench,jannis,global,724,0.1812,0.0038,0.0000,0.0
ovrbench,sf-police-incidents,local,25372,0.1178,0.1178,0.0000,0.0
ovrbench,CreditCustomerData,local,130,0.1362,0.0384,0.0534,0.0
ovrbench,CelestialObjects2,global,134,0.2260,0.1405,0.0000,0.0
tsbad_m,019_MITDB_id_1_Medical_tr_37500_1st_1032,local,116,0.0223,0.0000,0.0000,0.0
oddbench,TBAnomalyDetection,local,154,0.1306,0.1306,0.0010,0.0
ovrbench,PsychoPrediction,global,1365,0.0394,0.0394,0.0000,0.0
tsbad_m,105_SVDB_id_22_Medical_tr_500_1st_417.cs,local,43,0.0086,0.0047,0.0037,0.0
ovrbench,CustomerChurn2,local,94,0.2714,0.1114,0.1958,0.0
tsbad_m,101_SVDB_id_18_Medical_tr_1851_1st_1951.,local,60,0.0510,0.0107,0.0000,0.0
ovrbench,FinancialMetricsAnomaly,global,73,0.0954,0.1263,0.1263,0.0
ovrbench,CardiacHealth,local,346,0.0000,0.0000,0.0000,0.0
ovrbench,SensorAnomaly,local,109,0.2213,0.1472,0.0000,0.0
ovrbench,BCellImmunity,global,55,0.1241,0.1121,0.0000,0.0
oddbench,HealthPulse,local,81,0.0031,0.0056,0.0056,0.0
oddbench,PropertyCondition,local,488,0.2017,0.1770,0.0011,0.0
ovrbench,HealthActivityObesity,local,353,0.0562,0.0562,0.0080,0.0
oddbench,TransactionFeeAnomalies,local,94,0.1953,0.1953,0.0000,0.0
ovrbench,TwitterEmotion,local,58,0.0971,0.0971,0.0107,0.0
ovrbench,FootballEfficiency,local,80,0.0033,0.0013,0.0003,0.0
ovrbench,BoundingBoxClassification,global,213,0.3460,0.1209,0.0000,0.0
oddbench,GeneticVariation,global,95,0.3592,0.2118,0.0000,0.0
tsbad_m,140_CATSv2_id_3_Sensor_tr_28307_1st_2840,global,168,0.1120,0.1120,0.0000,0.0
adbench,35_SpamBase,global,167,0.4341,0.0025,0.0000,0.0
dami,SpamBase,global,167,0.4760,0.0035,0.0000,0.0
tsbad_m,088_SVDB_id_5_Medical_tr_500_1st_168.csv,local,179,0.0000,0.0000,0.0095,0.0
oddbench,ProsperLoan,local,283,0.0000,0.0112,0.0112,0.0
ovrbench,JobChangePatterns,global,271,0.2100,0.2100,0.0361,0.0
tsbad_m,031_MITDB_id_13_Medical_tr_50000_1st_794,local,65,0.0000,0.0000,0.0000,0.0
ovrbench,TrafficSensor,local,67,0.0000,0.0415,0.0415,0.0
ovrbench,PokemonBattle,local,104,0.0889,0.0889,0.0000,0.0
tsbad_m,022_MITDB_id_4_Medical_tr_50000_1st_5425,local,72,0.0323,0.0025,0.0038,0.0
ovrbench,RealEstateListings,local,431,0.1712,0.0806,0.0332,0.0
oddbench,BuildingInspections,global,135,0.1781,0.0267,0.0000,0.0
tsbad_m,026_MITDB_id_8_Medical_tr_30495_1st_3059,local,112,0.0106,0.0106,0.0237,0.0
ovrbench,ViralProteinFunction,local,944,0.2524,0.1066,0.0059,0.0
ovrbench,GeotechnicalAnomalies,local,86,0.0763,0.0763,0.0267,0.0
tsbad_m,098_SVDB_id_15_Medical_tr_500_1st_303.cs,local,78,0.0200,0.0200,0.0124,0.0
oddbench,ProtestViolence,global,176,0.8525,0.6229,0.0000,0.0
ovrbench,BreastCancer,global,48,0.0000,0.0000,0.0074,0.0
ovrbench,UserMovieInteractions,global,512,0.2449,0.1147,0.0000,0.0
ovrbench,Word2VecPCA,global,142,0.1404,0.1403,0.0044,0.0
tsbad_m,085_SVDB_id_2_Medical_tr_50000_1st_54982,local,48,0.0393,0.0048,0.0048,0.0
ovrbench,TextAnomalyDetection,global,190,0.0251,0.0251,0.0000,0.0
ovrbench,BNG(cmc),global,433,0.0000,0.0000,0.0000,0.0
oddbench,GlobalTerrorismAttack,global,653,0.5942,0.4345,0.0000,0.0
tsbad_m,021_MITDB_id_3_Medical_tr_50000_1st_5759,local,49,0.0175,0.0175,0.0001,0.0
ovrbench,FICO-HELOC-cleaned,local,80,0.1874,0.0884,0.0075,0.0
tsbad_m,082_LTDB_id_4_Medical_tr_4456_1st_4556.c,local,51,0.0395,0.0000,0.0000,0.0
oddbench,TrialBehavior,global,95,0.1720,0.1519,0.0000,0.0
ovrbench,compass,local,132,0.1766,0.1766,0.0000,0.0
ovrbench,KickstarterCampaigns,local,1346,0.1697,0.1697,0.0000,0.0
tsbad_m,115_PSM_id_1_Facility_tr_50000_1st_12987,global,174,0.2256,0.2572,0.0000,0.0
adbench,19_landsat,local,112,0.0001,0.0001,0.0000,0.0
ovrbench,SpatialAnomalies,local,47,0.0000,0.0000,0.0000,0.0
tsbad_m,099_SVDB_id_16_Medical_tr_1115_1st_1215.,local,61,0.0000,0.0000,0.0000,0.0
oddbench,RulePriorityAnomalies,local,79,0.0000,0.0087,0.0044,0.0
oddbench,WaterChemistry,local,47,0.0921,0.0000,0.0000,0.0
ovrbench,EmployeePerformance,local,667,0.8599,0.0909,0.0000,0.0
ovrbench,SepsisMonitoring,local,80,0.1134,0.0000,0.0109,0.0
tsbad_m,113_SVDB_id_30_Medical_tr_4552_1st_4652.,global,42,0.0944,0.0944,0.0000,0.0
ovrbench,BatchProcessingEvents,local,79,0.0178,0.0178,0.0178,0.0
ovrbench,PhysicsTraining,local,346,0.1786,0.0182,0.0194,0.0
ovrbench,volkert,global,42,0.2754,0.2754,0.0000,0.0
ovrbench,FireRiskAnalysis,global,363,0.0356,0.0357,0.0000,0.0
adbench,30_satellite,global,69,0.1803,0.1803,0.0000,0.0
oddbench,AttackIncidents,local,52,0.0961,0.0368,0.0047,0.0
tsbad_m,102_SVDB_id_19_Medical_tr_50000_1st_1073,local,45,0.0775,0.0775,0.0175,0.0
ovrbench,RealEstateData,global,49,0.1971,0.1458,0.0000,0.0
tsbad_m,096_SVDB_id_13_Medical_tr_500_1st_444.cs,local,45,0.0443,0.0443,0.1139,0.0
oddbench,RacingMotion,local,199,0.9412,0.6887,0.0000,0.0
ovrbench,CryptojackingSystem,local,41,0.0440,0.0440,0.0440,0.0
ovrbench,CreditScoringAnomalies,local,615,0.2305,0.0865,0.0427,0.0
oddbench,LandShapeAnomaly,global,37,0.1691,0.0005,0.1021,0.0
ovrbench,XSSDetection,global,504,0.3601,0.4992,0.0162,0.0
ovrbench,NetworkHealthMonitor,local,78,0.0296,0.0296,0.0149,0.0
oddbench,OkCupidUserBehavior,local,37,0.0396,0.0225,0.0225,0.0
tsbad_m,087_SVDB_id_4_Medical_tr_5421_1st_5521.c,local,43,0.0000,0.0000,0.0079,0.0
ovrbench,KDD,global,43,0.1138,0.0440,0.0973,0.0
tsbad_m,110_SVDB_id_27_Medical_tr_30824_1st_3092,local,43,0.0181,0.0181,0.0181,0.0
oddbench,PoliceForceDisturbance,local,203,0.3446,0.3446,0.0000,0.0
tsbad_m,095_SVDB_id_12_Medical_tr_6264_1st_6364.,local,39,0.0046,0.0046,0.0046,0.0
ovrbench,WebpageSessionIntrusion,local,197,0.0000,0.0000,0.0000,0.0
tsbad_m,142_CATSv2_id_5_Sensor_tr_30704_1st_3080,global,68,0.0972,0.0972,0.0181,0.0
ovrbench,UrlAnalysis,global,61,0.7560,0.1254,0.0000,0.0
oddbench,CourseRegistration,local,219,0.1987,0.1987,0.0000,0.0
tsbad_m,107_SVDB_id_24_Medical_tr_32805_1st_3290,local,41,0.0141,0.0000,0.0150,0.0
dami,Annthyroid,global,34,0.0000,0.0000,0.0069,0.0
oddbench,GPUResourceUsage,local,109,0.2913,0.2913,0.0000,0.0
ovrbench,KenyaMovement,local,33,0.0695,0.0057,0.0342,0.0
oddbench,DiamondClarity,local,121,0.0000,0.0000,0.0000,0.0
oddbench,HealthBehavior,global,29,0.0025,0.0025,0.0282,0.0
ovrbench,ShillBidding,global,27,0.0015,0.1265,0.0480,0.0
oddbench,SalesPerformance,global,32,0.0615,0.0615,0.0000,0.0
tsbad_m,139_CATSv2_id_2_Sensor_tr_5592_1st_5692.,global,39,0.1761,0.2406,0.0000,0.0
oddbench,HumanRobotCollaboration,local,172,0.0080,0.0080,0.0000,0.0
oddbench,VoteOutcome,local,26,0.1049,0.0000,0.0000,0.0
oddbench,EmailSpamDetection,global,29,0.4936,0.4097,0.0000,0.0
tsbad_m,172_SWaT_id_2_Sensor_tr_23700_1st_23800.,local,73,0.2451,0.0228,0.0314,0.0
ovrbench,SyntheticNumericalBatch,local,31,0.0000,0.0000,0.0000,0.0
tsbad_m,092_SVDB_id_9_Medical_tr_2674_1st_2774.c,local,26,0.0141,0.0090,0.0090,0.0
ovrbench,Run_or_walk_information,local,265,0.0000,0.0000,0.0000,0.0
tsbad_m,141_CATSv2_id_4_Sensor_tr_41727_1st_4182,global,29,0.4527,0.1485,0.0000,0.0
ovrbench,FinancialTransaction1,global,35,0.0728,0.0527,0.0167,0.0
oddbench,ArtSalesPlatform,local,42,0.0909,0.0909,0.0329,0.0
tsbad_m,103_SVDB_id_20_Medical_tr_12167_1st_1226,local,39,0.0000,0.0000,0.0000,0.0
ovrbench,AbstractAnomalyBatch,local,29,0.8791,0.8791,0.0000,0.0
ovrbench,visualizing_soil,global,23,0.6717,0.6717,0.0201,0.0
ovrbench,GamingBehavior,local,31,0.2964,0.2964,0.0000,0.0
oddbench,GeneticAnalysis,global,24,0.0160,0.1006,0.0791,0.0
oddbench,AxieInfinityBug,local,31,0.0806,0.0806,0.0664,0.0
oddbench,RealEstateBlockType,global,22,0.0269,0.0269,0.0550,0.0
oddbench,WaterPointFunctionality,local,51,0.0000,0.0000,0.0521,0.0
oddbench,SMSClassification,global,23,0.4056,0.0731,0.0000,0.0
ovrbench,KPIData,local,37,0.0737,0.0737,0.0000,0.0
ovrbench,ShuttleOperations,local,74,0.0000,0.0000,0.0000,0.0
tsbad_m,112_SVDB_id_29_Medical_tr_8226_1st_8326.,global,22,0.0411,0.0411,0.0000,0.0
oddbench,CasePriority,local,21,0.1231,0.0008,0.0000,0.0
dami,Wilt,local,25,0.1655,0.0000,0.0000,0.0
adbench,44_Wilt,local,25,0.1984,0.0836,0.0000,0.0
ovrbench,SpotifyHitPredictor,global,20,0.0030,0.0418,0.0304,0.0
oddbench,TreadmillStatus,local,58,0.3123,0.3123,0.0000,0.0
ovrbench,students_dropout_and_academic_success,local,19,0.0955,0.0027,0.0027,0.0
ovrbench,MalariaDetection,global,108,0.8167,0.1970,0.0000,0.0
ovrbench,GesturePhaseSegmentationProcessed,local,53,0.0000,0.0000,0.0122,0.0
ovrbench,HealthMetrics,local,20,0.0476,0.0588,0.0078,0.0
oddbench,BugSeverity,global,19,0.0000,0.0000,0.0250,0.0
tsbad_m,084_SVDB_id_1_Medical_tr_12973_1st_13073,local,20,0.0259,0.0000,0.0000,0.0
oddbench,LandRarity,global,29,0.0000,0.0000,0.1611,0.0
oddbench,ProgrammingAnomalies,local,24,0.0000,0.0000,0.0917,0.0
oddbench,WindowsEditionAnomaly,global,18,0.3970,0.3970,0.0000,0.0
ovrbench,BankruptcyForecast,global,18,0.0861,0.0861,0.0000,0.0
ovrbench,seismic-bumps,local,15,0.1054,0.0000,0.0005,0.0
tsbad_m,143_CATSv2_id_6_Sensor_tr_50000_1st_6023,global,21,0.1196,0.2505,0.0005,0.0
tsbad_m,108_SVDB_id_25_Medical_tr_1238_1st_1338.,local,20,0.0000,0.0000,0.0562,0.0
tsbad_m,104_SVDB_id_21_Medical_tr_50000_1st_1066,local,15,0.0610,0.0000,0.0000,0.0
oddbench,CarMakeAnomaly,local,16,0.0417,0.0289,0.0000,0.0
ovrbench,mozilla4,local,18,0.0000,0.0000,0.0288,0.0
oddbench,FishingAnomalies,local,46,0.2215,0.2215,0.0186,0.0
oddbench,AquaticMacroInverts,global,26,0.5270,0.0739,0.0000,0.0
oddbench,UserEventAnomalies,global,20,0.0000,0.0000,0.0000,0.0
oddbench,RealEstateProperties,local,13,0.1409,0.0621,0.0414,0.0
tsbad_m,053_GHL_id_22_Sensor_tr_50000_1st_126448,local,42,0.3021,0.2715,0.0296,0.0
ovrbench,HeadingDetection,global,284,0.1625,0.1625,0.0003,0.0
adbench,27_PageBlocks,local,12,0.0000,0.0000,0.0664,0.0
dami,PageBlocks,local,12,0.0086,0.1028,0.0076,0.0
tsbad_m,138_CATSv2_id_1_Sensor_tr_16568_1st_1666,local,13,0.0391,0.0391,0.0000,0.0
oddbench,AustinCrime,local,10,0.0401,0.0401,0.0071,0.0
ovrbench,thyroid-ann,global,10,0.2366,0.2366,0.2366,0.0
ovrbench,GeneExpressionCoactivator,global,10,0.0404,0.0404,0.0023,0.0
adbench,23_mammography,global,11,0.0722,0.0722,0.0291,0.0
