corpus,dataset,truefam,reg_random,reg_p1,reg_pe,corr_str,lev,reg_beta1,reg_matched,reg_em,reg_mv,reg_consensus,reg_model_centrality,reg_hits,reg_corr_str,reg_combined
ovrbench,BusinessAnomalies,global,0.13813639244787168,0.0,0.04070414311360049,0.022435966069176264,-0.22025625000000015,0.0,0.04070414311360049,0.04070414311360049,0.08066398430354516,0.08066398430354516,0.08066398430354516,0.08066398430354516,0.04070414311360049,0.04070414311360049
tsbad_m,091_SVDB_id_8_Medical_tr_500_1st_126.csv,global,0.04034527803925472,0.010670787609305593,0.021178439462648357,0.5884032509426778,-0.035186858316221925,0.010670787609305593,0.010670787609305593,0.021178439462648357,0.021178439462648357,0.04158298028025176,0.04158298028025176,0.04158298028025176,0.010670787609305593,0.010670787609305593
ovrbench,FakeNewsPropagation,global,0.2536617201352367,0.09748967357921567,0.09748967357921567,0.1860008323858544,-0.21152916666666666,0.09748967357921567,0.09748967357921567,0.087826610457798,0.087826610457798,0.10428124533062955,0.10428124533062955,0.10428124533062955,0.09748967357921567,0.09748967357921567
adbench,22_magic.gamma,local,0.31707539523688455,0.00895890501788943,0.024775488407860147,0.3715853513101798,-0.08795416666666667,0.00895890501788943,0.00895890501788943,0.03668092700111658,0.00895890501788943,0.35440397008828406,0.35440397008828406,0.35440397008828406,0.00895890501788943,0.00895890501788943
ovrbench,guillermo,global,0.022355043717092973,0.034929822679396774,0.01100196758845292,0.07736196538321673,-0.07172083333333323,0.034929822679396774,0.034929822679396774,0.01100196758845292,0.01100196758845292,0.016219112055030325,0.016219112055030325,0.01471864084347779,0.01100196758845292,0.034929822679396774
tsbad_m,111_SVDB_id_28_Medical_tr_1791_1st_1891.,local,0.1330094021293987,0.0,0.059032547217530984,0.5796552546965702,-0.008858218318695155,0.0,0.0,0.059032547217530984,0.059032547217530984,0.19442005949216046,0.19442005949216046,0.11237717260732483,0.0,0.0
ovrbench,philippine,global,0.1893425716155267,0.3356601668011946,0.0,0.06273772565343178,-0.23557461406518,0.3356601668011946,0.0,0.03549172711397569,0.03549172711397569,0.30540659193548847,0.30540659193548847,0.30540659193548847,0.0,0.0
ovrbench,FinancialTransaction4,local,0.17584776669224467,0.03306764702166781,0.06868070171175361,0.13946688783438513,-0.07111041666666651,0.03306764702166781,0.03306764702166781,0.06868070171175361,0.06868070171175361,0.20314956250483798,0.20314956250483798,0.19473568797290564,0.06868070171175361,0.03306764702166781
tsbad_m,109_SVDB_id_26_Medical_tr_1038_1st_1138.,global,0.07163351414968908,0.022357361982763987,0.053284639343177856,0.5087495633754598,-0.027260215053763526,0.022357361982763987,0.022357361982763987,0.053284639343177856,0.053284639343177856,0.09259342057582944,0.09259342057582944,0.09259342057582944,0.022357361982763987,0.022357361982763987
ovrbench,SpectralImaging,global,0.47847564355016775,0.0,0.7825221884075265,0.24849670557726095,-0.16994583333333346,0.0,0.7825221884075265,0.005066662431481572,0.005066662431481572,0.14372547222679943,0.14372547222679943,0.14372547222679943,0.0,0.0
oddbench,BarExamPrediction,global,0.19838929835668656,0.11605912800275237,0.11605912800275237,0.2389429140502359,-0.13116666666666665,0.11605912800275237,0.11605912800275237,0.11605912800275237,0.11605912800275237,0.21922853788187033,0.21922853788187033,0.11038547708472074,0.11605912800275237,0.11605912800275237
ovrbench,SolarFlare,local,0.24120660041175657,0.15086128173291885,0.1288523058872797,0.3524301233304983,-0.1146166666666667,0.15086128173291885,0.15086128173291885,0.03746348204920125,0.03746348204920125,0.12207381009509727,0.12207381009509727,0.12207381009509727,0.15086128173291885,0.15086128173291885
ovrbench,ailerons,global,0.2092881706206326,0.03281749126256239,0.03281749126256239,0.4066271331853723,-0.038695833333333485,0.03281749126256239,0.03281749126256239,0.03281749126256239,0.03281749126256239,0.1615640616997255,0.1615640616997255,0.1615640616997255,0.03281749126256239,0.03281749126256239
oddbench,FinancialTransactionAnomalies,global,0.09514214739493079,0.0,0.0,0.10366201632710743,-0.12780208333333332,0.0,0.0,0.07646419093701351,0.07646419093701351,0.15497294824492824,0.15497294824492824,0.15497294824492824,0.0,0.0
tsbad_m,030_MITDB_id_12_Medical_tr_50000_1st_845,local,0.021890595000075463,0.012016852891652587,0.012016852891652587,0.5964485203910717,-0.004111360337775483,0.012016852891652587,0.012016852891652587,0.011409888079702044,0.008038484497812914,0.01801146317161461,0.01801146317161461,0.01801146317161461,0.012016852891652587,0.012016852891652587
oddbench,SalesOrderPriority,local,0.269946285923193,0.05344931189156163,0.23686090379496094,0.3985558051769294,-0.0677291666666664,0.05344931189156163,0.05344931189156163,0.23686090379496094,0.23686090379496094,0.2636265925149016,0.2636265925149016,0.2917883034667796,0.05344931189156163,0.05344931189156163
tsbad_m,093_SVDB_id_10_Medical_tr_500_1st_37.csv,local,0.13878882709291615,0.0,0.02644048538814779,0.5536726337857161,-0.01596306068601583,0.0,0.0,0.10102310884026869,0.10102310884026869,0.17809815180517521,0.17809815180517521,0.17747542140749223,0.0,0.0
ovrbench,NeuroSignalEEG,global,0.6711877142299616,0.0,0.0,0.022338213105253746,-0.10886249999999997,0.0,0.0,0.0,0.0,0.7437806181116375,0.7437806181116375,0.7437806181116375,0.0,0.0
tsbad_m,086_SVDB_id_3_Medical_tr_533_1st_633.csv,global,0.04287737363333911,0.030360440699171903,0.03534191513497904,0.5284371523061353,-0.0030810008481763074,0.030360440699171903,0.030360440699171903,0.03534191513497904,0.03534191513497904,0.035322158686597535,0.035322158686597535,0.035322158686597535,0.030360440699171903,0.030360440699171903
ovrbench,EEGEyeState,local,0.622322596650736,0.02972444165566268,0.02972444165566268,0.5641517581792473,-0.00560000000000016,0.02972444165566268,0.02972444165566268,0.08857232734785025,0.08857232734785025,0.7632778498204834,0.7632778498204834,0.7632778498204834,0.02972444165566268,0.02972444165566268
ovrbench,AmazonReviewAnomalies,global,0.30208832454466317,0.07709368382899112,0.1232368355361741,0.2640277919740898,-0.20668125000000004,0.07709368382899112,0.1232368355361741,0.07709368382899112,0.1633976560313682,0.1232368355361741,0.1232368355361741,0.1633976560313682,0.07709368382899112,0.07709368382899112
tsbad_m,097_SVDB_id_14_Medical_tr_1031_1st_1131.,local,0.10456371621427354,0.04522352466914077,0.05374857906172624,0.5697649375343067,-0.013970335339638762,0.04522352466914077,0.04522352466914077,0.05374857906172624,0.05374857906172624,0.12350335806501489,0.12350335806501489,0.12350335806501489,0.04522352466914077,0.04522352466914077
ovrbench,jannis,global,0.1825390309216866,0.1803917761602114,0.023959748608718745,0.0706678703764598,-0.2246625000000001,0.1803917761602114,0.023959748608718745,0.0,0.0,0.2710174819236388,0.2710174819236388,0.2710174819236388,0.023959748608718745,0.023959748608718745
ovrbench,sf-police-incidents,local,0.07487716098093392,0.10793080830161617,0.10793080830161617,0.04411695375354036,-0.19441874999999997,0.10793080830161617,0.10793080830161617,0.10793080830161617,0.10793080830161617,0.08304675654910942,0.08304675654910942,0.08304675654910942,0.10793080830161617,0.10793080830161617
ovrbench,CreditCustomerData,local,0.07830862280967466,0.03680347942658679,0.023197314038262605,0.14886016758974444,-0.29866249999999994,0.03680347942658679,0.023197314038262605,0.14384399454652974,0.14384399454652974,0.0515010085234083,0.0515010085234083,0.0515010085234083,0.023197314038262605,0.023197314038262605
ovrbench,CelestialObjects2,global,0.28844533734884775,0.22847990460546844,0.14382388785169553,0.19418221668190688,-0.19910208333333335,0.22847990460546844,0.14382388785169553,0.14382388785169553,0.14382388785169553,0.14382388785169553,0.14382388785169553,0.14382388785169553,0.14382388785169553,0.14382388785169553
tsbad_m,019_MITDB_id_1_Medical_tr_37500_1st_1032,local,0.10179445973600726,0.023154072969982342,0.0,0.3908557374986337,-0.03062332798287859,0.023154072969982342,0.023154072969982342,0.007914983672591358,0.14367240565525913,0.14367240565525913,0.14367240565525913,0.14367240565525913,0.023154072969982342,0.023154072969982342
oddbench,TBAnomalyDetection,local,0.1859598319585274,0.21472962799358847,0.12038811717703929,0.07226522201496907,-0.17582083333333332,0.21472962799358847,0.12038811717703929,0.07725133114316518,0.07725133114316518,0.13299244092035678,0.13299244092035678,0.13299244092035678,0.12038811717703929,0.12038811717703929
ovrbench,PsychoPrediction,global,0.13386665318572127,0.04440891394788029,0.04440891394788029,0.006320571610225895,-0.0367729166666666,0.04440891394788029,0.04440891394788029,0.056961746066128076,0.04440891394788029,0.23001765166127824,0.23001765166127824,0.23001765166127824,0.04440891394788029,0.04440891394788029
tsbad_m,105_SVDB_id_22_Medical_tr_500_1st_417.cs,local,0.033201964089710434,0.011762847096862233,0.010561180514007694,0.489688803219545,-0.009702005730659047,0.011762847096862233,0.011762847096862233,0.010561180514007694,0.011609676424827194,0.038222249686401456,0.038222249686401456,0.004361075934736652,0.011762847096862233,0.011762847096862233
ovrbench,CustomerChurn2,local,0.20681009734856168,0.28018869764019183,0.11185894499926652,0.194557907225906,-0.05827500000000008,0.28018869764019183,0.28018869764019183,0.11185894499926652,0.48362469975108147,0.13332885324762828,0.13332885324762828,0.13332885324762828,0.11185894499926652,0.28018869764019183
tsbad_m,101_SVDB_id_18_Medical_tr_1851_1st_1951.,local,0.09350302701404678,0.051023792119596414,0.051023792119596414,0.45019276807176273,-0.05279742096505835,0.051023792119596414,0.051023792119596414,0.051023792119596414,0.0550871514895692,0.10014065170476358,0.10014065170476358,0.10014065170476358,0.051023792119596414,0.051023792119596414
ovrbench,FinancialMetricsAnomaly,global,0.09793700431998735,0.09586780379311562,0.12941905414617483,0.1925984911576966,-0.11454081632653057,0.09586780379311562,0.09586780379311562,0.12941905414617483,0.12941905414617483,0.13739637083870673,0.13739637083870673,0.13794015452715314,0.12941905414617483,0.09586780379311562
ovrbench,CardiacHealth,local,0.6507800036589733,0.0030992569078435173,0.0035648729537258728,0.17925125217190535,-0.06025416666666661,0.0030992569078435173,0.0030992569078435173,0.0,0.0,0.7774070204512654,0.7774070204512654,0.7774070204512654,0.0035648729537258728,0.0030992569078435173
ovrbench,SensorAnomaly,local,0.16910982034427477,0.20611469746101657,0.20611469746101657,0.05753764238682382,-0.23116249999999994,0.20611469746101657,0.20611469746101657,0.2530773718884036,0.20611469746101657,0.20611469746101657,0.20611469746101657,0.20611469746101657,0.20611469746101657,0.20611469746101657
ovrbench,BCellImmunity,global,0.23072521432247275,0.11145252685549388,0.26477208973413324,0.19479637945104286,-0.08749583333333344,0.11145252685549388,0.11145252685549388,0.17651728900563107,0.17651728900563107,0.26566358178356797,0.26566358178356797,0.26477208973413324,0.26477208973413324,0.11145252685549388
oddbench,HealthPulse,local,0.0650286736746618,0.0,0.08292672986068918,0.16246863769271586,-0.1582958333333333,0.0,0.08292672986068918,0.08292672986068918,0.08292672986068918,0.08292672986068918,0.08292672986068918,0.08292672986068918,0.08292672986068918,0.08292672986068918
oddbench,PropertyCondition,local,0.09026438795384023,0.20539826858160698,0.17808463229009244,0.10581602685842036,-0.22318958333333327,0.20539826858160698,0.17808463229009244,0.23349995471885665,0.20539826858160698,0.17808463229009244,0.17808463229009244,0.17808463229009244,0.17808463229009244,0.17808463229009244
ovrbench,HealthActivityObesity,local,0.1793272132166596,0.0001021411868015118,0.05303284639220188,0.411183706409229,-0.21267499999999984,0.0001021411868015118,0.05303284639220188,0.2520168227091593,0.23146623386635684,0.2520168227091593,0.2520168227091593,0.2520168227091593,0.0001021411868015118,0.0001021411868015118
oddbench,TransactionFeeAnomalies,local,0.5010724589996496,0.19550613689377516,0.19550613689377516,0.515373956267782,0.0,0.19550613689377516,0.19550613689377516,0.8522233489756588,0.02982753448861797,0.3676716570839751,0.02078444384128353,0.0,0.19550613689377516,0.19550613689377516
ovrbench,TwitterEmotion,local,0.0718147308092784,0.09275134383039256,0.036794623740398436,0.10373163173517654,-0.25671140939597326,0.09275134383039256,0.036794623740398436,0.09275134383039256,0.09275134383039256,0.0977656709069391,0.0977656709069391,0.0977656709069391,0.036794623740398436,0.036794623740398436
ovrbench,FootballEfficiency,local,0.0781801561076812,0.00998927025356855,0.07065318725852698,0.06255025652548553,-0.3267020833333335,0.00998927025356855,0.07065318725852698,0.07065318725852698,0.07065318725852698,0.16635356659856168,0.16635356659856168,0.08057844146764714,0.07065318725852698,0.07065318725852698
ovrbench,BoundingBoxClassification,global,0.1966456991521922,0.368616250615321,0.11883037150682352,0.1548975060307861,-0.16180208333333335,0.368616250615321,0.11883037150682352,0.11883037150682352,0.11883037150682352,0.031821815786988616,0.031821815786988616,0.031821815786988616,0.11883037150682352,0.11883037150682352
oddbench,GeneticVariation,global,0.18110952221013063,0.37352907182930195,0.22617512909237691,,-0.18994535519125677,0.37352907182930195,0.22617512909237691,0.19608625295003948,0.19608625295003948,0.15442646918370467,0.15442646918370467,0.17781063256330437,0.22617512909237691,0.22617512909237691
tsbad_m,140_CATSv2_id_3_Sensor_tr_28307_1st_2840,global,0.22537735039324963,0.11417153058759888,0.1090419596550149,,-0.014914465136422694,0.11417153058759888,0.11417153058759888,0.513011887173544,0.513011887173544,0.12362803221723773,0.12362803221723773,0.12362803221723773,0.1090419596550149,0.11417153058759888
adbench,35_SpamBase,global,0.21410620246138845,0.4886066661527776,0.4886066661527776,0.04806319365541899,-0.0393083003952569,0.4886066661527776,0.4886066661527776,0.0,0.0,0.1511612017674293,0.1511612017674293,0.1700367001081975,0.4886066661527776,0.4886066661527776
dami,SpamBase,global,0.36677065821723515,0.5339516895948642,0.09386862001899698,0.04820854106962685,-0.051166007905138255,0.5339516895948642,0.5339516895948642,0.0,0.0,0.48304272906051826,0.48304272906051826,0.5902030792341514,0.09386862001899698,0.5339516895948642
tsbad_m,088_SVDB_id_5_Medical_tr_500_1st_168.csv,local,0.12159952158305115,0.0,0.06846211554376634,0.5386505678421472,-0.01384704788470481,0.0,0.0,0.06846211554376634,0.06846211554376634,0.1886674608507532,0.1886674608507532,0.1886674608507532,0.0,0.0
oddbench,ProsperLoan,local,0.06347618296996813,0.013537225070387113,0.0605119116508205,0.18758343235293098,-0.16409375000000004,0.013537225070387113,0.0605119116508205,0.046475147932338576,0.0605119116508205,0.05868553467612109,0.05868553467612109,0.025438079421172766,0.0605119116508205,0.0605119116508205
ovrbench,JobChangePatterns,global,0.33259943176005247,0.3283553643492836,0.21950451698966297,0.10592199109017135,-0.3095895833333334,0.3283553643492836,0.21950451698966297,0.3283553643492836,0.3283553643492836,0.25466828411241926,0.25466828411241926,0.25466828411241926,0.21950451698966297,0.21950451698966297
tsbad_m,031_MITDB_id_13_Medical_tr_50000_1st_794,local,0.014248190664573683,0.002976651286634463,0.0026226779857123385,0.5460436614557783,-0.007502236536052864,0.002976651286634463,0.002976651286634463,0.0032837651068226906,0.0032837651068226906,0.022818815825684777,0.022818815825684777,0.022818815825684777,0.002976651286634463,0.002976651286634463
ovrbench,TrafficSensor,local,0.573370741520831,0.04001194767990812,0.04001194767990812,0.2833100517971767,-0.017514583333333444,0.04001194767990812,0.04001194767990812,0.05625670182485032,0.05625670182485032,0.5593566790693507,0.5593566790693507,0.5593566790693507,0.04001194767990812,0.04001194767990812
ovrbench,PokemonBattle,local,0.1795248895189291,0.00500450954297299,0.09473114414180797,0.1764841987259353,-0.22059791666666662,0.00500450954297299,0.09473114414180797,0.09473114414180797,0.09473114414180797,0.18211864846275022,0.18211864846275022,0.18211864846275022,0.09473114414180797,0.09473114414180797
tsbad_m,022_MITDB_id_4_Medical_tr_50000_1st_5425,local,0.04082982327756743,0.03373461753512227,0.002376677396780366,0.5951617362688973,-0.031074004808976596,0.03373461753512227,0.03373461753512227,0.008296869993336273,0.0036149401878406845,0.03849768974159777,0.03849768974159777,0.0028426944037953927,0.03373461753512227,0.03373461753512227
ovrbench,RealEstateListings,local,0.11816065623556958,0.1440009715979066,0.15802798301169962,0.12843913617330907,-0.09166666666666679,0.1440009715979066,0.1440009715979066,0.17027656418521886,0.17027656418521886,0.08534733169987954,0.08534733169987954,0.08534733169987954,0.15802798301169962,0.1440009715979066
oddbench,BuildingInspections,global,0.2362702556483042,0.18904614220708357,0.32024121304233194,0.12549851454723152,-0.1111854166666667,0.18904614220708357,0.18904614220708357,0.31857839049415626,0.31857839049415626,0.3200070786533453,0.3200070786533453,0.3200070786533453,0.32024121304233194,0.18904614220708357
tsbad_m,026_MITDB_id_8_Medical_tr_30495_1st_3059,local,0.12407838176345318,0.009531369026063219,0.09981423363198154,0.5305702278902404,-0.004298564786739512,0.009531369026063219,0.009531369026063219,0.10484402948025194,0.10484402948025194,0.15927303653364858,0.15927303653364858,0.15927303653364858,0.009531369026063219,0.009531369026063219
ovrbench,ViralProteinFunction,local,0.15453905414200308,0.2508512299709335,0.13797002850855508,0.3375818077960641,-0.0998916666666666,0.2508512299709335,0.2508512299709335,0.13797002850855508,0.13797002850855508,0.10460611108216658,0.10460611108216658,0.10460611108216658,0.2508512299709335,0.2508512299709335
ovrbench,GeotechnicalAnomalies,local,0.17122823895668585,0.015816394719659385,0.23963610300100568,0.12995249415207588,-0.2117827626918538,0.015816394719659385,0.23963610300100568,0.06648893579978653,0.06648893579978653,0.2477325349972867,0.2477325349972867,0.2477325349972867,0.23963610300100568,0.23963610300100568
tsbad_m,098_SVDB_id_15_Medical_tr_500_1st_303.cs,local,0.10396585535970441,0.02098281668605162,0.021968904998702313,0.49498351888735287,-0.02081494057724964,0.02098281668605162,0.02098281668605162,0.021968904998702313,0.021968904998702313,0.14913665147986752,0.14913665147986752,0.14913665147986752,0.02098281668605162,0.02098281668605162
oddbench,ProtestViolence,global,0.6671167532670604,0.8650689069673555,0.543028908879276,0.04826014227915695,-0.05238125000000016,0.8650689069673555,0.8650689069673555,0.0,0.0,0.49016125232413105,0.49016125232413105,0.49016125232413105,0.543028908879276,0.8650689069673555
ovrbench,BreastCancer,global,0.058727701054241924,0.0,0.12889824179369902,0.1282602833105365,-0.21070381231671553,0.0,0.12889824179369902,0.0,0.0,0.045384782426697995,0.045384782426697995,0.045384782426697995,0.12889824179369902,0.12889824179369902
ovrbench,UserMovieInteractions,global,0.3082490577582717,0.15428081856687567,0.33820714127581086,0.13043823818600345,-0.2874958333333334,0.15428081856687567,0.33820714127581086,0.15428081856687567,0.15428081856687567,0.33132704084042497,0.33132704084042497,0.33132704084042497,0.33820714127581086,0.33820714127581086
ovrbench,Word2VecPCA,global,0.1210706471787722,0.16374650548275752,0.14870107706551605,0.1127207429590793,-0.14995416666666672,0.16374650548275752,0.14870107706551605,0.14870107706551605,0.14870107706551605,0.12656005146809873,0.12656005146809873,0.11782032222132863,0.14870107706551605,0.14870107706551605
tsbad_m,085_SVDB_id_2_Medical_tr_50000_1st_54982,local,0.13415723882106934,0.002786278459412539,0.1071637800095317,0.5737550176111875,-0.0013237384506041838,0.002786278459412539,0.002786278459412539,0.12080411194865381,0.12080411194865381,0.14380408233235553,0.14380408233235553,0.15500903162896124,0.002786278459412539,0.002786278459412539
ovrbench,TextAnomalyDetection,global,0.09720934828003251,0.030437757314276576,0.11103411026445896,0.5488856645496267,0.0015083333333333337,0.030437757314276576,0.030437757314276576,0.11103411026445896,0.11103411026445896,0.1399364802082598,0.1399364802082598,0.0810830231158326,0.030437757314276576,0.030437757314276576
ovrbench,BNG(cmc),global,0.2731811920298258,0.30734313275106406,0.0,0.46373673074360056,-0.21714166666666657,0.30734313275106406,0.0,0.2432349815587771,0.2964357493433785,0.37597141518774146,0.37597141518774146,0.2709424179754797,0.30734313275106406,0.30734313275106406
oddbench,GlobalTerrorismAttack,global,0.4214260621387431,0.6227314669624484,0.6227314669624484,0.024023252893888965,-0.09863958333333334,0.6227314669624484,0.6227314669624484,0.4750211723304574,0.6227314669624484,0.4118974332978751,0.4118974332978751,0.45103849485439806,0.6227314669624484,0.6227314669624484
tsbad_m,021_MITDB_id_3_Medical_tr_50000_1st_5759,local,0.3109946194071471,0.018693934986316774,0.09855464260465335,0.495525786825104,-0.00030088958660390297,0.018693934986316774,0.018693934986316774,0.10323697413659949,0.10323697413659949,0.4447250030771286,0.4447250030771286,0.4447250030771286,0.018693934986316774,0.018693934986316774
ovrbench,FICO-HELOC-cleaned,local,0.08228229259136623,0.2055028599576837,0.10561836160980204,0.14720580209422846,-0.1426241480038949,0.2055028599576837,0.10561836160980204,0.2055028599576837,0.2055028599576837,0.11257487236935934,0.11257487236935934,0.025420622804581967,0.10561836160980204,0.10561836160980204
tsbad_m,082_LTDB_id_4_Medical_tr_4456_1st_4556.c,local,0.1144735557626324,0.0,0.03187394664273335,0.557051036559729,-0.002683270676691496,0.0,0.0,0.04740383036153212,0.09830918240500253,0.07367992413118629,0.07367992413118629,0.07367992413118629,0.0,0.0
oddbench,TrialBehavior,global,0.16180523207411693,0.16290222709948066,0.18109472810508132,0.3579714027386023,-0.2790229166666668,0.16290222709948066,0.18109472810508132,0.16290222709948066,0.16290222709948066,0.18395746464193727,0.18395746464193727,0.18395746464193727,0.16290222709948066,0.16290222709948066
ovrbench,compass,local,0.10443919918210084,0.1653268874504332,0.16197241843425686,0.06682609953968774,-0.1465833333333334,0.1653268874504332,0.16197241843425686,0.22518508915723834,0.22518508915723834,0.16197241843425686,0.16197241843425686,0.16197241843425686,0.16197241843425686,0.16197241843425686
ovrbench,KickstarterCampaigns,local,0.2727505330021984,0.207993460844136,0.207993460844136,0.1949639668351324,-0.25493333333333346,0.207993460844136,0.207993460844136,0.22794273970512036,0.21454894569918914,0.22794273970512036,0.207993460844136,0.207993460844136,0.207993460844136,0.207993460844136
tsbad_m,115_PSM_id_1_Facility_tr_50000_1st_12987,global,0.16691418313768291,0.20135496545106774,0.20135496545106774,0.22140490409382022,-0.19130905077262705,0.20135496545106774,0.20135496545106774,0.19477432385565535,0.19477432385565535,0.2504871684298038,0.2504871684298038,0.2504871684298038,0.20135496545106774,0.20135496545106774
adbench,19_landsat,local,0.4234068209447215,0.003688256737989337,0.003688256737989337,0.49719460119469755,-0.00011274509803915755,0.003688256737989337,0.003688256737989337,0.15905552146247504,0.15905552146247504,0.5713713274888472,0.5713713274888472,0.5713713274888472,0.003688256737989337,0.003688256737989337
ovrbench,SpatialAnomalies,local,0.4673307697258597,0.024233207002364976,0.024233207002364976,0.15068925714124262,-0.13213307240704497,0.024233207002364976,0.024233207002364976,0.3444706978138131,0.09104782936469291,0.42244596641103954,0.42244596641103954,0.42244596641103954,0.024233207002364976,0.024233207002364976
tsbad_m,099_SVDB_id_16_Medical_tr_1115_1st_1215.,local,0.1137481987457708,0.0,0.02489486148457143,0.4552526752836554,-0.00848905109489051,0.0,0.0,0.02489486148457143,0.02489486148457143,0.1494556310813835,0.1494556310813835,0.1494556310813835,0.0,0.0
oddbench,RulePriorityAnomalies,global,0.10190571339743291,0.0048077598317112225,0.1256401130016223,0.16132969691102364,-0.1238814756671901,0.0048077598317112225,0.0048077598317112225,0.010307235059453093,0.01737374804112299,0.1256401130016223,0.1256401130016223,0.12917459288616906,0.1256401130016223,0.0048077598317112225
oddbench,WaterChemistry,local,0.4828616195054579,0.0,0.09382276055857175,0.43242732097927994,-0.025021079258010115,0.0,0.0,0.5633167528918326,0.5633167528918326,0.48141740378469255,0.48141740378469255,0.48141740378469255,0.0,0.0
ovrbench,EmployeePerformance,local,0.4763136824661399,0.0913918702608651,0.5418070193718372,0.28184482431979757,-0.14070000000000005,0.0913918702608651,0.5418070193718372,0.0913918702608651,0.0913918702608651,0.5152677852737424,0.5152677852737424,0.5152677852737424,0.0913918702608651,0.0913918702608651
ovrbench,SepsisMonitoring,local,0.06411633909843457,0.11655867615474362,0.07357351133123306,0.14035010068732925,-0.19748333333333346,0.11655867615474362,0.07357351133123306,0.060583033702613996,0.05962312959774319,0.060583033702613996,0.060583033702613996,0.060583033702613996,0.07357351133123306,0.07357351133123306
tsbad_m,113_SVDB_id_30_Medical_tr_4552_1st_4652.,global,0.10145613627922931,0.08361958283459373,0.08883310625219658,0.6217655605403204,-0.011164150943396178,0.08361958283459373,0.08361958283459373,0.08883310625219658,0.08883310625219658,0.12800658448573454,0.12800658448573454,0.08539019995556876,0.08361958283459373,0.08361958283459373
ovrbench,BatchProcessingEvents,local,0.05384374264987729,0.058397221162120004,0.07871139521302038,0.1669618450738831,-0.20770416666666658,0.058397221162120004,0.07871139521302038,0.07871139521302038,0.07121839548022027,0.07871139521302038,0.07871139521302038,0.07871139521302038,0.07871139521302038,0.07871139521302038
ovrbench,PhysicsTraining,local,0.11806718894628333,0.1837829312643468,0.16346761322356754,0.09489564864580094,-0.15622500000000006,0.1837829312643468,0.16346761322356754,0.1470701520083105,0.1470701520083105,0.21511536309878254,0.21511536309878254,0.21719287305721371,0.16346761322356754,0.16346761322356754
ovrbench,volkert,global,0.29442710638631,0.267499754337892,0.267499754337892,0.19588333367087324,-0.036329166666666635,0.267499754337892,0.267499754337892,0.10538857605991536,0.10538857605991536,0.3004155224549792,0.3004155224549792,0.48434885491751906,0.267499754337892,0.267499754337892
ovrbench,FireRiskAnalysis,global,0.10354936890937023,0.01467749850148023,0.014955115428829727,0.34270528676403444,-0.18111250000000012,0.01467749850148023,0.014955115428829727,0.03579989269387816,0.03579989269387816,0.012025127735287494,0.012025127735287494,0.012025127735287494,0.01467749850148023,0.01467749850148023
adbench,30_satellite,global,0.40802459764825555,0.18626760098810935,0.18626760098810935,0.6848088255883497,-0.00017045454545450145,0.18626760098810935,0.18626760098810935,0.335964348845692,0.335964348845692,0.5320146794154639,0.5320146794154639,0.3054587559331252,0.18626760098810935,0.18626760098810935
oddbench,AttackIncidents,local,0.06364244367424594,0.034658549411141236,0.034658549411141236,0.16331834502893247,-0.2011986681465039,0.034658549411141236,0.034658549411141236,0.034658549411141236,0.034658549411141236,0.10030336842097101,0.10030336842097101,0.10030336842097101,0.034658549411141236,0.034658549411141236
tsbad_m,102_SVDB_id_19_Medical_tr_50000_1st_1073,local,0.3567638052550546,0.07872474796417889,0.10600684220289985,0.565048262373571,-0.013252697528715496,0.07872474796417889,0.07872474796417889,0.10600684220289985,0.10600684220289985,0.5029085628920185,0.5029085628920185,0.5029085628920185,0.07872474796417889,0.07872474796417889
ovrbench,RealEstateData,global,0.5204522668879755,0.20348402128455056,0.15183700717597598,0.011999791308374605,-0.09401413189771202,0.20348402128455056,0.20348402128455056,0.20348402128455056,0.20348402128455056,0.7428150907121899,0.7428150907121899,0.6140033966320481,0.15183700717597598,0.20348402128455056
tsbad_m,096_SVDB_id_13_Medical_tr_500_1st_444.cs,local,0.13134775725795259,0.0,0.04217647301175417,0.5093550199874876,-0.012401278676194116,0.0,0.0,0.04217647301175417,0.04217647301175417,0.17595309214204852,0.17595309214204852,0.17595309214204852,0.0,0.0
oddbench,RacingMotion,local,0.5001195039592232,0.9391296238090816,0.9391296238090816,0.16769744089996802,-0.10777916666666654,0.9391296238090816,0.9391296238090816,0.9391296238090816,0.9391296238090816,0.6751821161565708,0.6751821161565708,0.6751821161565708,0.9391296238090816,0.9391296238090816
ovrbench,CryptojackingSystem,local,0.2744484204916834,0.038069742972189236,0.3098955000917445,0.2857711119615957,-0.11399791666666681,0.038069742972189236,0.038069742972189236,0.3098955000917445,0.3066390227861265,0.313246502383935,0.313246502383935,0.313246502383935,0.038069742972189236,0.038069742972189236
ovrbench,CreditScoringAnomalies,local,0.265926312738834,0.24386522818333117,0.359661797188378,0.16207932858715948,-0.07252916666666664,0.24386522818333117,0.24386522818333117,0.359661797188378,0.359661797188378,0.3642922756015934,0.3642922756015934,0.3642922756015934,0.359661797188378,0.24386522818333117
oddbench,LandShapeAnomaly,global,0.1250389890531507,0.0,0.0,0.17451925290225354,-0.2164104372355431,0.0,0.0,0.0,0.00011377567518189302,0.0,0.0,0.0,0.0,0.0
ovrbench,XSSDetection,global,0.6629224099441563,0.8085338891792908,0.8085338891792908,0.05393855179466808,-0.04661666666666664,0.8085338891792908,0.8085338891792908,0.2059490166414426,0.2059490166414426,0.2603176713184189,0.2603176713184189,0.2603176713184189,0.8085338891792908,0.8085338891792908
ovrbench,NetworkHealthMonitor,local,0.06396016691891639,0.04926824691705192,0.09668450513607119,0.21434606903708806,-0.03936874999999995,0.04926824691705192,0.04926824691705192,0.09454174719415459,0.02748812745080463,0.09668450513607119,0.09668450513607119,0.09668450513607119,0.09668450513607119,0.04926824691705192
oddbench,OkCupidUserBehavior,local,0.028116498777540244,0.003927735965433235,0.03900848936823859,0.054073130130333276,-0.2993274336283186,0.003927735965433235,0.03900848936823859,0.02776303242428843,0.02776303242428843,0.032334635399212455,0.032334635399212455,0.032334635399212455,0.03900848936823859,0.03900848936823859
tsbad_m,087_SVDB_id_4_Medical_tr_5421_1st_5521.c,local,0.16434609705711173,0.0,0.0,0.5642290122183025,-0.0029181218471091563,0.0,0.0,0.0925233696462286,0.09864032340981406,0.20699085106177578,0.20699085106177578,0.19743478637139875,0.0,0.0
ovrbench,KDD,global,0.07889462856640579,0.11652902071900145,0.011081729503501801,0.16257891957088708,-0.18188866799204773,0.11652902071900145,0.011081729503501801,0.024775250751206596,0.024775250751206596,0.011081729503501801,0.011081729503501801,0.011081729503501801,0.011081729503501801,0.011081729503501801
tsbad_m,110_SVDB_id_27_Medical_tr_30824_1st_3092,local,0.07893912086674232,0.016464814976534167,0.052587865293881715,0.42596925554464277,-0.004374771480804451,0.016464814976534167,0.016464814976534167,0.052587865293881715,0.052587865293881715,0.08310831445615986,0.08310831445615986,0.08310831445615986,0.016464814976534167,0.016464814976534167
oddbench,PoliceForceDisturbance,local,0.37182538911654506,0.3859447908714095,0.3859447908714095,0.11947072547521766,-0.05977083333333333,0.3859447908714095,0.3859447908714095,0.5832960331043351,0.3859447908714095,0.4609216371963045,0.4609216371963045,0.4609216371963045,0.3859447908714095,0.3859447908714095
tsbad_m,095_SVDB_id_12_Medical_tr_6264_1st_6364.,local,0.106027100298593,0.0014848209479332575,0.05666629266884336,0.5171969540386158,-0.0055177570093458694,0.0014848209479332575,0.0014848209479332575,0.05666629266884336,0.05666629266884336,0.13347865077132448,0.13347865077132448,0.10032679691055249,0.0014848209479332575,0.0014848209479332575
ovrbench,WebpageSessionIntrusion,local,0.14222865549135125,0.14950453309615142,0.14950453309615142,0.46290879768854415,-0.3015333333333333,0.14950453309615142,0.14950453309615142,0.17062551114957078,0.1810210701450518,0.1578708244170686,0.1578708244170686,0.1677262989582445,0.14950453309615142,0.14950453309615142
tsbad_m,142_CATSv2_id_5_Sensor_tr_30704_1st_3080,global,0.08519269838596755,0.12875852357010992,0.08993072343189064,,-0.014389671361502265,0.12875852357010992,0.12875852357010992,0.09421358038629775,0.09421358038629775,0.07039393826474444,0.07039393826474444,0.07039393826474444,0.08993072343189064,0.12875852357010992
ovrbench,UrlAnalysis,global,0.3599048147681705,0.8523927308939885,0.19064604944877866,0.1477425079344217,-0.14453616352201248,0.8523927308939885,0.19064604944877866,0.1795096016060737,0.1795096016060737,0.19064604944877866,0.19064604944877866,0.19064604944877866,0.19064604944877866,0.19064604944877866
oddbench,CourseRegistration,local,0.2629208075552904,0.20840095191866154,0.20840095191866154,0.1371946311735257,-0.09067083333333348,0.20840095191866154,0.20840095191866154,0.20840095191866154,0.20840095191866154,0.40256395195280154,0.40256395195280154,0.40256395195280154,0.20840095191866154,0.20840095191866154
tsbad_m,107_SVDB_id_24_Medical_tr_32805_1st_3290,local,0.04155348280212781,0.0,0.015754848206879127,0.4764545890927572,-0.008605858361141916,0.0,0.0,0.013329138172780836,0.005931601567990524,0.0597421176541868,0.0597421176541868,0.0597421176541868,0.0,0.0
dami,Annthyroid,global,0.32749785098153666,0.0,0.0,0.05246216264619437,-0.06510833333333343,0.0,0.0,0.29451002253093017,0.29451002253093017,0.38557132685479256,0.38557132685479256,0.39036836175328943,0.0,0.0
oddbench,GPUResourceUsage,local,0.4884229281749686,0.5292207156179691,0.5518954438551077,0.15294855726695625,-0.17953750000000002,0.5292207156179691,0.5518954438551077,0.5240533414224882,0.5240533414224882,0.5240533414224882,0.5240533414224882,0.5240533414224882,0.5518954438551077,0.5518954438551077
ovrbench,KenyaMovement,local,0.044729442444507814,0.01759210241828836,0.07384787435171312,0.11628745436159554,-0.3302770833333333,0.01759210241828836,0.07384787435171312,0.07077091152778368,0.06822190763062648,0.025649448344969086,0.025649448344969086,0.025649448344969086,0.07384787435171312,0.07384787435171312
oddbench,DiamondClarity,local,0.7764688279761899,0.0,0.7507518505538945,0.37870600650945657,-0.14243749999999977,0.0,0.7507518505538945,0.7507518505538945,0.7507518505538945,0.8357222625173195,0.8357222625173195,0.8357222625173195,0.0,0.0
oddbench,HealthBehavior,global,0.05681056935693806,0.0207888683526068,0.0207888683526068,0.24814806962117117,-0.1925938477580813,0.0207888683526068,0.0207888683526068,0.0032205858277651045,0.0032205858277651045,0.04582992008205317,0.04582992008205317,0.04582992008205317,0.0207888683526068,0.0207888683526068
ovrbench,ShillBidding,global,0.4180313307541551,0.0,0.0,0.23624855473260506,-0.17579495128432232,0.0,0.0,0.0,0.0,0.1146102973451909,0.1146102973451909,0.1146102973451909,0.0,0.0
oddbench,SalesPerformance,global,0.18525598159520856,0.06035315984993006,0.15954621236030997,0.17863201473028711,-0.15298295454545452,0.06035315984993006,0.15954621236030997,0.06035315984993006,0.06035315984993006,0.04394225261068452,0.16746993060924753,0.04394225261068452,0.15954621236030997,0.15954621236030997
tsbad_m,139_CATSv2_id_2_Sensor_tr_5592_1st_5692.,global,0.18295862020116618,0.18648429650533238,0.3143120309753379,,-0.006280746395250336,0.18648429650533238,0.18648429650533238,0.27363702190238187,0.27363702190238187,0.15634357351302805,0.15634357351302805,0.15634357351302805,0.3143120309753379,0.18648429650533238
oddbench,HumanRobotCollaboration,local,0.48582569388265184,0.0065361836415769314,0.0065361836415769314,0.027530102043811663,-0.00968958333333314,0.0065361836415769314,0.0065361836415769314,0.34593256707892095,0.34593256707892095,0.5994652468882993,0.5994652468882993,0.5994652468882993,0.0065361836415769314,0.0065361836415769314
oddbench,VoteOutcome,local,0.5740627863298128,0.10555455853759643,0.5098583825981935,0.2844613724750778,-0.05726249999999988,0.10555455853759643,0.10555455853759643,0.7911515982901443,0.5098583825981935,0.6142209954765112,0.6142209954765112,0.6142209954765112,0.10555455853759643,0.10555455853759643
oddbench,EmailSpamDetection,global,0.4457700567687932,0.5084255644630384,0.5084255644630384,0.33085310674440377,-0.006908713692945989,0.5084255644630384,0.5084255644630384,0.0,0.0,0.3838249600399323,0.3838249600399323,0.3838249600399323,0.5084255644630384,0.5084255644630384
tsbad_m,172_SWaT_id_2_Sensor_tr_23700_1st_23800.,local,0.17102378543835997,0.020767063983704204,0.3109550826557299,,-0.00023530664395221557,0.020767063983704204,0.020767063983704204,0.30751707483499796,0.30751707483499796,0.3055277112581284,0.30683832869374916,0.30751707483499796,0.3109550826557299,0.020767063983704204
ovrbench,SyntheticNumericalBatch,local,0.17881863435388956,0.0,0.0,0.527653220138541,-0.0008856275303644745,0.0,0.0,0.08610112782495732,0.08610112782495732,0.18840647322771517,0.18840647322771517,0.18840647322771517,0.0,0.0
tsbad_m,092_SVDB_id_9_Medical_tr_2674_1st_2774.c,local,0.14776403223372325,0.0,0.006782141596476249,0.591515457453654,-0.004783231816553268,0.0,0.0,0.013822013634354424,0.013822013634354424,0.19759546212191903,0.19759546212191903,0.0854839333311786,0.0,0.0
ovrbench,Run_or_walk_information,local,0.6039488587056754,0.028169756833845483,0.028169756833845483,0.1948711354804283,-0.1789729166666666,0.028169756833845483,0.028169756833845483,0.9015618754888344,0.5060303527104162,0.7703650724570748,0.7703650724570748,0.8626096696210954,0.028169756833845483,0.028169756833845483
tsbad_m,141_CATSv2_id_4_Sensor_tr_41727_1st_4182,global,0.23372302285059998,0.15163815963957028,0.4658185086428539,,-0.04134872680189916,0.15163815963957028,0.15163815963957028,0.4518951541359205,0.4518951541359205,0.20969377137575296,0.20969377137575296,0.20969377137575296,0.4658185086428539,0.15163815963957028
ovrbench,FinancialTransaction1,global,0.06688171179766428,0.05741920691190802,0.10804151326841796,0.11201413679095368,-0.02945416666666678,0.05741920691190802,0.05741920691190802,0.05962259604015961,0.05962259604015961,0.06324888368898715,0.06324888368898715,0.06324888368898715,0.10804151326841796,0.05741920691190802
oddbench,ArtSalesPlatform,global,0.09769949870974762,0.1030984037978637,0.16066840378309546,0.5014053600847793,-0.16521874999999986,0.1030984037978637,0.16066840378309546,0.1030984037978637,0.16071969002226727,0.058743210305485405,0.058743210305485405,0.058743210305485405,0.1030984037978637,0.1030984037978637
tsbad_m,103_SVDB_id_20_Medical_tr_12167_1st_1226,local,0.05969450628335054,0.0,0.045596949682462695,0.44587942874012765,-0.03875134940626124,0.0,0.0,0.045596949682462695,0.045596949682462695,0.07469586710301018,0.07469586710301018,0.07303165235329104,0.0,0.0
ovrbench,AbstractAnomalyBatch,local,0.6375507940439549,0.8824316690073153,0.8715851259910832,0.13715155305165921,-0.26683749999999995,0.8824316690073153,0.8715851259910832,0.8703356990163809,0.8703356990163809,0.8824316690073153,0.8824316690073153,0.8824316690073153,0.8715851259910832,0.8715851259910832
ovrbench,visualizing_soil,global,0.591234529809586,0.5769539622518834,0.5769539622518834,0.12214344634937985,-0.16954784437434267,0.5769539622518834,0.5769539622518834,0.0,0.0,0.5448527464437041,0.5448527464437041,0.5448527464437041,0.5769539622518834,0.5769539622518834
ovrbench,GamingBehavior,local,0.3430399073976122,0.3009563002803129,0.3946529307284655,0.18793714243887222,-0.21318250000000005,0.3009563002803129,0.3946529307284655,0.4257380093034006,0.4257380093034006,0.3946529307284655,0.3946529307284655,0.3946529307284655,0.3946529307284655,0.3946529307284655
oddbench,GeneticAnalysis,global,0.08433087794155221,0.05156207522543253,0.09823158709609567,0.2689589460435084,-0.1314333933393339,0.05156207522543253,0.05156207522543253,0.09924557412260428,0.09924557412260428,0.09823158709609567,0.09823158709609567,0.11084032220439154,0.05156207522543253,0.05156207522543253
oddbench,AxieInfinityBug,global,0.10717172447525528,0.09983698742550559,0.0496320505521396,0.12064736630342375,-0.17756041666666678,0.09983698742550559,0.0496320505521396,0.06401446343017572,0.0496320505521396,0.13670615097730746,0.13670615097730746,0.13670615097730746,0.0496320505521396,0.0496320505521396
oddbench,RealEstateBlockType,global,0.09449576826499605,0.01732044233409953,0.04167847856628333,0.21037609127646753,-0.339800796812749,0.01732044233409953,0.04167847856628333,0.026901463297037922,0.01732044233409953,0.04167847856628333,0.04167847856628333,0.04167847856628333,0.04167847856628333,0.04167847856628333
oddbench,WaterPointFunctionality,local,0.09692508974553023,0.0,0.05772271854447303,0.19161505101170395,-0.09226458333333332,0.0,0.0,0.05772271854447303,0.05772271854447303,0.10135243197901671,0.10135243197901671,0.10135243197901671,0.05772271854447303,0.0
oddbench,SMSClassification,global,0.27988367124650393,0.4520885863648636,0.07119140031766896,0.2529824816374917,-0.14639637305699482,0.4520885863648636,0.07119140031766896,0.07119140031766896,0.0,0.1866332671158085,0.07119140031766896,0.1866332671158085,0.4520885863648636,0.4520885863648636
ovrbench,KPIData,local,0.08245620527791672,0.09676018356074964,0.08498857559142758,0.3340021567893181,-0.12267083333333328,0.09676018356074964,0.09676018356074964,0.08498857559142758,0.08498857559142758,0.11552353084555361,0.11552353084555361,0.11552353084555361,0.09676018356074964,0.09676018356074964
ovrbench,ShuttleOperations,local,0.531177788494579,0.0,0.037096415883218326,0.2158109733391022,-0.0383062500000001,0.0,0.0,0.037096415883218326,0.037096415883218326,0.7238256989407665,0.7238256989407665,0.7238256989407665,0.037096415883218326,0.0
tsbad_m,112_SVDB_id_29_Medical_tr_8226_1st_8326.,global,0.059233686512408804,0.04822041738971427,0.05757844543117656,0.5397616036653645,-0.015476190476190532,0.04822041738971427,0.04822041738971427,0.05757844543117656,0.05757844543117656,0.062320454513481074,0.062320454513481074,0.062320454513481074,0.04822041738971427,0.04822041738971427
oddbench,CasePriority,local,0.1934410131395734,0.17836886796030166,0.17836886796030166,0.6950010835198557,-0.007550000000000057,0.17836886796030166,0.17836886796030166,0.17836886796030166,0.17836886796030166,0.0715281566015546,0.0715281566015546,0.06263639464638554,0.17836886796030166,0.17836886796030166
dami,Wilt,local,0.22268679010308928,0.0,0.23035949055871335,0.24054537188265898,-0.2824396929824561,0.0,0.23035949055871335,0.18073775415804477,0.18073775415804477,0.25442503957564416,0.25442503957564416,0.25442503957564416,0.0,0.0
adbench,44_Wilt,local,0.6093204596841542,0.18830805890822283,0.4456969079747201,0.24054537188265895,-0.18818530701754388,0.18830805890822283,0.4456969079747201,0.4456969079747201,0.4456969079747201,0.709072570285834,0.709072570285834,0.709072570285834,0.18830805890822283,0.18830805890822283
ovrbench,SpotifyHitPredictor,global,0.19718689318030902,0.057203771046730745,0.057203771046730745,0.10122281505328923,-0.23894531250000006,0.057203771046730745,0.057203771046730745,0.057203771046730745,0.057203771046730745,0.08044873047420531,0.08044873047420531,0.08044873047420531,0.057203771046730745,0.057203771046730745
oddbench,TreadmillStatus,local,0.49058469731224186,0.6528875246189886,0.41611623229029104,0.3859260624132604,-0.07591875000000003,0.6528875246189886,0.6528875246189886,0.31488537873503997,0.31488537873503997,0.6593370308755997,0.6252022764128854,0.6593370308755997,0.6528875246189886,0.6528875246189886
ovrbench,students_dropout_and_academic_success,local,0.13765669128491612,0.09980372521809033,0.03946630106468396,0.3621646911993287,-0.11005656108597284,0.09980372521809033,0.09980372521809033,0.12871602891587483,0.09980372521809033,0.18428515939505938,0.18428515939505938,0.18428515939505938,0.09980372521809033,0.09980372521809033
ovrbench,MalariaDetection,global,0.5724026405069349,0.8296380183362532,0.9374408733535233,0.1807479971710228,-0.07131250000000011,0.8296380183362532,0.8296380183362532,0.4276087138514206,0.19109976691856356,0.4276087138514206,0.4276087138514206,0.4276087138514206,0.9374408733535233,0.8296380183362532
ovrbench,GesturePhaseSegmentationProcessed,local,0.5807281656775656,0.02072854257418638,0.02072854257418638,0.096925868620166,-0.07563135593220316,0.02072854257418638,0.02072854257418638,0.6914854017655763,0.6914854017655763,0.6792340547405522,0.6792340547405522,0.6792340547405522,0.02072854257418638,0.02072854257418638
ovrbench,HealthMetrics,local,0.06474086503327758,0.10019577533639565,0.05367703833782012,0.24968702041951832,-0.2883384773662552,0.10019577533639565,0.05367703833782012,0.05367703833782012,0.06379267961599229,0.0280506587759315,0.0280506587759315,0.0280506587759315,0.10019577533639565,0.10019577533639565
oddbench,BugSeverity,global,0.07612646000732388,0.003264449301134467,0.06038308911107078,0.25701800340349396,-0.11843444227005873,0.003264449301134467,0.003264449301134467,0.003264449301134467,0.003264449301134467,0.06220284523963094,0.06220284523963094,0.06220284523963094,0.003264449301134467,0.003264449301134467
tsbad_m,084_SVDB_id_1_Medical_tr_12973_1st_13073,local,0.04529562943709781,0.03075257799683752,0.0,0.5514715606983664,-0.009779385810095298,0.03075257799683752,0.03075257799683752,0.007171598298318545,0.007171598298318545,0.05845338709746364,0.05845338709746364,0.05845338709746364,0.03075257799683752,0.03075257799683752
oddbench,LandRarity,global,0.19413239122956116,0.0,0.17709929847897143,0.16819328405659859,-0.11590909090909096,0.0,0.0,0.0,0.0,0.17709929847897143,0.17709929847897143,0.20074350208836966,0.17709929847897143,0.0
oddbench,ProgrammingAnomalies,local,0.18361521723497082,0.21288561969129458,0.25995640632916334,0.18167851822019948,-0.22640416666666652,0.21288561969129458,0.25995640632916334,0.2544815026325459,0.25995640632916334,0.25995640632916334,0.25995640632916334,0.25995640632916334,0.25995640632916334,0.25995640632916334
oddbench,WindowsEditionAnomaly,global,0.3345584014500361,0.5063578553412765,0.5063578553412765,0.08513471705871649,-0.08253333333333335,0.5063578553412765,0.5063578553412765,0.3975653241787671,0.3975653241787671,0.018007257613419925,0.018007257613419925,0.018007257613419925,0.5063578553412765,0.5063578553412765
ovrbench,BankruptcyForecast,global,0.08794929539506192,0.09815707351822059,0.09815707351822059,0.14652238272461893,-0.04311666666666669,0.09815707351822059,0.09815707351822059,0.07886143978833651,0.07886143978833651,0.09730510726135339,0.09730510726135339,0.09730510726135339,0.09815707351822059,0.09815707351822059
ovrbench,seismic-bumps,local,0.07055816043561278,0.13036921452437766,0.046049752606325364,0.2703486794983124,-0.18212215320910974,0.13036921452437766,0.046049752606325364,0.044951216332286256,0.044951216332286256,0.02026531211849908,0.03650806574764669,0.02026531211849908,0.13036921452437766,0.13036921452437766
tsbad_m,143_CATSv2_id_6_Sensor_tr_50000_1st_6023,global,0.20989159648223504,0.12301346266112595,0.31450724717568507,,-0.02796028880866419,0.12301346266112595,0.12301346266112595,0.40602378312551096,0.3803230761098892,0.17972580713954953,0.17972580713954953,0.17972580713954953,0.31450724717568507,0.12301346266112595
tsbad_m,108_SVDB_id_25_Medical_tr_1238_1st_1338.,local,0.10167603652629334,0.0,0.026144550792301796,0.5212503434157483,-0.05478747203579426,0.0,0.0,0.026144550792301796,0.026144550792301796,0.0843337332439474,0.0843337332439474,0.0843337332439474,0.0,0.0
tsbad_m,104_SVDB_id_21_Medical_tr_50000_1st_1066,local,0.16011167161625578,0.07870306489580023,0.0,0.520768200348114,-0.0028488779803645947,0.07870306489580023,0.07870306489580023,0.0,0.0,0.21262832934355838,0.21262832934355838,0.20194623584031116,0.07870306489580023,0.07870306489580023
oddbench,CarMakeAnomaly,local,0.04541433637659289,0.055650448656773745,0.039685457467702016,0.31923132689844774,-0.29445833333333327,0.055650448656773745,0.039685457467702016,0.055650448656773745,0.039685457467702016,0.039685457467702016,0.039685457467702016,0.039685457467702016,0.055650448656773745,0.055650448656773745
ovrbench,mozilla4,local,0.05550439570607427,0.033047664549130176,0.07661485609764904,0.17776168062412168,-0.09454166666666663,0.033047664549130176,0.033047664549130176,0.07661485609764904,0.07661485609764904,0.07491633384265822,0.07491633384265822,0.03395886503435035,0.07661485609764904,0.033047664549130176
oddbench,FishingAnomalies,local,0.1817836104133288,0.23018776481401967,0.22895083427613752,0.34521169077482866,-0.005558333333333332,0.23018776481401967,0.23018776481401967,0.22895083427613752,0.22895083427613752,0.19184466570282876,0.19184466570282876,0.19184466570282876,0.23018776481401967,0.23018776481401967
oddbench,AquaticMacroInverts,global,0.3883112166282408,0.5528517885730906,0.07061377247124256,0.21700952239234603,-0.23011418269230777,0.5528517885730906,0.07061377247124256,0.0,0.07061377247124256,0.07061377247124256,0.07061377247124256,0.07061377247124256,0.07061377247124256,0.07061377247124256
oddbench,UserEventAnomalies,global,0.8402227313179651,0.0,0.0,0.208492726595123,-0.0859416666666667,0.0,0.0,0.8864770996239905,0.7889438223816942,0.814173598195401,0.814173598195401,0.814173598195401,0.0,0.0
oddbench,RealEstateProperties,local,0.0879591896927101,0.06058633305287614,0.061995976487383794,0.30541292776380785,-0.24843125,0.06058633305287614,0.061995976487383794,0.061995976487383794,0.060965516192152805,0.046432706601795576,0.046432706601795576,0.046432706601795576,0.06058633305287614,0.06058633305287614
tsbad_m,053_GHL_id_22_Sensor_tr_50000_1st_126448,local,0.2968896290443115,0.41611465680856935,0.41611465680856935,,-0.06941636582430799,0.41611465680856935,0.41611465680856935,0.4103025094668159,0.4103025094668159,0.19334088191268875,0.40225029340665397,0.19334088191268875,0.41611465680856935,0.41611465680856935
ovrbench,HeadingDetection,local,0.27035054332356706,0.177038455998056,0.35032556009623766,0.31952743588975474,-0.26553125,0.177038455998056,0.35032556009623766,0.33501377725641507,0.177038455998056,0.35032556009623766,0.35032556009623766,0.35032556009623766,0.177038455998056,0.177038455998056
adbench,27_PageBlocks,local,0.2877308946015069,0.042508006942195586,0.45072889059763227,0.40475880193224867,-0.0457369498464687,0.042508006942195586,0.042508006942195586,0.294066291473962,0.45072889059763227,0.28239677210312897,0.28239677210312897,0.28239677210312897,0.042508006942195586,0.042508006942195586
dami,PageBlocks,local,0.126846059573807,0.023661378082995455,0.10349175331426208,0.4047588019322487,-0.1991223132036848,0.023661378082995455,0.10349175331426208,0.13419594120451223,0.10349175331426208,0.16580625730637782,0.16580625730637782,0.16580625730637782,0.023661378082995455,0.023661378082995455
tsbad_m,138_CATSv2_id_1_Sensor_tr_16568_1st_1666,local,0.27917900445053917,0.1352131564090972,0.1550780074507218,,-0.009304102976669393,0.1352131564090972,0.1352131564090972,0.5313608242965928,0.5313608242965928,0.19162387773311085,0.5378829042042426,0.19162387773311085,0.1550780074507218,0.1352131564090972
oddbench,AustinCrime,local,0.10093121163286135,0.1422382943892954,0.11801869228177689,0.229703907917435,-0.07879310344827595,0.1422382943892954,0.1422382943892954,0.04461495214148366,0.04461495214148366,0.11801869228177689,0.11801869228177689,0.11801869228177689,0.1422382943892954,0.1422382943892954
ovrbench,thyroid-ann,global,0.21112310597433281,0.22772496646573295,0.28232235354471996,0.23163457228644588,-0.21569126074498568,0.22772496646573295,0.28232235354471996,0.28232235354471996,0.030804175882785834,0.23425281337896758,0.23425281337896758,0.23425281337896758,0.22772496646573295,0.22772496646573295
ovrbench,GeneExpressionCoactivator,global,0.1391778932227776,0.24887051408318686,0.053925840253212065,0.13658607943688486,-0.31491630276564775,0.24887051408318686,0.053925840253212065,0.011740676032918562,0.044003775232784204,0.044003775232784204,0.044003775232784204,0.044003775232784204,0.053925840253212065,0.053925840253212065
adbench,23_mammography,global,0.096114461373803,0.02217790247141635,0.02217790247141635,0.23867926182635824,-0.08553749999999993,0.02217790247141635,0.02217790247141635,0.09788646937857291,0.09788646937857291,0.12188451791551665,0.12188451791551665,0.12188451791551665,0.02217790247141635,0.02217790247141635
