corpus,dataset,truefam,local_ev,reg_binary,reg_alpha_s2,reg_alpha_s4,reg_alpha_s8
ovrbench,BusinessAnomalies,global,-0.22025625000000015,0.04070414311360049,0.04070414311360049,0.04070414311360049,0.04070414311360049
tsbad_m,091_SVDB_id_8_Medical_tr_500_1st_126.csv,global,-0.035186858316221925,0.010670787609305593,0.007488929443102921,0.007488929443102921,0.007488929443102921
ovrbench,FakeNewsPropagation,global,-0.21152916666666666,0.09748967357921567,0.09748967357921567,0.09748967357921567,0.09748967357921567
adbench,22_magic.gamma,local,-0.08795416666666667,0.00895890501788943,0.00895890501788943,0.00895890501788943,0.00895890501788943
ovrbench,guillermo,global,-0.07172083333333323,0.034929822679396774,0.034929822679396774,0.034929822679396774,0.034929822679396774
tsbad_m,111_SVDB_id_28_Medical_tr_1791_1st_1891.,local,-0.008858218318695155,0.0,0.0,0.0,0.0
ovrbench,philippine,global,-0.23557461406518,0.0,0.3356601668011946,0.3356601668011946,0.3356601668011946
ovrbench,FinancialTransaction4,local,-0.07111041666666651,0.03306764702166781,0.06868070171175361,0.06868070171175361,0.06868070171175361
tsbad_m,109_SVDB_id_26_Medical_tr_1038_1st_1138.,global,-0.027260215053763526,0.022357361982763987,0.022357361982763987,0.022357361982763987,0.022357361982763987
ovrbench,SpectralImaging,global,-0.16994583333333346,0.7825221884075265,0.0,0.0,0.0
oddbench,BarExamPrediction,global,-0.13116666666666665,0.11605912800275237,0.11605912800275237,0.11605912800275237,0.11605912800275237
ovrbench,SolarFlare,local,-0.1146166666666667,0.15086128173291885,0.15086128173291885,0.15086128173291885,0.15086128173291885
ovrbench,ailerons,global,-0.038695833333333485,0.03281749126256239,0.03281749126256239,0.03281749126256239,0.03281749126256239
oddbench,FinancialTransactionAnomalies,global,-0.12780208333333332,0.0,0.0,0.0,0.0
tsbad_m,030_MITDB_id_12_Medical_tr_50000_1st_845,local,-0.004111360337775483,0.012016852891652587,0.012016852891652587,0.012016852891652587,0.012016852891652587
oddbench,SalesOrderPriority,local,-0.0677291666666664,0.05344931189156163,0.038889178344978265,0.038889178344978265,0.038889178344978265
tsbad_m,093_SVDB_id_10_Medical_tr_500_1st_37.csv,local,-0.01596306068601583,0.0,0.02644048538814779,0.02644048538814779,0.02644048538814779
ovrbench,NeuroSignalEEG,global,-0.10886249999999997,0.0,0.0,0.0,0.0
tsbad_m,086_SVDB_id_3_Medical_tr_533_1st_633.csv,global,-0.0030810008481763074,0.030360440699171903,0.030360440699171903,0.030360440699171903,0.030360440699171903
ovrbench,EEGEyeState,local,-0.00560000000000016,0.02972444165566268,0.02972444165566268,0.02972444165566268,0.02972444165566268
ovrbench,AmazonReviewAnomalies,global,-0.20915208333333346,0.07721984648986957,0.0703829446264479,0.0703829446264479,0.0703829446264479
tsbad_m,097_SVDB_id_14_Medical_tr_1031_1st_1131.,local,-0.013970335339638762,0.04522352466914077,0.05374857906172624,0.04522352466914077,0.04522352466914077
ovrbench,jannis,global,-0.2246625000000001,0.023959748608718745,0.1803917761602114,0.1803917761602114,0.1803917761602114
ovrbench,sf-police-incidents,local,-0.19441874999999997,0.11279275099671673,0.11279275099671673,0.11279275099671673,0.11279275099671673
ovrbench,CreditCustomerData,local,-0.29866249999999994,0.08418739263148843,0.08418739263148843,0.08418739263148843,0.08418739263148843
ovrbench,CelestialObjects2,global,-0.19910208333333335,0.14382388785169553,0.168029464061218,0.168029464061218,0.168029464061218
tsbad_m,019_MITDB_id_1_Medical_tr_37500_1st_1032,local,-0.03062332798287859,0.023154072969982342,0.02580364602447066,0.02580364602447066,0.023154072969982342
oddbench,TBAnomalyDetection,local,-0.17694999999999994,0.1536976188214409,0.1536976188214409,0.1536976188214409,0.1536976188214409
ovrbench,PsychoPrediction,global,-0.0367729166666666,0.04304167091165662,0.04304167091165662,0.04304167091165662,0.04304167091165662
tsbad_m,105_SVDB_id_22_Medical_tr_500_1st_417.cs,local,-0.009702005730659047,0.011762847096862233,0.005637414559773377,0.011762847096862233,0.011762847096862233
ovrbench,CustomerChurn2,local,-0.05827500000000008,0.28018869764019183,0.11185894499926652,0.11185894499926652,0.11185894499926652
tsbad_m,101_SVDB_id_18_Medical_tr_1851_1st_1951.,local,-0.05279742096505835,0.051023792119596414,0.051023792119596414,0.051023792119596414,0.051023792119596414
ovrbench,FinancialMetricsAnomaly,global,-0.11454081632653057,0.09586780379311562,0.09586780379311562,0.09586780379311562,0.09586780379311562
ovrbench,CardiacHealth,local,-0.06025416666666661,0.0030992569078435173,0.0030992569078435173,0.0030992569078435173,0.0030992569078435173
ovrbench,SensorAnomaly,local,-0.23116249999999994,0.20611469746101657,0.20611469746101657,0.20611469746101657,0.20611469746101657
ovrbench,BCellImmunity,global,-0.08749583333333344,0.11145252685549388,0.17651728900563107,0.17651728900563107,0.11145252685549388
oddbench,HealthPulse,local,-0.1582958333333333,0.08292672986068918,0.06330534127328989,0.06330534127328989,0.06330534127328989
oddbench,PropertyCondition,local,-0.22318958333333327,0.17808463229009244,0.23349995471885665,0.23349995471885665,0.23349995471885665
ovrbench,HealthActivityObesity,local,-0.21267499999999984,0.05303284639220188,0.05303284639220188,0.05303284639220188,0.05303284639220188
oddbench,TransactionFeeAnomalies,local,0.0,0.19550613689377516,0.19550613689377516,0.19550613689377516,0.19550613689377516
ovrbench,TwitterEmotion,local,-0.25671140939597326,0.036794623740398436,0.09275134383039256,0.09275134383039256,0.09275134383039256
ovrbench,FootballEfficiency,local,-0.3267020833333335,0.11067101069966667,0.11067101069966667,0.11067101069966667,0.11067101069966667
ovrbench,BoundingBoxClassification,global,-0.16180208333333335,0.11883037150682352,0.11883037150682352,0.11883037150682352,0.11883037150682352
oddbench,GeneticVariation,global,-0.18994535519125677,0.21552180747786231,0.37283067817050003,0.37283067817050003,0.37283067817050003
tsbad_m,140_CATSv2_id_3_Sensor_tr_28307_1st_2840,global,-0.014914465136422694,0.11417153058759888,0.11417153058759888,0.11417153058759888,0.11417153058759888
adbench,35_SpamBase,global,-0.0393083003952569,0.4886066661527776,0.4886066661527776,0.4886066661527776,0.4886066661527776
dami,SpamBase,global,-0.051166007905138255,0.5339516895948642,0.5339516895948642,0.5339516895948642,0.5339516895948642
tsbad_m,088_SVDB_id_5_Medical_tr_500_1st_168.csv,local,-0.01384704788470481,0.0,0.0,0.0,0.0
oddbench,ProsperLoan,local,-0.16409375000000004,0.062035276952436554,0.015060590372003163,0.015060590372003163,0.015060590372003163
ovrbench,JobChangePatterns,global,-0.3100791666666666,0.22536457213131558,0.22536457213131558,0.22536457213131558,0.22536457213131558
tsbad_m,031_MITDB_id_13_Medical_tr_50000_1st_794,local,-0.007502236536052864,0.002976651286634463,0.002976651286634463,0.002976651286634463,0.002976651286634463
ovrbench,TrafficSensor,local,-0.017514583333333444,0.04001194767990812,0.04001194767990812,0.04001194767990812,0.04001194767990812
ovrbench,PokemonBattle,local,-0.22059791666666662,0.09473114414180797,0.00500450954297299,0.09473114414180797,0.09473114414180797
tsbad_m,022_MITDB_id_4_Medical_tr_50000_1st_5425,local,-0.031074004808976596,0.03373461753512227,0.03373461753512227,0.03373461753512227,0.03373461753512227
ovrbench,RealEstateListings,local,-0.09166666666666679,0.1440009715979066,0.15802798301169962,0.15802798301169962,0.15802798301169962
oddbench,BuildingInspections,global,-0.1111854166666667,0.18904614220708357,0.1477245173142611,0.1477245173142611,0.1477245173142611
tsbad_m,026_MITDB_id_8_Medical_tr_30495_1st_3059,local,-0.004298564786739512,0.009531369026063219,0.009531369026063219,0.009531369026063219,0.009531369026063219
ovrbench,ViralProteinFunction,local,-0.0998916666666666,0.2508512299709335,0.13797002850855508,0.13797002850855508,0.2508512299709335
ovrbench,GeotechnicalAnomalies,local,-0.19901121605667071,0.2317633107194894,0.015816394719659385,0.015816394719659385,0.2477325349972867
tsbad_m,098_SVDB_id_15_Medical_tr_500_1st_303.cs,local,-0.02081494057724964,0.02098281668605162,0.02098281668605162,0.02098281668605162,0.02098281668605162
oddbench,ProtestViolence,global,-0.015291666666666703,0.8650689069673555,0.8650689069673555,0.8650689069673555,0.8650689069673555
ovrbench,BreastCancer,global,-0.21070381231671553,0.12889824179369902,0.0,0.0,0.0
ovrbench,UserMovieInteractions,global,-0.2874958333333334,0.33820714127581086,0.33820714127581086,0.33820714127581086,0.33820714127581086
ovrbench,Word2VecPCA,global,-0.14995416666666672,0.14870107706551605,0.17806805720619134,0.17806805720619134,0.17806805720619134
tsbad_m,085_SVDB_id_2_Medical_tr_50000_1st_54982,local,-0.0013237384506041838,0.002786278459412539,0.002786278459412539,0.002786278459412539,0.002786278459412539
ovrbench,TextAnomalyDetection,global,0.0015083333333333337,0.030437757314276576,0.10330580799309148,0.030437757314276576,0.030437757314276576
ovrbench,BNG(cmc),global,-0.2118874999999999,0.0,0.2991568885923769,0.2991568885923769,0.2991568885923769
oddbench,GlobalTerrorismAttack,global,-0.09863958333333334,0.6227314669624484,0.6227314669624484,0.6227314669624484,0.6227314669624484
tsbad_m,021_MITDB_id_3_Medical_tr_50000_1st_5759,local,-0.00030088958660390297,0.018693934986316774,0.018693934986316774,0.018693934986316774,0.018693934986316774
ovrbench,FICO-HELOC-cleaned,local,-0.1426241480038949,0.10561836160980204,0.2055028599576837,0.2055028599576837,0.2055028599576837
tsbad_m,082_LTDB_id_4_Medical_tr_4456_1st_4556.c,local,-0.002683270676691496,0.0,0.0,0.0,0.0
oddbench,TrialBehavior,global,-0.2790229166666668,0.18109472810508132,0.16290222709948066,0.16290222709948066,0.16290222709948066
ovrbench,compass,local,-0.1465833333333334,0.16197241843425686,0.1653268874504332,0.1653268874504332,0.1653268874504332
ovrbench,KickstarterCampaigns,local,-0.25493333333333346,0.20410291348099818,0.20410291348099818,0.20410291348099818,0.20410291348099818
tsbad_m,115_PSM_id_1_Facility_tr_50000_1st_12987,global,-0.19130905077262705,0.20135496545106774,0.20135496545106774,0.20135496545106774,0.20135496545106774
adbench,19_landsat,local,-0.00011274509803915755,0.003688256737989337,0.003688256737989337,0.003688256737989337,0.003688256737989337
ovrbench,SpatialAnomalies,local,-0.13213307240704497,0.024233207002364976,0.024233207002364976,0.024233207002364976,0.024233207002364976
tsbad_m,099_SVDB_id_16_Medical_tr_1115_1st_1215.,local,-0.00848905109489051,0.0,0.0,0.0,0.0
oddbench,RulePriorityAnomalies,global,-0.14165227629513344,0.1143759705386092,0.010307235059453093,0.010307235059453093,0.010307235059453093
oddbench,WaterChemistry,local,-0.025021079258010115,0.0,0.09382276055857175,0.09382276055857175,0.09382276055857175
ovrbench,EmployeePerformance,local,-0.14070000000000005,0.5418070193718372,0.0913918702608651,0.0913918702608651,0.0913918702608651
ovrbench,SepsisMonitoring,local,-0.19748333333333346,0.07357351133123306,0.0,0.0,0.07357351133123306
tsbad_m,113_SVDB_id_30_Medical_tr_4552_1st_4652.,global,-0.011164150943396178,0.08361958283459373,0.08361958283459373,0.08361958283459373,0.08361958283459373
ovrbench,BatchProcessingEvents,local,-0.20770416666666658,0.07871139521302038,0.07871139521302038,0.07871139521302038,0.07871139521302038
ovrbench,PhysicsTraining,local,-0.15622500000000006,0.16346761322356754,0.1837829312643468,0.1837829312643468,0.1837829312643468
ovrbench,volkert,global,-0.036329166666666635,0.267499754337892,0.267499754337892,0.267499754337892,0.267499754337892
ovrbench,FireRiskAnalysis,global,-0.18111250000000012,0.014955115428829727,0.01467749850148023,0.01467749850148023,0.01467749850148023
adbench,30_satellite,global,-0.00017045454545450145,0.18605151402585257,0.18605151402585257,0.18605151402585257,0.18605151402585257
oddbench,AttackIncidents,local,-0.2011986681465039,0.03548516715064791,0.03548516715064791,0.03548516715064791,0.03548516715064791
tsbad_m,102_SVDB_id_19_Medical_tr_50000_1st_1073,local,-0.013252697528715496,0.07872474796417889,0.07872474796417889,0.07872474796417889,0.07872474796417889
ovrbench,RealEstateData,global,-0.09401413189771202,0.20348402128455056,0.20348402128455056,0.20348402128455056,0.20348402128455056
tsbad_m,096_SVDB_id_13_Medical_tr_500_1st_444.cs,local,-0.012401278676194116,0.0,0.04217647301175417,0.0,0.0
oddbench,RacingMotion,local,-0.10777916666666654,0.9391296238090816,0.9391296238090816,0.9391296238090816,0.9391296238090816
ovrbench,CryptojackingSystem,local,-0.11399791666666681,0.038069742972189236,0.18895930050727855,0.18895930050727855,0.18895930050727855
ovrbench,CreditScoringAnomalies,local,-0.07252916666666664,0.19912179251020884,0.19912179251020884,0.19912179251020884,0.19912179251020884
oddbench,LandShapeAnomaly,global,-0.2164104372355431,0.0,0.0,0.0,0.0
ovrbench,XSSDetection,global,-0.04661666666666664,0.6609194456633171,0.6609194456633171,0.6609194456633171,0.6609194456633171
ovrbench,NetworkHealthMonitor,local,-0.03936874999999995,0.04926824691705192,0.04926824691705192,0.04926824691705192,0.04926824691705192
oddbench,OkCupidUserBehavior,local,-0.2993274336283186,0.03900848936823859,0.03900848936823859,0.03900848936823859,0.03900848936823859
tsbad_m,087_SVDB_id_4_Medical_tr_5421_1st_5521.c,local,-0.0029181218471091563,0.0,0.0,0.0,0.0
ovrbench,KDD,global,-0.18188866799204773,0.011081729503501801,0.11998593288213708,0.11998593288213708,0.11998593288213708
tsbad_m,110_SVDB_id_27_Medical_tr_30824_1st_3092,local,-0.004374771480804451,0.016464814976534167,0.016464814976534167,0.016464814976534167,0.016464814976534167
oddbench,PoliceForceDisturbance,local,-0.05977083333333333,0.40272474354179594,0.40272474354179594,0.40272474354179594,0.40272474354179594
tsbad_m,095_SVDB_id_12_Medical_tr_6264_1st_6364.,local,-0.0055177570093458694,0.0014848209479332575,0.0,0.0,0.0014848209479332575
ovrbench,WebpageSessionIntrusion,local,-0.3015333333333333,0.14950453309615142,0.14950453309615142,0.14950453309615142,0.14950453309615142
tsbad_m,142_CATSv2_id_5_Sensor_tr_30704_1st_3080,global,-0.014389671361502265,0.12875852357010992,0.12875852357010992,0.12875852357010992,0.12875852357010992
ovrbench,UrlAnalysis,global,-0.14453616352201248,0.07774966156448132,0.7394963430096912,0.7394963430096912,0.7394963430096912
oddbench,CourseRegistration,local,-0.09067083333333348,0.2564821643788527,0.2564821643788527,0.2564821643788527,0.2564821643788527
tsbad_m,107_SVDB_id_24_Medical_tr_32805_1st_3290,local,-0.008605858361141916,0.0,0.0,0.0,0.0
dami,Annthyroid,global,-0.06510833333333343,0.0,0.0,0.0,0.0
oddbench,GPUResourceUsage,local,-0.17953750000000002,0.5518954438551077,0.49839950338255173,0.49839950338255173,0.49839950338255173
ovrbench,KenyaMovement,local,-0.3302770833333333,0.07384787435171312,0.07384787435171312,0.07384787435171312,0.07384787435171312
oddbench,DiamondClarity,local,-0.14243749999999977,0.7507518505538945,0.8357222625173195,0.8357222625173195,0.8357222625173195
oddbench,HealthBehavior,global,-0.1925938477580813,0.0207888683526068,0.0207888683526068,0.0207888683526068,0.0207888683526068
ovrbench,ShillBidding,global,-0.17579495128432232,0.0,0.0,0.0,0.0
oddbench,SalesPerformance,global,-0.15298295454545452,0.15954621236030997,0.06035315984993006,0.06035315984993006,0.06035315984993006
tsbad_m,139_CATSv2_id_2_Sensor_tr_5592_1st_5692.,global,-0.006280746395250336,0.18648429650533238,0.18648429650533238,0.18648429650533238,0.18648429650533238
oddbench,HumanRobotCollaboration,local,-0.00968958333333314,0.0065361836415769314,0.0065361836415769314,0.0065361836415769314,0.0065361836415769314
oddbench,VoteOutcome,local,-0.05726249999999988,0.10555455853759643,0.10555455853759643,0.10555455853759643,0.10555455853759643
oddbench,EmailSpamDetection,global,-0.006908713692945989,0.5084255644630384,0.5084255644630384,0.5084255644630384,0.5084255644630384
tsbad_m,172_SWaT_id_2_Sensor_tr_23700_1st_23800.,local,-0.00023530664395221557,0.020767063983704204,0.020767063983704204,0.020767063983704204,0.020767063983704204
ovrbench,SyntheticNumericalBatch,local,-0.0008856275303644745,0.0,0.0,0.0,0.0
tsbad_m,092_SVDB_id_9_Medical_tr_2674_1st_2774.c,local,-0.004783231816553268,0.0,0.0,0.0,0.0
ovrbench,Run_or_walk_information,local,-0.1789729166666666,0.03407725340442014,0.03407725340442014,0.03407725340442014,0.03407725340442014
tsbad_m,141_CATSv2_id_4_Sensor_tr_41727_1st_4182,global,-0.04134872680189916,0.15163815963957028,0.16424565627603893,0.16424565627603893,0.15163815963957028
ovrbench,FinancialTransaction1,global,-0.02948750000000011,0.057360732395833156,0.10804151326841796,0.10804151326841796,0.10804151326841796
oddbench,ArtSalesPlatform,global,-0.16521874999999986,0.16066840378309546,0.16066840378309546,0.16066840378309546,0.16066840378309546
tsbad_m,103_SVDB_id_20_Medical_tr_12167_1st_1226,local,-0.03875134940626124,0.0,0.0,0.0,0.0
ovrbench,AbstractAnomalyBatch,local,-0.26683749999999995,0.8715851259910832,0.8824316690073153,0.8824316690073153,0.8824316690073153
ovrbench,visualizing_soil,global,-0.16954784437434267,0.5769539622518834,0.5769539622518834,0.5769539622518834,0.5769539622518834
ovrbench,GamingBehavior,local,-0.21318250000000005,0.3946529307284655,0.04961384452025963,0.04961384452025963,0.04961384452025963
oddbench,GeneticAnalysis,global,-0.1314333933393339,0.05156207522543253,0.064568335635412,0.064568335635412,0.09924557412260428
oddbench,AxieInfinityBug,global,-0.17756041666666678,0.02953641428983702,0.07974135116320302,0.02953641428983702,0.02953641428983702
oddbench,RealEstateBlockType,global,-0.339800796812749,0.04167847856628333,0.01732044233409953,0.01732044233409953,0.01732044233409953
oddbench,WaterPointFunctionality,local,-0.09226458333333332,0.0,0.05772271854447303,0.05772271854447303,0.04456556052315688
oddbench,SMSClassification,global,-0.14639637305699482,0.07119140031766896,0.2370115473319354,0.2370115473319354,0.2370115473319354
ovrbench,KPIData,local,-0.12267083333333328,0.09676018356074964,0.09676018356074964,0.09676018356074964,0.09676018356074964
ovrbench,ShuttleOperations,local,-0.0383062500000001,0.0,0.0,0.0,0.0
tsbad_m,112_SVDB_id_29_Medical_tr_8226_1st_8326.,global,-0.015476190476190532,0.04822041738971427,0.05665764711231108,0.05665764711231108,0.05665764711231108
oddbench,CasePriority,local,-0.007550000000000057,0.1283025771709303,0.1283025771709303,0.1283025771709303,0.1283025771709303
dami,Wilt,local,-0.2824396929824561,0.23035949055871335,0.18073775415804477,0.18073775415804477,0.18073775415804477
adbench,44_Wilt,local,-0.18818530701754388,0.4456969079747201,0.4456969079747201,0.4456969079747201,0.4456969079747201
ovrbench,SpotifyHitPredictor,global,-0.23894531250000006,0.057203771046730745,0.057203771046730745,0.057203771046730745,0.057203771046730745
oddbench,TreadmillStatus,local,-0.07591875000000003,0.6528875246189886,0.6528875246189886,0.6528875246189886,0.6528875246189886
ovrbench,students_dropout_and_academic_success,local,-0.11005656108597284,0.09980372521809033,0.09980372521809033,0.09980372521809033,0.09980372521809033
ovrbench,MalariaDetection,global,-0.07131250000000011,0.8296380183362532,0.8296380183362532,0.8296380183362532,0.8296380183362532
ovrbench,GesturePhaseSegmentationProcessed,local,-0.07563135593220316,0.02072854257418638,0.02072854257418638,0.02072854257418638,0.02072854257418638
ovrbench,HealthMetrics,local,-0.2883384773662552,0.05367703833782012,0.06379267961599229,0.05367703833782012,0.05367703833782012
oddbench,BugSeverity,global,-0.11843444227005873,0.003264449301134467,0.003264449301134467,0.003264449301134467,0.003264449301134467
tsbad_m,084_SVDB_id_1_Medical_tr_12973_1st_13073,local,-0.009779385810095298,0.03075257799683752,0.0,0.02432458992157467,0.02432458992157467
oddbench,LandRarity,global,-0.11590909090909096,0.0,0.0,0.0,0.0
oddbench,ProgrammingAnomalies,local,-0.22640416666666652,0.25995640632916334,0.2608991988959101,0.2608991988959101,0.25995640632916334
oddbench,WindowsEditionAnomaly,global,-0.08253333333333335,0.5063578553412765,0.5063578553412765,0.5063578553412765,0.5063578553412765
ovrbench,BankruptcyForecast,global,-0.04311666666666669,0.09815707351822059,0.09815707351822059,0.09815707351822059,0.09815707351822059
ovrbench,seismic-bumps,local,-0.18212215320910974,0.046049752606325364,0.00012627605447951273,0.00012627605447951273,0.00012627605447951273
tsbad_m,143_CATSv2_id_6_Sensor_tr_50000_1st_6023,global,-0.02796028880866419,0.12301346266112595,0.14882710361186346,0.14882710361186346,0.12301346266112595
tsbad_m,108_SVDB_id_25_Medical_tr_1238_1st_1338.,local,-0.05478747203579426,0.0,0.0,0.0,0.0
tsbad_m,104_SVDB_id_21_Medical_tr_50000_1st_1066,local,-0.0028488779803645947,0.07870306489580023,0.06753653625267489,0.06753653625267489,0.07870306489580023
oddbench,CarMakeAnomaly,local,-0.29445833333333327,0.039685457467702016,0.039685457467702016,0.039685457467702016,0.039685457467702016
ovrbench,mozilla4,local,-0.09454166666666663,0.033047664549130176,0.033047664549130176,0.033047664549130176,0.033047664549130176
oddbench,FishingAnomalies,local,-0.005558333333333332,0.23018776481401967,0.22895083427613752,0.22895083427613752,0.22895083427613752
oddbench,AquaticMacroInverts,global,-0.23011418269230777,0.07061377247124256,0.5528517885730906,0.5408408272264582,0.5408408272264582
oddbench,UserEventAnomalies,global,-0.0859416666666667,0.0,0.0,0.0,0.0
oddbench,RealEstateProperties,local,-0.24843125,0.05623487038883891,0.061477460089827365,0.061477460089827365,0.061477460089827365
tsbad_m,053_GHL_id_22_Sensor_tr_50000_1st_126448,local,-0.06941636582430799,0.3132636314866596,0.3132636314866596,0.3132636314866596,0.3132636314866596
ovrbench,HeadingDetection,local,-0.26553125,0.35032556009623766,0.35032556009623766,0.35032556009623766,0.35032556009623766
adbench,27_PageBlocks,local,-0.0457369498464687,0.042508006942195586,0.042508006942195586,0.042508006942195586,0.042508006942195586
dami,PageBlocks,local,-0.1991223132036848,0.10349175331426208,0.023661378082995455,0.023661378082995455,0.023661378082995455
tsbad_m,138_CATSv2_id_1_Sensor_tr_16568_1st_1666,local,-0.009304102976669393,0.1352131564090972,0.1550780074507218,0.1550780074507218,0.1550780074507218
oddbench,AustinCrime,local,-0.07879310344827595,0.1422382943892954,0.1422382943892954,0.1422382943892954,0.1422382943892954
ovrbench,thyroid-ann,global,-0.21569126074498568,0.28232235354471996,0.26224830238150215,0.26224830238150215,0.26224830238150215
ovrbench,GeneExpressionCoactivator,global,-0.31491630276564775,0.04981502064833332,0.007629856428039816,0.007629856428039816,0.04981502064833332
adbench,23_mammography,global,-0.08553749999999993,0.02217790247141635,0.02217790247141635,0.02217790247141635,0.02217790247141635
