key,truefam,cs,reg_p1,reg_pe,lev,reg_em,reg_mv,reg_consensus,reg_mc,reg_hits,reg_beta1,reg_random,reg_matched,reg_corr_str,reg_combined
ovrbench__BusinessAnomalies,global,0.0160689450980863,0.3063518571480667,0.015105232729776985,-0.2377687500000002,0.015105232729776985,0.0639698361618426,0.0639698361618426,0.0639698361618426,0.0639698361618426,0.3063518571480667,0.12395018254092552,0.015105232729776985,0.015105232729776985,0.015105232729776985
ovrbench__ailerons,global,0.4127644068748578,0.33907662071118927,0.0337250942249816,-0.0507833333333334,0.23488617172869994,0.23488617172869994,0.20791432607433352,0.20791432607433352,0.20791432607433352,0.33907662071118927,0.20570288459729563,0.33907662071118927,0.33907662071118927,0.33907662071118927
ovrbench__CreditCustomerData,local,0.1447719826080971,0.07169859167891504,0.023197314038262605,-0.2791958333333334,0.1256875576616438,0.1256875576616438,0.0515010085234083,0.0515010085234083,0.0515010085234083,0.07169859167891504,0.07782602300201004,0.023197314038262605,0.023197314038262605,0.023197314038262605
oddbench__HealthPulse,local,0.1711989089709796,0.04482608549739024,0.04482608549739024,-0.09112916666666648,0.04482608549739024,0.04482608549739024,0.04916281068220886,0.04916281068220886,0.10252022749969139,0.04482608549739024,0.06513470853342401,0.04482608549739024,0.04482608549739024,0.04482608549739024
oddbench__ProsperLoan,local,0.18671069033573,0.12943399101606548,0.08500843174921305,-0.09305416666666666,0.05691952892326326,0.05691952892326326,0.055093151948563845,0.055093151948563845,0.09637996590289599,0.12943399101606548,0.06817987198199973,0.12943399101606548,0.12943399101606548,0.12943399101606548
oddbench__ProtestViolence,global,0.0559415703063578,0.8926216749462192,0.8926216749462192,0.0,0.35737089474951605,0.650682099895753,0.4812310731624952,0.4812310731624952,0.4812310731624952,0.8926216749462192,0.6773391063621335,0.8926216749462192,0.8926216749462192,0.8926216749462192
ovrbench__compass,local,0.0691976668294035,0.19389962406506345,0.16693384643937728,-0.11936249999999993,0.16305426443768084,0.16305426443768084,0.1653268874504332,0.1653268874504332,0.16305426443768084,0.19389962406506345,0.118401679974899,0.19389962406506345,0.16693384643937728,0.19389962406506345
ovrbench__PhysicsTraining,local,0.0962116359651826,0.14372378019105078,0.14372378019105078,-0.06177916666666661,0.1470667580733509,0.1470667580733509,0.21511196916382294,0.21511196916382294,0.21511196916382294,0.14372378019105078,0.12347389941652576,0.14372378019105078,0.14372378019105078,0.14372378019105078
ovrbench__XSSDetection,global,0.0442529516993221,0.6609194456633171,0.6609194456633171,-0.04661666666666664,0.0583345731254688,0.0583345731254688,0.22154032035313018,0.22154032035313018,0.22154032035313018,0.6609194456633171,0.49555770181891995,0.6609194456633171,0.6609194456633171,0.6609194456633171
tsbad_m__107_SVDB_id_24_Medical_tr_32805_1st_,local,,0.059516307187905265,0.07056480519990072,-0.006451612903225823,0.07056480519990072,0.07056480519990072,0.11917500708587131,0.11917500708587131,0.11917500708587131,0.059516307187905265,0.1033372416479531,0.059516307187905265,0.07056480519990072,0.059516307187905265
tsbad_m__172_SWaT_id_2_Sensor_tr_23700_1st_23,local,,0.0,0.0,1.0647359455218108e-06,0.574056740056316,0.574056740056316,0.5084293599120614,0.5084293599120614,0.5084293599120614,0.0,0.3867879444661181,0.0,0.0,0.0
oddbench__AxieInfinityBug,global,0.1204693505633004,0.0,0.32135270375180863,-0.07648333333333335,0.32135270375180863,0.0,0.4929426705114949,0.4929426705114949,0.47573558560071894,0.0,0.4298685994399723,0.0,0.32135270375180863,0.0
ovrbench__students_dropout_and_academic_succes,local,,0.05496988102644537,0.02370285537290942,-0.14532805429864248,0.02370285537290942,0.02370285537290942,0.1252000566471106,0.1252000566471106,0.1252000566471106,0.05496988102644537,0.12461151938349574,0.02370285537290942,0.02370285537290942,0.02370285537290942
tsbad_m__108_SVDB_id_25_Medical_tr_1238_1st_1,local,,0.04498254810432617,0.02231431249649307,-0.05717002237136448,0.026144550792301796,0.044387123593081945,0.04353639212921387,0.04353639212921387,0.04353639212921387,0.04498254810432617,0.08903435416479967,0.04498254810432617,0.02231431249649307,0.04498254810432617
tsbad_m__138_CATSv2_id_1_Sensor_tr_16568_1st_,local,,0.1553184957322803,0.1553184957322803,-0.0065084473049076275,0.6543493600282124,0.6543493600282124,0.6617306399787652,0.6617306399787652,0.6617306399787652,0.1553184957322803,0.3170546591282085,0.1553184957322803,0.1553184957322803,0.1553184957322803
ovrbench__FinancialTransaction4,local,0.1360946969557895,0.033111716760047094,0.06871183704619038,-0.07111041666666651,0.1770455293626083,0.06871183704619038,0.1947668233073424,0.1947668233073424,0.1947668233073424,0.033111716760047094,0.1975589092287645,0.033111716760047094,0.06871183704619038,0.033111716760047094
ovrbench__EEGEyeState,local,0.6378743230015201,0.029664701215801337,0.029664701215801337,-0.005600000000000049,0.08859890419409489,0.08859890419409489,0.7342004983452194,0.7342004983452194,0.7962198814175937,0.029664701215801337,0.6071675219273205,0.029664701215801337,0.029664701215801337,0.029664701215801337
tsbad_m__101_SVDB_id_18_Medical_tr_1851_1st_1,local,,0.0,0.0,-0.011890599001664004,0.09992223164363015,0.09992223164363015,0.1096389640187968,0.1096389640187968,0.1096389640187968,0.0,0.09501406794323752,0.0,0.0,0.0
oddbench__GeneticVariation,global,0.0962354163301524,0.36440167764807335,0.1395085003494536,-0.19701366120218589,0.18516297746298643,0.18516297746298643,0.14303319802277437,0.14303319802277437,0.02322671552556521,0.36440167764807335,0.16804699819125474,0.1395085003494536,0.1395085003494536,0.1395085003494536
oddbench__BuildingInspections,global,0.1261151649311724,0.39502413776716994,0.39502413776716994,-0.17672083333333344,0.18078577039493032,0.36126140586000055,0.3379957960398084,0.3379957960398084,0.39502413776716994,0.39502413776716994,0.24293029072517763,0.39502413776716994,0.39502413776716994,0.39502413776716994
oddbench__GlobalTerrorismAttack,global,0.0484205853574048,0.42885518153955393,0.3192123751372002,-0.20342083333333327,0.5044913043219371,0.5044913043219371,0.4118974332978751,0.4118974332978751,0.4557802708864921,0.42885518153955393,0.36569735142110793,0.3192123751372002,0.3192123751372002,0.3192123751372002
oddbench__WaterChemistry,local,0.4256043998188074,0.45888126043905975,0.45888126043905975,-0.0028794266441820593,0.45888126043905975,0.45888126043905975,0.4514889331582289,0.4514889331582289,0.4514889331582289,0.45888126043905975,0.472773797515298,0.45888126043905975,0.45888126043905975,0.45888126043905975
tsbad_m__096_SVDB_id_13_Medical_tr_500_1st_44,local,,0.045708091700189774,0.042177322015911844,-0.010114704776231664,0.042177322015911844,0.042177322015911844,0.1828911731860798,0.1828911731860798,0.1828911731860798,0.045708091700189774,0.12375278644435891,0.045708091700189774,0.042177322015911844,0.045708091700189774
tsbad_m__095_SVDB_id_12_Medical_tr_6264_1st_6,local,,0.014336805530127283,0.06850798745478037,-0.004693457943925172,0.06850798745478037,0.06850798745478037,0.1315627588490435,0.1315627588490435,0.1315627588490435,0.014336805530127283,0.1003774030649538,0.014336805530127283,0.06850798745478037,0.014336805530127283
oddbench__SalesPerformance,global,0.1806365963739526,0.30404855153704524,0.30404855153704524,-0.12046401515151517,0.30404855153704524,0.30404855153704524,0.2901334062468242,0.2901334062468242,0.2901334062468242,0.30404855153704524,0.22194287646676422,0.30404855153704524,0.30404855153704524,0.30404855153704524
tsbad_m__103_SVDB_id_20_Medical_tr_12167_1st_,local,,0.0258490885597035,0.014396493820877355,-0.005415617128463501,0.04559613793034546,0.04559613793034546,0.0746952494638893,0.0746952494638893,0.0734327019075496,0.0258490885597035,0.0551853775106285,0.0258490885597035,0.014396493820877355,0.0258490885597035
oddbench__CasePriority,local,0.705801649399001,0.29928762700888545,0.29928762700888545,-0.0021541666666666792,0.6491446749036758,0.7806061529119344,0.6648736795980181,0.6648736795980181,0.6648736795980181,0.29928762700888545,0.7434730825629507,0.29928762700888545,0.29928762700888545,0.29928762700888545
oddbench__ProgrammingAnomalies,local,0.1856944976728788,0.22863552868975953,0.2487120041114002,-0.20480416666666668,0.25194591958550105,0.24451173488903363,0.2595766372085967,0.2595766372085967,0.2595766372085967,0.22863552868975953,0.1914597323963152,0.2487120041114002,0.22863552868975953,0.22863552868975953
oddbench__RealEstateProperties,local,0.2885515495591698,0.050196983344185195,0.050196983344185195,-0.21768333333333334,0.03640291992202227,0.03640291992202227,0.03266593142432281,0.03266593142432281,0.03266593142432281,0.050196983344185195,0.08126594941338382,0.050196983344185195,0.050196983344185195,0.050196983344185195
adbench__22_magic.gamma,local,0.3621514068280739,0.008959106979815057,0.05597714339529525,-0.08872916666666653,0.03668112896304221,0.05597714339529525,0.25029841575447176,0.25029841575447176,0.25029841575447176,0.008959106979815057,0.29260762301555643,0.008959106979815057,0.008959106979815057,0.008959106979815057
oddbench__SalesOrderPriority,local,0.3919649011338575,0.1465682012745209,0.20538052110853106,-0.08590000000000009,0.20538052110853106,0.20538052110853106,0.2449294242639396,0.2449294242639396,0.2449294242639396,0.1465682012745209,0.24835952197558578,0.1465682012745209,0.1465682012745209,0.1465682012745209
oddbench__TBAnomalyDetection,local,0.0598276955729561,0.43924861710603147,0.1296084596849913,-0.13604583333333342,0.1781973698538904,0.13842240567195518,0.12745801636267987,0.12745801636267987,0.3033643923113869,0.43924861710603147,0.20653977427327302,0.43924861710603147,0.1296084596849913,0.43924861710603147
oddbench__TransactionFeeAnomalies,local,0.582496620532318,0.7719179562552514,0.7719179562552514,0.0,0.44733310338059773,0.44733310338059773,0.6187750804935392,0.6187750804935392,0.10282585008990686,0.7719179562552514,0.5637143319887319,0.7719179562552514,0.7719179562552514,0.7719179562552514
ovrbench__TrafficSensor,local,0.2792389599216985,0.1156257241026789,0.1156257241026789,-0.05225833333333341,0.05797223456514944,0.05797223456514944,0.5522894527270404,0.5522894527270404,0.5522894527270404,0.1156257241026789,0.4962381841726944,0.1156257241026789,0.1156257241026789,0.1156257241026789
ovrbench__Word2VecPCA,global,0.031813330890863,0.14906883886532302,0.14870270431311705,-0.1505916666666669,0.14870270431311705,0.14870270431311705,0.10738051536914572,0.2549251766658607,0.2549251766658607,0.14906883886532302,0.1219257662934039,0.14870270431311705,0.14870270431311705,0.14870270431311705
adbench__19_landsat,local,0.4984753544744615,0.003688256737989337,0.003688256737989337,-2.4509803921546336e-05,0.15905552146247504,0.15905552146247504,0.5049388393904529,0.5049388393904529,0.5049388393904529,0.003688256737989337,0.4149175583364172,0.003688256737989337,0.003688256737989337,0.003688256737989337
adbench__30_satellite,global,0.6859334107698756,0.18499168262798,0.18499168262798,-0.00017045454545450145,0.3363847345951674,0.3363847345951674,0.5813323904816944,0.5813323904816944,0.28442413870392225,0.18499168262798,0.4029807380095256,0.18499168262798,0.18499168262798,0.18499168262798
tsbad_m__087_SVDB_id_4_Medical_tr_5421_1st_55,local,,0.1357270988477489,0.13316153383941323,-0.00025223127667839407,0.13316153383941323,0.13316153383941323,0.20323591446043698,0.20323591446043698,0.18593048831415393,0.1357270988477489,0.1581464042998437,0.1357270988477489,0.13316153383941323,0.1357270988477489
ovrbench__KenyaMovement,local,0.1218598619155503,0.07684915789041384,0.05369929598646789,-0.19771249999999985,0.05369929598646789,0.05369929598646789,0.05467195761903637,0.05467195761903637,0.05467195761903637,0.07684915789041384,0.04648589523255996,0.05369929598646789,0.05369929598646789,0.05369929598646789
ovrbench__Run_or_walk_information,local,0.1784813579427167,0.032863349046220236,0.032863349046220236,-0.17897916666666658,0.7327728717437902,0.5107720131591601,0.7903441121885555,0.7903441121885555,0.7903441121885555,0.032863349046220236,0.562909697780319,0.032863349046220236,0.032863349046220236,0.032863349046220236
oddbench__SMSClassification,global,0.2308679690744058,0.016402414342861438,0.2932942602684543,-0.08636269430051813,0.2932942602684543,0.2932942602684543,0.1380628453467878,0.1380628453467878,0.1380628453467878,0.016402414342861438,0.3242532445880637,0.016402414342861438,0.016402414342861438,0.016402414342861438
ovrbench__HealthMetrics,local,0.233910848333677,0.0741538690445301,0.0741538690445301,-0.2655349794238683,0.08015881115747074,0.09027325593255152,0.0741538690445301,0.0741538690445301,0.0741538690445301,0.0741538690445301,0.08743739975419298,0.0741538690445301,0.0741538690445301,0.0741538690445301
ovrbench__mozilla4,local,0.177591404120472,0.033047664549130176,0.08180479925085558,-0.13320416666666668,0.06480424221204588,0.06480424221204588,0.08180479925085558,0.08180479925085558,0.07661485609764904,0.033047664549130176,0.05674068287410769,0.033047664549130176,0.08180479925085558,0.033047664549130176
ovrbench__GeneExpressionCoactivator,global,0.1334311810755515,0.15309502271292735,0.08768240987206763,-0.26583697234352244,0.03923484572697883,0.03923484572697883,0.007629856428039816,0.007629856428039816,0.007629856428039816,0.15309502271292735,0.13679315107437523,0.08768240987206763,0.08768240987206763,0.08768240987206763
ovrbench__SolarFlare,local,0.3565047435715066,0.03300185212704326,0.12139892471920177,-0.07644583333333321,0.2104504162217824,0.12139892471920177,0.12288428079630093,0.12288428079630093,0.12288428079630093,0.03300185212704326,0.2381022309775116,0.03300185212704326,0.03300185212704326,0.03300185212704326
ovrbench__sf-police-incidents,local,0.0279076677897036,0.008936106211060293,0.11037420015691835,-0.23443333333333338,0.11037420015691835,0.11037420015691835,0.08072842559323447,0.08072842559323447,0.08072842559323447,0.008936106211060293,0.08804368426486157,0.11037420015691835,0.11037420015691835,0.11037420015691835
ovrbench__BCellImmunity,local,0.1998362652718885,0.12377423508779105,0.24321162277454267,-0.13378124999999985,0.24321162277454267,0.24321162277454267,0.2779843256626496,0.2779843256626496,0.2779843256626496,0.12377423508779105,0.23169457865789464,0.12377423508779105,0.12377423508779105,0.12377423508779105
tsbad_m__088_SVDB_id_5_Medical_tr_500_1st_168,local,,0.07435124168885578,0.14281265434575297,-0.013781961878196136,0.2739395940276266,0.14281265434575297,0.15709011254189945,0.15709011254189945,0.2634074561391907,0.07435124168885578,0.19089906051113262,0.07435124168885578,0.14281265434575297,0.07435124168885578
tsbad_m__098_SVDB_id_15_Medical_tr_500_1st_30,local,,0.07370026290260352,0.11819006522004287,-0.006426146010186873,0.11819006522004287,0.11819006522004287,0.14608245051136545,0.14608245051136545,0.14608245051136545,0.07370026290260352,0.10266191315536541,0.07370026290260352,0.11819006522004287,0.07370026290260352
oddbench__TrialBehavior,global,0.369461757002472,0.1533832193501411,0.2737482992744283,-0.22214583333333326,0.14499033809668926,0.14499033809668926,0.18395746464193727,0.18395746464193727,0.18395746464193727,0.1533832193501411,0.16103114492650336,0.2737482992744283,0.1533832193501411,0.1533832193501411
ovrbench__BatchProcessingEvents,local,0.1712947022824032,0.06666842877683433,0.06666842877683433,-0.23376249999999998,0.07467227919969258,0.019845104754823407,0.06666842877683433,0.06666842877683433,0.06666842877683433,0.06666842877683433,0.05120434194454679,0.06666842877683433,0.06666842877683433,0.06666842877683433
oddbench__LandShapeAnomaly,global,0.1718538640965141,0.0,0.0,-0.03208744710860367,0.11205916028126252,0.001884425741315171,0.001884425741315171,0.001884425741315171,0.001884425741315171,0.0,0.11555989560731447,0.0,0.0,0.0
oddbench__CourseRegistration,local,0.1378574295466282,0.20722704214523197,0.20722704214523197,-0.09067083333333348,0.20722704214523197,0.20722704214523197,0.39928918030632443,0.5166914900246629,0.39928918030632443,0.20722704214523197,0.2578787644769295,0.20722704214523197,0.20722704214523197,0.20722704214523197
oddbench__EmailSpamDetection,global,0.3305220975465123,0.5687760358686516,0.5687760358686516,-0.006908713692945989,0.0,0.0,0.5026073823914433,0.5026073823914433,0.5026073823914433,0.5687760358686516,0.45928814615257213,0.5687760358686516,0.5687760358686516,0.5687760358686516
oddbench__GeneticAnalysis,global,0.2705796861584655,0.05080865019742488,0.08335614888643011,-0.16164491449144902,0.09190965276860648,0.09190965276860648,0.0907915510290529,0.0907915510290529,0.0907915510290529,0.05080865019742488,0.07278361960101026,0.08335614888643011,0.05080865019742488,0.05080865019742488
oddbench__TreadmillStatus,local,0.3643357918146621,0.0295523099515409,0.2228359452299274,-0.014012500000000094,0.38238233863836313,0.38238233863836313,0.7268579431007688,0.7268579431007688,0.7268579431007688,0.0295523099515409,0.5188462312002519,0.0295523099515409,0.0295523099515409,0.0295523099515409
tsbad_m__143_CATSv2_id_6_Sensor_tr_50000_1st_,global,,0.0,0.0,-0.007639390292819792,0.4951550885198987,0.47190723440644233,0.40473627459966877,0.40473627459966877,0.40473627459966877,0.0,0.24359181774573138,0.0,0.0,0.0
dami__PageBlocks,local,0.4189048194649207,0.04540991502732042,0.04540991502732042,-0.01832650972364369,0.10196550405067206,0.10196550405067206,0.04823776669001459,0.04823776669001459,0.04823776669001459,0.04540991502732042,0.11317579310115411,0.04540991502732042,0.04540991502732042,0.04540991502732042
ovrbench__FakeNewsPropagation,global,0.1709018358393057,0.0,0.16197486732013994,-0.0919833333333333,0.1389658016792421,0.16197486732013994,0.11474742658899223,0.11474742658899223,0.11474742658899223,0.0,0.24987570320510416,0.0,0.16197486732013994,0.0
tsbad_m__030_MITDB_id_12_Medical_tr_50000_1st,local,,0.0321764566979823,0.0,-0.004501253463517596,0.0,0.0,0.03953327855544094,0.03953327855544094,0.03557641502683093,0.0321764566979823,0.04047586663616927,0.0321764566979823,0.0,0.0321764566979823
tsbad_m__019_MITDB_id_1_Medical_tr_37500_1st_,local,,0.0,0.06699270099533083,-0.024550561797752835,0.08715077448398312,0.06699270099533083,0.1894949307431632,0.1459917166222398,0.1894949307431632,0.0,0.13167932516876918,0.0,0.06699270099533083,0.0
ovrbench__HealthActivityObesity,local,0.4046817027810957,0.17666482998598185,0.17666482998598185,-0.028358333333333374,0.4931934418378502,0.4931934418378502,0.44482477015931243,0.44482477015931243,0.44482477015931243,0.17666482998598185,0.36366115576872393,0.17666482998598185,0.17666482998598185,0.17666482998598185
tsbad_m__031_MITDB_id_13_Medical_tr_50000_1st,local,,0.005932182197673386,0.009401144902344439,-0.0029647521918053643,0.0032836967895398007,0.0032836967895398007,0.005180920941105796,0.005180920941105796,0.022074390625605397,0.005932182197673386,0.012439703183452805,0.005932182197673386,0.009401144902344439,0.005932182197673386
ovrbench__UserMovieInteractions,global,0.1413057434197836,0.33181872607431667,0.0872451867949528,-0.18637083333333315,0.0872451867949528,0.0872451867949528,0.3058315924399469,0.3058315924399469,0.4325995329181651,0.33181872607431667,0.2719889695770152,0.0872451867949528,0.0872451867949528,0.0872451867949528
tsbad_m__115_PSM_id_1_Facility_tr_50000_1st_1,global,,0.0252701741737551,0.0252701741737551,-0.03510596026490076,0.04289375092479547,0.19770803656695912,0.2534202013118615,0.2534202013118615,0.2534202013118615,0.0252701741737551,0.14556653216113213,0.0252701741737551,0.0252701741737551,0.0252701741737551
ovrbench__FireRiskAnalysis,global,0.3460168490985968,0.16992464927238804,0.07651305294260213,-0.008991666666666731,0.07651305294260213,0.07651305294260213,0.24637185562496566,0.24637185562496566,0.24637185562496566,0.16992464927238804,0.12497581684350431,0.16992464927238804,0.16992464927238804,0.16992464927238804
oddbench__OkCupidUserBehavior,local,0.0545503833543742,0.003927735965433235,0.03900848936823859,-0.29933185840707965,0.014304079671638492,0.014304079671638492,0.03900848936823859,0.03900848936823859,0.03900848936823859,0.003927735965433235,0.027858796477250758,0.03900848936823859,0.03900848936823859,0.03900848936823859
oddbench__GPUResourceUsage,local,0.1890471209644605,0.46993960600163803,0.6140730693753507,-0.15260000000000007,0.4983654911260785,0.5606387266544404,0.4983654911260785,0.4780974495135052,0.4780974495135052,0.46993960600163803,0.47847432727285044,0.6140730693753507,0.46993960600163803,0.46993960600163803
tsbad_m__092_SVDB_id_9_Medical_tr_2674_1st_27,local,,0.0,0.00678198520585957,-0.004779648871372277,0.013821857243737745,0.013821857243737745,0.19854086045038383,0.19854086045038383,0.06608980989666227,0.0,0.13557386508715602,0.0,0.00678198520585957,0.0
oddbench__WaterPointFunctionality,local,0.1896485007455614,0.11514368590702172,0.11562864241774211,-0.08967916666666664,0.11514368590702172,0.11514368590702172,0.10135137395860647,0.10135137395860647,0.10135137395860647,0.11514368590702172,0.09991604913034874,0.11514368590702172,0.11514368590702172,0.11514368590702172
ovrbench__GesturePhaseSegmentationProcessed,local,0.1026370926829401,0.02072854257418638,0.6688003705077424,-0.07647881355932196,0.6688003705077424,0.6769011077531166,0.6812892875807317,0.6812892875807317,0.6812892875807317,0.02072854257418638,0.5789046926978547,0.02072854257418638,0.6688003705077424,0.02072854257418638
oddbench__CarMakeAnomaly,local,0.3240125172387852,0.007223167395985587,0.042214608063574195,-0.26475000000000004,0.007223167395985587,0.007223167395985587,0.050880007634958396,0.050880007634958396,0.050880007634958396,0.007223167395985587,0.049578230601963605,0.042214608063574195,0.007223167395985587,0.007223167395985587
ovrbench__thyroid-ann,global,0.2221058954256878,0.280806670867463,0.2800505064244374,-0.1521561604584527,0.07798736940796402,0.2800505064244374,0.20378580118902068,0.20378580118902068,0.20378580118902068,0.280806670867463,0.27436067643894146,0.2800505064244374,0.280806670867463,0.280806670867463
tsbad_m__109_SVDB_id_26_Medical_tr_1038_1st_1,global,,0.0562508428264013,0.03551386383999534,-0.0018645161290322676,0.08315692092480385,0.08315692092480385,0.08952334526149623,0.08952334526149623,0.08315692092480385,0.0562508428264013,0.0702938479310651,0.0562508428264013,0.03551386383999534,0.0562508428264013
ovrbench__AmazonReviewAnomalies,global,0.2494227041556415,0.22330071022122916,0.3400058297941676,-0.3200749999999999,0.16813898964015533,0.15956513393321148,0.15956513393321148,0.15956513393321148,0.07423264433616406,0.22330071022122916,0.3115127125306305,0.3400058297941676,0.22330071022122916,0.22330071022122916
ovrbench__FinancialMetricsAnomaly,global,0.194951304388727,0.09321619931318342,0.1267681183629869,-0.11454081632653046,0.049839643723267685,0.049839643723267685,0.13474543505551884,0.13474543505551884,0.13474543505551884,0.09321619931318342,0.08745898185572057,0.09321619931318342,0.09321619931318342,0.09321619931318342
tsbad_m__140_CATSv2_id_3_Sensor_tr_28307_1st_,global,,0.05569433660359846,0.05569433660359846,-0.0013252490255523108,0.6216729924928998,0.6216729924928998,0.45832208345125264,0.45832208345125264,0.45832208345125264,0.05569433660359846,0.2686870148970401,0.05569433660359846,0.05569433660359846,0.05569433660359846
tsbad_m__026_MITDB_id_8_Medical_tr_30495_1st_,local,,0.009531525119160583,0.09981426275795385,-0.004299575500303243,0.10484394349712972,0.10484394349712972,0.1459448841440194,0.1459448841440194,0.1459448841440194,0.009531525119160583,0.11736234662794634,0.009531525119160583,0.09981426275795385,0.009531525119160583
tsbad_m__021_MITDB_id_3_Medical_tr_50000_1st_,local,,0.01869398362789365,0.09330769744106315,-0.00033664747950468144,0.37483289578917955,0.10323697413659949,0.37483289578917955,0.37483289578917955,0.43399545890886454,0.01869398362789365,0.29348809237948337,0.01869398362789365,0.09330769744106315,0.01869398362789365
ovrbench__EmployeePerformance,local,0.2999612819376423,0.09153833946508311,0.5903357956229293,-0.15662500000000001,0.09153833946508311,0.09153833946508311,0.5206418180779795,0.5206418180779795,0.5206418180779795,0.09153833946508311,0.49427438822479625,0.5903357956229293,0.09153833946508311,0.09153833946508311
oddbench__RacingMotion,local,0.1631447295747218,0.0031902125636857903,0.0031902125636857903,-0.010679166666666906,0.11859453371983858,0.11859453371983858,0.41439508401457836,0.41439508401457836,0.41439508401457836,0.0031902125636857903,0.3182548635245637,0.0031902125636857903,0.0031902125636857903,0.0031902125636857903
ovrbench__WebpageSessionIntrusion,local,0.4554402129933589,0.1374053364704502,0.14950956576311708,-0.2670083333333333,0.17315836774352728,0.10542621917319472,0.13451627436914415,0.1374053364704502,0.1374053364704502,0.1374053364704502,0.1360283333298583,0.14950956576311708,0.1374053364704502,0.1374053364704502
tsbad_m__139_CATSv2_id_2_Sensor_tr_5592_1st_5,global,,0.007669842190098142,0.007669842190098142,-0.0009711620016963352,0.3037851115761717,0.3037851115761717,0.03048165310792117,0.03048165310792117,0.03048165310792117,0.007669842190098142,0.16876733416127218,0.007669842190098142,0.007669842190098142,0.007669842190098142
ovrbench__AbstractAnomalyBatch,local,0.1437834427632149,0.9522991217460285,0.9522991217460285,-0.0024208333333333165,0.8703356990163809,0.8703356990163809,0.9433622459230954,0.9433622459230954,0.9323272932624946,0.9522991217460285,0.6630433713813413,0.9522991217460285,0.9522991217460285,0.9522991217460285
dami__Wilt,local,0.2342049955844999,0.0,0.4710511701030137,-0.26602247807017554,0.4991132258892272,0.4188772619972188,0.5060130602670457,0.5060130602670457,0.5060130602670457,0.0,0.441090505057438,0.4710511701030137,0.0,0.0
oddbench__WindowsEditionAnomaly,global,0.0855098156900118,0.0,0.0,-0.15413749999999993,0.38173024665117017,0.525940414535059,0.012948404445508599,0.13186628197307504,0.13186628197307504,0.0,0.3282473352502226,0.0,0.0,0.0
tsbad_m__053_GHL_id_22_Sensor_tr_50000_1st_12,local,,0.2804572775759826,0.28229118196740666,-0.06246490172482955,0.30745148414490614,0.30745148414490614,0.29939926808474415,0.29939926808474415,0.29939926808474415,0.2804572775759826,0.22180683322360462,0.2804572775759826,0.28229118196740666,0.2804572775759826
oddbench__BarExamPrediction,global,0.2256118159432745,0.14785546625893148,0.14785546625893148,-0.07721666666666671,0.14785546625893148,0.14785546625893148,0.21923028041388917,0.21923028041388917,0.21923028041388917,0.14785546625893148,0.213373523278729,0.14785546625893148,0.14785546625893148,0.14785546625893148
ovrbench__jannis,global,0.0707842798279555,0.4986922871997385,0.023959748608718745,-0.16140625000000008,0.0,0.0,0.19173011633826426,0.19173011633826426,0.23688504792110682,0.4986922871997385,0.21183332223313703,0.023959748608718745,0.023959748608718745,0.023959748608718745
ovrbench__SensorAnomaly,local,0.065432506688935,0.18697847977516383,0.17942443278484066,-0.22766666666666657,0.23160073680854001,0.17942443278484066,0.22005869892036367,0.22005869892036367,0.22005869892036367,0.18697847977516383,0.1639510905146126,0.17942443278484066,0.17942443278484066,0.17942443278484066
dami__SpamBase,global,0.045352089823197,0.5682278860694013,0.1284065079701514,-0.051195652173912976,0.03427619647453717,0.03427619647453717,0.23511067606170033,0.23511067606170033,0.23511067606170033,0.5682278860694013,0.3016383579735662,0.5682278860694013,0.1284065079701514,0.5682278860694013
ovrbench__GeotechnicalAnomalies,local,0.1309515462791803,0.1505032046180739,0.2662378470867807,-0.1991322314049585,0.07108239069152957,0.07108239069152957,0.2731182813584483,0.2731182813584483,0.2731182813584483,0.1505032046180739,0.17249555960587748,0.2662378470867807,0.2662378470867807,0.2662378470867807
tsbad_m__082_LTDB_id_4_Medical_tr_4456_1st_45,local,,0.0,0.03187305499404483,-0.002683270676691496,0.07956706375927228,0.098308290756314,0.098308290756314,0.098308290756314,0.098308290756314,0.0,0.10468109153432467,0.0,0.03187305499404483,0.0
tsbad_m__113_SVDB_id_30_Medical_tr_4552_1st_4,global,,0.08291942470220316,0.09108878817595746,-0.014315094339622747,0.09108878817595746,0.09108878817595746,0.11298885612647322,0.11298885612647322,0.08393534222693512,0.08291942470220316,0.09879591980783023,0.08291942470220316,0.09108878817595746,0.08291942470220316
ovrbench__CreditScoringAnomalies,local,0.156584611321447,0.2569845223326496,0.29782645859564805,-0.0235749999999999,0.30274327705803633,0.30274327705803633,0.30274327705803633,0.30274327705803633,0.30274327705803633,0.2569845223326496,0.2241837066932829,0.2569845223326496,0.29782645859564805,0.2569845223326496
ovrbench__UrlAnalysis,global,0.1485931631569748,0.03652244039821795,0.6206651503430661,-0.03574685534591204,0.046760105215146064,0.046760105215146064,0.5319672330874452,0.5319672330874452,0.046760105215146064,0.03652244039821795,0.26766550088335583,0.03652244039821795,0.6206651503430661,0.03652244039821795
oddbench__VoteOutcome,local,0.2937871011935112,0.10258392162534702,0.6428691572266094,-0.06923750000000006,0.5068877456859441,0.6428691572266094,0.6009264810397638,0.6009264810397638,0.6009264810397638,0.10258392162534702,0.572465261494812,0.10258392162534702,0.10258392162534702,0.10258392162534702
ovrbench__GamingBehavior,local,0.1916980618241885,0.40031863878428414,0.17716944737950358,-0.075735,0.38338258104399076,0.38338258104399076,0.38338258104399076,0.38338258104399076,0.38338258104399076,0.40031863878428414,0.334215195369322,0.40031863878428414,0.40031863878428414,0.40031863878428414
ovrbench__SpotifyHitPredictor,global,0.0966013070453759,0.11559375195499405,0.11559375195499405,-0.31917968750000003,0.07367943972069146,0.07755854673322343,0.17519286067941728,0.17519286067941728,0.17519286067941728,0.11559375195499405,0.20273457321847754,0.11559375195499405,0.11559375195499405,0.11559375195499405
ovrbench__seismic-bumps,local,0.2975279461019302,0.01331453115643838,0.04406283554294446,-0.20579710144927532,0.04406283554294446,0.04406283554294446,0.044951216332286256,0.044951216332286256,0.044951216332286256,0.01331453115643838,0.0787279560433277,0.04406283554294446,0.01331453115643838,0.01331453115643838
adbench__27_PageBlocks,local,0.4189048194649208,0.17562092294431308,0.26155529781871273,-0.013909928352098255,0.26155529781871273,0.26155529781871273,0.20810811695946438,0.20810811695946438,0.20810811695946438,0.17562092294431308,0.264664834048723,0.17562092294431308,0.17562092294431308,0.17562092294431308
ovrbench__philippine,global,0.0620269654986783,0.46900523777772163,0.043332935652674986,-0.1652401372212694,0.0,0.0,0.027457360843233913,0.027457360843233913,0.027457360843233913,0.46900523777772163,0.16909079099206442,0.043332935652674986,0.043332935652674986,0.043332935652674986
tsbad_m__086_SVDB_id_3_Medical_tr_533_1st_633,global,,0.04797843130957586,0.035268359670160676,-0.0005343511450380811,0.035268359670160676,0.035268359670160676,0.06476304362621069,0.06476304362621069,0.03364952200245347,0.04797843130957586,0.04512443318841104,0.04797843130957586,0.035268359670160676,0.04797843130957586
ovrbench__CustomerChurn2,local,0.2157239873828404,0.1754259159174215,0.1754259159174215,-0.02838750000000012,0.10767555935892142,0.07871902953234508,0.11454663464826956,0.11454663464826956,0.11454663464826956,0.1754259159174215,0.21212285454091423,0.1754259159174215,0.1754259159174215,0.1754259159174215
ovrbench__BoundingBoxClassification,global,0.1752197841793588,0.033536049729322115,0.1539856947252375,-0.13512499999999994,0.052171862729888274,0.052171862729888274,0.8690278765185536,0.8690278765185536,0.8690278765185536,0.033536049729322115,0.27266107355194513,0.033536049729322115,0.1539856947252375,0.033536049729322115
ovrbench__RealEstateListings,local,0.1616662027907384,0.21087848638650708,0.269564698487244,-0.11270833333333352,0.12945291437899978,0.12945291437899978,0.269564698487244,0.269564698487244,0.269564698487244,0.21087848638650708,0.17252660866996816,0.21087848638650708,0.269564698487244,0.21087848638650708
ovrbench__BNG(cmc),global,0.4787056154089885,0.5357193355086092,0.5357193355086092,-0.1762083333333332,0.5357193355086092,0.5357193355086092,0.4945831169852922,0.4945831169852922,0.4945831169852922,0.5357193355086092,0.4080998037440561,0.5357193355086092,0.5357193355086092,0.5357193355086092
oddbench__RulePriorityAnomalies,local,0.1846361275688887,0.0,0.16691275660644092,-0.24490580847723697,0.00795618862883997,0.015022701610509864,0.12682354645555594,0.12682354645555594,0.12682354645555594,0.0,0.10804057170500324,0.16691275660644092,0.0,0.0
ovrbench__RealEstateData,global,0.0190186628896238,0.0,0.5476554812798542,-0.04891655450874843,0.0,0.5476554812798542,1.1386335648160681,1.1386335648160681,1.1386335648160681,0.0,0.8690701984913193,0.0,0.5476554812798542,0.0
oddbench__PoliceForceDisturbance,local,0.1171083472536754,0.0007186423958206178,0.22924909494424625,-0.07905416666666665,0.29262814286721994,0.22924909494424625,0.39305401260099243,0.39305401260099243,0.389188220070255,0.0007186423958206178,0.2875122250815324,0.0007186423958206178,0.22924909494424625,0.0007186423958206178
ovrbench__ShillBidding,global,0.2381755146298231,0.3139105113888697,0.3139105113888697,-0.11217891939769709,0.0,0.0,0.31117627774355544,0.31117627774355544,0.31117627774355544,0.3139105113888697,0.4040142084926607,0.3139105113888697,0.3139105113888697,0.3139105113888697
oddbench__ArtSalesPlatform,global,0.4996728447874663,0.24481521373711485,0.19380817517071436,-0.07728333333333337,0.10286314924265712,0.14599182444886194,0.05906027013292234,0.05906027013292234,0.05906027013292234,0.24481521373711485,0.10710559116400233,0.24481521373711485,0.24481521373711485,0.24481521373711485
tsbad_m__112_SVDB_id_29_Medical_tr_8226_1st_8,global,,0.04713359781644404,0.061629258701871345,-0.017906525573192278,0.05649010877680897,0.05649010877680897,0.060971246443693304,0.059344339919234074,0.05780150415944128,0.04713359781644404,0.058019945286005035,0.04713359781644404,0.061629258701871345,0.04713359781644404
oddbench__LandRarity,global,0.1686270753211964,0.061402748008776015,0.10028470059618746,-0.06682709447415347,0.0,0.0,0.3290899069515474,0.3290899069515474,0.3290899069515474,0.061402748008776015,0.21992577508726735,0.061402748008776015,0.10028470059618746,0.061402748008776015
oddbench__UserEventAnomalies,global,0.1802013816095391,0.6763409949980655,0.6763409949980655,-0.07634583333333333,0.7180435682715738,0.6497490167018098,0.771309730095059,0.771309730095059,0.7114551778247363,0.6763409949980655,0.7753878639279845,0.6763409949980655,0.6763409949980655,0.6763409949980655
ovrbench__SpectralImaging,global,0.2457972130240839,0.6186573022672756,0.6186573022672756,-0.002358333333333351,0.0,0.0,0.1525098083972517,0.1525098083972517,0.1525098083972517,0.6186573022672756,0.4732533782819327,0.6186573022672756,0.6186573022672756,0.6186573022672756
tsbad_m__097_SVDB_id_14_Medical_tr_1031_1st_1,local,,0.0266122452582251,0.0809492707080861,-0.009226139294926883,0.11491148346628831,0.08232277399692114,0.14431681267717356,0.14431681267717356,0.11491148346628831,0.0266122452582251,0.12314922027679098,0.0266122452582251,0.0809492707080861,0.0266122452582251
ovrbench__CardiacHealth,local,0.1756745977681027,0.0030973895464048162,0.003579292476460161,-0.06025416666666672,0.0,0.0,0.7878182911814393,0.7878182911814393,0.7878182911814393,0.0030973895464048162,0.6171810479891776,0.0030973895464048162,0.003579292476460161,0.0030973895464048162
adbench__35_SpamBase,global,0.045346731367878,0.5187347507637532,0.5187347507637532,-0.0393083003952569,0.030128084610975603,0.030128084610975603,0.030128084610975603,0.030128084610975603,0.030128084610975603,0.5187347507637532,0.21845939358831967,0.5187347507637532,0.5187347507637532,0.5187347507637532
ovrbench__ViralProteinFunction,local,0.3353611222887444,0.250832866306084,0.11471985838644622,-0.14545833333333336,0.13797032549875637,0.13797032549875637,0.06762757043897766,0.06762757043897766,0.06762757043897766,0.250832866306084,0.1671129583961554,0.11471985838644622,0.250832866306084,0.250832866306084
ovrbench__FICO-HELOC-cleaned,local,0.1506500966151019,0.1732506335375152,0.1250023671778594,-0.18396786757546268,0.2109904810921612,0.2109904810921612,0.08796650769895427,0.08796650769895427,0.11812195479630802,0.1732506335375152,0.09556696763889572,0.1250023671778594,0.1250023671778594,0.1250023671778594
ovrbench__SepsisMonitoring,local,0.1430479322395534,0.0,0.07369635733983856,-0.17270833333333346,0.1123767551528725,0.07369635733983856,0.08612236473602211,0.08612236473602211,0.08612236473602211,0.0,0.09213946335249042,0.07369635733983856,0.07369635733983856,0.07369635733983856
ovrbench__CryptojackingSystem,local,0.2352515937695528,0.2615281781552383,0.2615281781552383,-0.08764166666666662,0.27310554439092377,0.3377705426296903,0.33896471979655846,0.33896471979655846,0.33896471979655846,0.2615281781552383,0.2660018503899073,0.2615281781552383,0.2615281781552383,0.2615281781552383
tsbad_m__142_CATSv2_id_5_Sensor_tr_30704_1st_,global,,0.0,0.0,0.0,0.18541729504479892,0.18541729504479892,0.18139749661743806,0.18139749661743806,0.18139749661743806,0.0,0.17093684398500023,0.0,0.0,0.0
oddbench__HumanRobotCollaboration,local,0.0231779959093194,0.0065708105287192176,0.0065708105287192176,-0.009695833333333237,0.35626532032803604,0.35626532032803604,0.5814098514581137,0.5814098514581137,0.5814098514581137,0.0065708105287192176,0.48231573025597474,0.0065708105287192176,0.0065708105287192176,0.0065708105287192176
ovrbench__visualizing_soil,global,0.1313081829950126,0.7294843505783697,0.5548291359748518,-0.1499316508937959,0.0,0.0,0.5147066815549424,0.5147066815549424,0.5147066815549424,0.7294843505783697,0.5826006277938235,0.5548291359748518,0.5548291359748518,0.5548291359748518
adbench__44_Wilt,local,0.2342049955844999,0.18830805890822283,0.6648065227560749,-0.19093749999999998,0.4456969079747201,0.6648065227560749,0.7222265137627512,0.7222265137627512,0.7222265137627512,0.18830805890822283,0.5866921529368638,0.6648065227560749,0.18830805890822283,0.18830805890822283
ovrbench__BankruptcyForecast,global,0.1356914985277945,0.08515330938713349,0.08515330938713349,-0.027695833333333253,0.07886143978833651,0.07886143978833651,0.09496665042882761,0.09496665042882761,0.09496665042882761,0.08515330938713349,0.08863740984352537,0.08515330938713349,0.08515330938713349,0.08515330938713349
ovrbench__HeadingDetection,local,0.3071971924295638,0.0,0.4120968211241436,-0.2559874999999999,0.4120968211241436,0.4120968211241436,0.7357854046424122,0.7357854046424122,0.4790255309330639,0.0,0.4150215022598531,0.4120968211241436,0.0,0.0
ovrbench__guillermo,global,0.0767218959501386,0.03946407405578739,0.01245701884809422,-5.416666666668846e-05,0.01245701884809422,0.01245701884809422,0.0065803379244370325,0.0065803379244370325,0.002073861082503188,0.03946407405578739,0.024938563436053995,0.03946407405578739,0.01245701884809422,0.03946407405578739
tsbad_m__093_SVDB_id_10_Medical_tr_500_1st_37,local,,0.06716451496651138,0.026440889931098846,-0.010683817062445033,0.1010223341488644,0.1010223341488644,0.1775847454914923,0.1775847454914923,0.1775847454914923,0.06716451496651138,0.1218426661736001,0.06716451496651138,0.026440889931098846,0.06716451496651138
ovrbench__PsychoPrediction,global,0.0228445683820746,0.01506586621832746,0.041422453441410295,-0.05162708333333321,0.030233495033891923,0.20372398807508124,0.20372398807508124,0.20372398807508124,0.20372398807508124,0.01506586621832746,0.11142560982672174,0.01506586621832746,0.041422453441410295,0.01506586621832746
ovrbench__TwitterEmotion,local,0.0951995589931344,0.14019069169650514,0.05403061566077605,-0.3240016778523489,0.079409227317034,0.079409227317034,0.07119676946077638,0.07119676946077638,0.08756856757984044,0.14019069169650514,0.07456178181642072,0.05403061566077605,0.05403061566077605,0.05403061566077605
ovrbench__PokemonBattle,local,0.1715638259211465,0.005036006042464902,0.09473440813521547,-0.22059791666666662,0.09473440813521547,0.09473440813521547,0.33269093970074876,0.33269093970074876,0.33269093970074876,0.005036006042464902,0.19650852615608688,0.09473440813521547,0.09473440813521547,0.09473440813521547
tsbad_m__085_SVDB_id_2_Medical_tr_50000_1st_5,local,,0.0027862784594124557,0.1071637800095317,-0.0013130774697939218,0.12080411194865381,0.12080411194865381,0.1487482376767046,0.1487482376767046,0.15500903162896124,0.0027862784594124557,0.12694784539394416,0.0027862784594124557,0.1071637800095317,0.0027862784594124557
ovrbench__SpatialAnomalies,local,0.1512936922860941,0.024233207002364976,0.024233207002364976,-0.13213307240704497,0.024233207002364976,0.09104782936469291,0.38665295403045286,0.38665295403045286,0.6092222686537376,0.024233207002364976,0.42374896880767576,0.024233207002364976,0.024233207002364976,0.024233207002364976
oddbench__AttackIncidents,local,0.1574324522461281,0.043160628998701184,0.043160628998701184,-0.09361820199778037,0.06794239079305206,0.043160628998701184,0.10314902957479918,0.10314902957479918,0.10314902957479918,0.043160628998701184,0.06560894266624362,0.043160628998701184,0.043160628998701184,0.043160628998701184
ovrbench__KDD,global,0.1593948278609753,0.11652902071900145,0.011081729503501801,-0.18188866799204773,0.011081729503501801,0.011081729503501801,0.11397715173101991,0.11397715173101991,0.11397715173101991,0.11652902071900145,0.0828253464844219,0.011081729503501801,0.011081729503501801,0.011081729503501801
oddbench__DiamondClarity,local,0.3797857400651899,0.8900105767874832,0.8900105767874832,-0.00018333333333331314,0.7075315708998255,0.7075315708998255,0.7690464137616085,0.7690464137616085,0.7690464137616085,0.8900105767874832,0.7511312651832907,0.8900105767874832,0.8900105767874832,0.8900105767874832
tsbad_m__141_CATSv2_id_4_Sensor_tr_41727_1st_,global,,0.030507331325513087,0.030507331325513087,-0.0001640051791109709,0.5410464563724258,0.5410464563724258,0.09198847381909364,0.09198847381909364,0.09198847381909364,0.030507331325513087,0.2526368329260019,0.030507331325513087,0.030507331325513087,0.030507331325513087
ovrbench__KPIData,local,0.3437765187767793,0.18964966502103647,0.18964966502103647,-0.11555416666666651,0.18228151294320416,0.18228151294320416,0.19072314302379223,0.19072314302379223,0.19072314302379223,0.18964966502103647,0.16313064840230296,0.18964966502103647,0.18964966502103647,0.18964966502103647
oddbench__BugSeverity,global,0.257850780266831,0.09380826425658612,0.09380826425658612,-0.11050880626223103,0.09380826425658612,0.09380826425658612,0.0617552394012038,0.0617552394012038,0.07802219186090349,0.09380826425658612,0.0760949491747614,0.09380826425658612,0.09380826425658612,0.09380826425658612
oddbench__FishingAnomalies,local,0.357857451265247,0.2327056450790888,0.2323224009642472,-0.005558333333333332,0.2323224009642472,0.2323224009642472,0.19809579464447558,0.19809579464447558,0.19809579464447558,0.2327056450790888,0.2022959338753503,0.2327056450790888,0.2327056450790888,0.2327056450790888
adbench__23_mammography,global,0.2340361964366258,0.11625715752630103,0.11625715752630103,-0.08553749999999993,0.1919657244334576,0.1919657244334576,0.2159637729704013,0.2159637729704013,0.2159637729704013,0.11625715752630103,0.18240179615573537,0.11625715752630103,0.11625715752630103,0.11625715752630103
tsbad_m__111_SVDB_id_28_Medical_tr_1791_1st_1,local,,0.22869121897591765,0.12724163415458473,-0.0021246340443329403,0.12724163415458473,0.12724163415458473,0.11257227417239973,0.11257227417239973,0.11257227417239973,0.22869121897591765,0.12442676596748142,0.22869121897591765,0.12724163415458473,0.22869121897591765
ovrbench__NeuroSignalEEG,global,0.0212808496157046,0.0,0.0,-0.12525833333333336,0.0,0.0,0.628438235646342,0.628438235646342,0.628438235646342,0.0,0.5602823359240112,0.0,0.0,0.0
tsbad_m__105_SVDB_id_22_Medical_tr_500_1st_41,local,,0.042470964215025844,0.010561180514007694,-0.00463037249283671,0.042470964215025844,0.042470964215025844,0.05675577123105377,0.05675577123105377,0.004361075934736652,0.042470964215025844,0.033711545049687264,0.042470964215025844,0.010561180514007694,0.042470964215025844
ovrbench__FootballEfficiency,local,0.0636626684452782,0.044752287313576805,0.07534197237266849,-0.31056666666666666,0.021214441127625716,0.07534197237266849,0.2513171472565288,0.2513171472565288,0.2513171472565288,0.044752287313576805,0.09985249830404497,0.07534197237266849,0.07534197237266849,0.07534197237266849
tsbad_m__022_MITDB_id_4_Medical_tr_50000_1st_,local,,0.15174375829558198,0.0809110095142659,-0.021500133582687653,0.10166882237458341,0.12814026257855687,0.10290714324081082,0.10290714324081082,0.10290714324081082,0.15174375829558198,0.1340544575063517,0.15174375829558198,0.0809110095142659,0.15174375829558198
ovrbench__TextAnomalyDetection,global,0.5517853333645628,0.09743113262690933,0.26635368143850713,-8.333333333387927e-06,0.26635368143850713,0.26635368143850713,0.2347885933082014,0.2347885933082014,0.2347885933082014,0.09743113262690933,0.15996369735260463,0.09743113262690933,0.09743113262690933,0.09743113262690933
tsbad_m__099_SVDB_id_16_Medical_tr_1115_1st_1,local,,0.12235004318662451,0.08816100215081941,-0.005615571776155792,0.08363644384277258,0.08363644384277258,0.11283084471193813,0.11283084471193813,0.11283084471193813,0.12235004318662451,0.106994845504329,0.12235004318662451,0.08816100215081941,0.12235004318662451
tsbad_m__102_SVDB_id_19_Medical_tr_50000_1st_,local,,0.07721069432391348,0.10449278856263428,-0.013179603202227441,0.10449278856263428,0.10449278856263428,0.36019737730457924,0.36019737730457924,0.36019737730457924,0.07721069432391348,0.3443329804300099,0.07721069432391348,0.10449278856263428,0.07721069432391348
tsbad_m__110_SVDB_id_27_Medical_tr_30824_1st_,local,,0.0,0.06780924800360387,-0.0027842778793418788,0.06780924800360387,0.06780924800360387,0.09304401116999406,0.09304401116999406,0.09304401116999406,0.0,0.08616059167689508,0.0,0.06780924800360387,0.0
oddbench__HealthBehavior,global,0.2341675517045626,0.0,0.0,-0.03677267987486965,0.0432875802742633,0.0432875802742633,0.05556208430602724,0.05556208430602724,0.05556208430602724,0.0,0.0594148101096703,0.0,0.0,0.0
ovrbench__FinancialTransaction1,global,0.1112464550000402,0.1007458657103612,0.1007458657103612,-0.021941666666666637,0.06102721010151335,0.06102721010151335,0.050480401145022946,0.050480401145022946,0.06274116833174997,0.1007458657103612,0.06559587498690403,0.1007458657103612,0.1007458657103612,0.1007458657103612
ovrbench__ShuttleOperations,local,0.2027343308567577,0.09367708958262455,0.13138014131503517,-0.03794791666666664,0.13138014131503517,0.13138014131503517,0.8191589927733475,0.8191589927733475,0.8191589927733475,0.09367708958262455,0.5850247617453397,0.09367708958262455,0.09367708958262455,0.09367708958262455
tsbad_m__084_SVDB_id_1_Medical_tr_12973_1st_1,local,,0.01141972812976206,0.0,-0.005829509354041806,0.007171598298318545,0.007171598298318545,0.04100686185212486,0.04100686185212486,0.011287230014599553,0.01141972812976206,0.0388060697969159,0.01141972812976206,0.0,0.01141972812976206
oddbench__AquaticMacroInverts,global,0.2185843049908856,0.0,0.011937028126659643,-0.11421875000000004,0.011937028126659643,0.011937028126659643,0.25362050730942987,0.25362050730942987,0.25362050730942987,0.0,0.5856643411970981,0.0,0.0,0.0
tsbad_m__091_SVDB_id_8_Medical_tr_500_1st_126,global,,0.058815167094366155,0.029093639709097202,-0.025090349075975404,0.029093639709097202,0.029093639709097202,0.04217876452178393,0.04217876452178393,0.04217876452178393,0.058815167094366155,0.04350693439870543,0.058815167094366155,0.029093639709097202,0.058815167094366155
oddbench__FinancialTransactionAnomalies,local,0.1077933059685641,0.032631375477084966,0.036527951540489656,-0.039283333333333226,0.06203384013475906,0.06203384013475906,0.14037195160743252,0.14037195160743252,0.14037195160743252,0.032631375477084966,0.08372838793808182,0.032631375477084966,0.036527951540489656,0.032631375477084966
ovrbench__CelestialObjects2,global,0.194172114068173,0.2832519744227017,0.0,-0.07277500000000003,0.0,0.0,0.4197408727446346,0.4197408727446346,0.4197408727446346,0.2832519744227017,0.3551684427130238,0.2832519744227017,0.2832519744227017,0.2832519744227017
oddbench__PropertyCondition,local,0.1100796523996359,0.23349995471885665,0.22015260188831726,-0.2237583333333334,0.23349995471885665,0.22015260188831726,0.13882886497116126,0.13882886497116126,0.13882886497116126,0.23349995471885665,0.10154823628973686,0.22015260188831726,0.22015260188831726,0.22015260188831726
ovrbench__JobChangePatterns,global,0.1059090670329944,0.42685311377518925,0.48141092046261613,-0.3277812499999999,0.09952945477998537,0.09952945477998537,0.48141092046261613,0.48141092046261613,0.48141092046261613,0.42685311377518925,0.3089918899579603,0.48141092046261613,0.48141092046261613,0.48141092046261613
ovrbench__BreastCancer,global,0.1456312343163249,0.10535958090053776,0.12385915348480435,-0.295483870967742,0.0,0.0,0.04244165780847585,0.04244165780847585,0.04244165780847585,0.10535958090053776,0.06651745783834297,0.12385915348480435,0.12385915348480435,0.12385915348480435
ovrbench__KickstarterCampaigns,local,0.2032343411642086,0.0,0.8678952273508619,-0.17609166666666654,0.8678952273508619,0.8678952273508619,0.9840289501637663,0.9840289501637663,0.9840289501637663,0.0,0.8924451964831538,0.8678952273508619,0.0,0.0
ovrbench__volkert,global,0.2027511705116042,0.6257762987877302,0.6257762987877302,-0.0038916666666666266,0.10553153758449607,0.10553153758449607,0.3795665526448095,0.46310764778034014,0.4681770158386145,0.6257762987877302,0.3404438600180105,0.6257762987877302,0.6257762987877302,0.6257762987877302
ovrbench__NetworkHealthMonitor,local,0.2082468535375434,0.11557323469711958,0.11557323469711958,-0.02734583333333329,0.0,0.1258356896163852,0.19239174772311649,0.19239174772311649,0.19239174772311649,0.11557323469711958,0.15606308257926785,0.11557323469711958,0.11557323469711958,0.11557323469711958
dami__Annthyroid,global,0.0533186266920859,0.0,0.12385400831786375,-0.09629583333333336,0.4139396895252816,0.4139396895252816,0.505000993849144,0.505000993849144,0.4597551504094047,0.0,0.4213886626313877,0.0,0.12385400831786375,0.0
ovrbench__SyntheticNumericalBatch,local,0.5260481251468404,0.0,0.0,-0.0008856275303644745,0.08609452920556582,0.08609452920556582,0.21066488231807867,0.21066488231807867,0.21066488231807867,0.0,0.16797058210302798,0.0,0.0,0.0
oddbench__RealEstateBlockType,global,0.2061056826288045,0.22893840510308686,0.22893840510308686,-0.30079681274900394,0.14321946880032507,0.14321946880032507,0.23154721452613383,0.23154721452613383,0.23154721452613383,0.22893840510308686,0.20927179935468307,0.22893840510308686,0.22893840510308686,0.22893840510308686
ovrbench__MalariaDetection,global,0.1757678205780614,0.829423907732846,0.4075800026531631,-0.07192500000000013,0.19109976691856356,0.19109976691856356,0.583194080369962,1.0240218857380792,0.4787353685972733,0.829423907732846,0.5680107249666188,0.829423907732846,0.4075800026531631,0.829423907732846
tsbad_m__104_SVDB_id_21_Medical_tr_50000_1st_,local,,0.07870293059207739,0.025928484051570055,-0.0024351332398316883,0.0,0.0,0.21539797998381505,0.21539797998381505,0.18623312134527645,0.07870293059207739,0.14888804831896596,0.07870293059207739,0.025928484051570055,0.07870293059207739
oddbench__AustinCrime,local,0.2234316183233126,0.13326159597493645,0.13326159597493645,-0.17498922413793105,0.0349991349195103,0.0349991349195103,0.11857860943885279,0.11857860943885279,0.11857860943885279,0.13326159597493645,0.11104875784430955,0.13326159597493645,0.13326159597493645,0.13326159597493645
