key,truefam,cs,reg_b1_auc,reg_b1_ap,reg_m_auc,reg_m_ap,reg_p1,reg_pe_auc,reg_pe_ap,lev_auc,lev_ap
ovrbench__BusinessAnomalies,global,0.0160689450980863,0.0000,0.0000,0.0408,0.1193,0.0000,0.0408,0.1193,-0.2203,-0.4537
tsbad_m__091_SVDB_id_8_Medical_tr_500_1st_126,global,nan,0.0108,0.0077,0.0108,0.0213,0.0108,0.0213,0.0213,-0.0349,-0.2011
ovrbench__FakeNewsPropagation,global,0.1709018358393057,0.0975,0.0975,0.0975,0.0975,0.0975,0.0975,0.0975,-0.2115,-0.3407
adbench__22_magic.gamma,local,0.3621514068280739,0.0090,0.0000,0.0090,0.0090,0.0090,0.0248,0.0090,-0.0880,-0.2208
ovrbench__guillermo,global,0.0767218959501386,0.0349,0.0349,0.0349,0.0110,0.0349,0.0110,0.0110,-0.0717,-0.4261
tsbad_m__111_SVDB_id_28_Medical_tr_1791_1st_1,local,nan,0.0000,0.0000,0.0000,0.0000,0.0000,0.0590,0.0590,-0.0098,-0.0456
ovrbench__philippine,global,0.0620269654986783,0.3357,0.3357,0.0000,0.0000,0.3357,0.0000,0.0000,-0.2356,-0.5387
ovrbench__FinancialTransaction4,local,0.1360946969557895,0.0331,0.0000,0.0331,0.0000,0.0331,0.0687,0.0687,-0.0566,-0.0207
tsbad_m__109_SVDB_id_26_Medical_tr_1038_1st_1,global,nan,0.0224,0.0224,0.0224,0.0224,0.0224,0.0533,0.0533,-0.0271,-0.0377
ovrbench__SpectralImaging,global,0.2457972130240839,0.0000,0.6058,0.7764,0.7764,0.0000,0.7764,0.7764,-0.1808,-0.4749
oddbench__BarExamPrediction,global,0.2256118159432745,0.1166,0.1166,0.1166,0.1166,0.1166,0.1166,0.1166,-0.1299,-0.1777
ovrbench__SolarFlare,local,0.3565047435715066,0.1498,0.1498,0.1498,0.1498,0.1498,0.1289,0.1498,-0.1140,-0.3423
ovrbench__ailerons,global,0.4127644068748578,0.0325,0.0325,0.0325,0.0325,0.0325,0.0325,0.0325,-0.0334,-0.1692
oddbench__FinancialTransactionAnomalies,global,0.1077933059685641,0.0000,0.0768,0.0000,0.0768,0.0000,0.0000,0.0000,-0.1278,-0.0947
tsbad_m__030_MITDB_id_12_Medical_tr_50000_1st,local,nan,0.0120,0.0080,0.0120,0.0080,0.0120,0.0080,0.0120,-0.0041,-0.0575
oddbench__SalesOrderPriority,local,0.3919649011338575,0.0535,0.0388,0.0535,0.2369,0.0535,0.2369,0.2369,-0.0677,-0.1414
tsbad_m__093_SVDB_id_10_Medical_tr_500_1st_37,local,nan,0.0000,0.0000,0.0000,0.0000,0.0000,0.0264,0.0264,-0.0160,-0.0815
ovrbench__NeuroSignalEEG,global,0.0212808496157046,0.0000,0.1153,0.0000,0.1153,0.0000,0.0000,0.1153,-0.1089,-0.1496
tsbad_m__086_SVDB_id_3_Medical_tr_533_1st_633,global,nan,0.0303,0.0303,0.0303,0.0303,0.0303,0.0353,0.0353,-0.0031,0.0034
ovrbench__EEGEyeState,local,0.6378743230015201,0.0297,0.0297,0.0297,0.0297,0.0297,0.0297,0.0297,-0.0056,-0.0182
ovrbench__AmazonReviewAnomalies,global,0.2494227041556415,0.0781,0.0781,0.0809,0.0809,0.0781,0.0809,0.0809,-0.2003,-0.3567
tsbad_m__097_SVDB_id_14_Medical_tr_1031_1st_1,local,nan,0.0452,0.0452,0.0452,0.0452,0.0452,0.0538,0.0538,-0.0140,-0.0233
ovrbench__jannis,global,0.0707842798279555,0.1804,0.1804,0.0240,0.0240,0.1804,0.0240,0.0240,-0.2247,-0.5190
ovrbench__sf-police-incidents,local,0.0279076677897036,0.1220,0.1220,0.1220,0.1220,0.1220,0.1220,0.1220,-0.1945,-0.2784
ovrbench__CreditCustomerData,local,0.1447719826080971,0.0763,0.1833,0.0627,0.0627,0.0763,0.0627,0.0627,-0.2987,-0.4479
ovrbench__CelestialObjects2,global,0.194172114068173,0.1041,0.1041,0.1041,0.0451,0.1041,0.1041,0.0451,-0.0469,-0.1703
tsbad_m__019_MITDB_id_1_Medical_tr_37500_1st_,local,nan,0.0232,0.0232,0.0232,0.0617,0.0232,0.0000,0.0617,-0.0308,-0.1618
oddbench__TBAnomalyDetection,local,0.0598276955729561,0.2147,0.2147,0.0565,0.0551,0.2147,0.0565,0.0551,-0.1687,-0.1702
ovrbench__PsychoPrediction,global,0.0228445683820746,0.0360,0.0360,0.0360,0.0360,0.0360,0.0360,0.0596,-0.0368,-0.0581
tsbad_m__105_SVDB_id_22_Medical_tr_500_1st_41,local,nan,0.0118,0.0118,0.0118,0.0118,0.0118,0.0106,0.0106,-0.0097,-0.0215
ovrbench__CustomerChurn2,local,0.2157239873828404,0.2760,0.2691,0.2760,0.2691,0.2760,0.1077,0.1077,-0.0583,-0.1058
tsbad_m__101_SVDB_id_18_Medical_tr_1851_1st_1,local,nan,0.0510,0.0510,0.0510,0.0551,0.0510,0.0510,0.0551,-0.0529,-0.1759
ovrbench__FinancialMetricsAnomaly,global,0.194951304388727,0.0959,0.0959,0.0959,0.1294,0.0959,0.1294,0.1294,-0.1145,-0.3476
ovrbench__CardiacHealth,local,0.1756745977681027,0.0030,0.0000,0.0030,0.0000,0.0030,0.0035,0.0021,-0.0603,-0.1173
ovrbench__SensorAnomaly,local,0.065432506688935,0.1808,0.2031,0.1808,0.1808,0.1808,0.1808,0.1808,-0.2312,-0.2454
ovrbench__BCellImmunity,global,0.1998362652718885,0.1116,0.1116,0.1116,0.1116,0.1116,0.2649,0.1767,-0.0874,-0.0863
oddbench__HealthPulse,local,0.1711989089709796,0.0000,0.0023,0.0829,0.0023,0.0000,0.0829,0.0829,-0.1583,-0.1365
oddbench__PropertyCondition,local,0.1100796523996359,0.2041,0.2322,0.1768,0.2322,0.2041,0.1768,0.2322,-0.2232,-0.3627
ovrbench__HealthActivityObesity,local,0.4046817027810957,0.0000,0.0000,0.0529,0.0000,0.0000,0.0529,0.0000,-0.2127,-0.2335
oddbench__TransactionFeeAnomalies,local,0.582496620532318,0.1943,0.1943,0.1943,0.1943,0.1943,0.1943,0.1943,0.0000,0.0000
ovrbench__TwitterEmotion,local,0.0951995589931344,0.0928,0.0928,0.0368,0.0368,0.0928,0.0368,0.0368,-0.2567,-0.5934
ovrbench__FootballEfficiency,local,0.0636626684452782,0.0083,0.0083,0.0707,0.0715,0.0083,0.0707,0.0715,-0.3223,-0.3081
ovrbench__BoundingBoxClassification,global,0.1752197841793588,0.3686,0.3686,0.1188,0.1188,0.3686,0.1188,0.1188,-0.1570,-0.2381
oddbench__GeneticVariation,global,0.0962354163301524,0.3642,0.3724,0.2155,0.3724,0.3642,0.2155,0.3724,-0.1898,-0.4252
tsbad_m__140_CATSv2_id_3_Sensor_tr_28307_1st_,global,nan,0.1142,0.1142,0.1142,0.1142,0.1142,0.1090,0.1090,-0.0149,-0.0587
adbench__35_SpamBase,global,0.045346731367878,0.4886,0.4886,0.4886,0.4886,0.4886,0.4886,0.4886,-0.0393,-0.1939
dami__SpamBase,global,0.045352089823197,0.5340,0.5340,0.5340,0.0941,0.5340,0.0941,0.0941,-0.0513,-0.2608
tsbad_m__088_SVDB_id_5_Medical_tr_500_1st_168,local,nan,0.0000,0.0000,0.0000,0.0000,0.0000,0.0685,0.0685,-0.0138,-0.0834
oddbench__ProsperLoan,local,0.18671069033573,0.0294,0.0294,0.0764,0.0764,0.0294,0.0764,0.0764,-0.1641,-0.2935
ovrbench__JobChangePatterns,global,0.1059090670329944,0.3312,0.3312,0.2022,0.2022,0.3312,0.2022,0.2022,-0.3081,-0.3594
tsbad_m__031_MITDB_id_13_Medical_tr_50000_1st,local,nan,0.0030,0.0000,0.0030,0.0000,0.0030,0.0026,0.0026,-0.0075,-0.0420
ovrbench__TrafficSensor,local,0.2792389599216985,0.0546,0.0546,0.0546,0.0546,0.0546,0.5594,0.0546,-0.0207,-0.0604
ovrbench__PokemonBattle,local,0.1715638259211465,0.0050,0.0050,0.0947,0.0947,0.0050,0.0947,0.0947,-0.2206,-0.5228
tsbad_m__022_MITDB_id_4_Medical_tr_50000_1st_,local,nan,0.0337,0.0289,0.0337,0.0024,0.0337,0.0024,0.0024,-0.0311,-0.1588
ovrbench__RealEstateListings,local,0.1616662027907384,0.0871,0.0023,0.0871,0.0023,0.0871,0.1012,0.1119,-0.0917,-0.1322
oddbench__BuildingInspections,global,0.1261151649311724,0.1878,0.1878,0.1878,0.0317,0.1878,0.3206,0.0317,-0.1089,-0.3078
tsbad_m__026_MITDB_id_8_Medical_tr_30495_1st_,local,nan,0.0095,0.0095,0.0095,0.0095,0.0095,0.0998,0.0998,-0.0043,-0.0293
ovrbench__ViralProteinFunction,local,0.3353611222887444,0.2509,0.2509,0.2509,0.2509,0.2509,0.1380,0.2509,-0.1000,0.0348
ovrbench__GeotechnicalAnomalies,local,0.1309515462791803,0.0158,0.0158,0.2317,0.0158,0.0158,0.2317,0.0158,-0.1993,-0.1713
tsbad_m__098_SVDB_id_15_Medical_tr_500_1st_30,local,nan,0.0210,0.0210,0.0210,0.0210,0.0210,0.0220,0.0210,-0.0208,-0.0632
oddbench__ProtestViolence,global,0.0559415703063578,0.8717,0.8306,0.8717,0.8306,0.8717,0.8827,0.8717,-0.0203,-0.0750
ovrbench__BreastCancer,global,0.1456312343163249,0.0000,0.0000,0.1331,0.0540,0.0000,0.1331,0.0540,-0.2306,-0.2047
ovrbench__UserMovieInteractions,global,0.1413057434197836,0.1216,0.1216,0.3394,0.3394,0.1216,0.3394,0.3394,-0.2886,-0.4229
ovrbench__Word2VecPCA,global,0.031813330890863,0.1637,0.1290,0.1487,0.1290,0.1637,0.1487,0.1290,-0.1500,-0.2756
tsbad_m__085_SVDB_id_2_Medical_tr_50000_1st_5,local,nan,0.0028,0.0383,0.0028,0.0383,0.0028,0.1072,0.1072,-0.0013,-0.0106
ovrbench__TextAnomalyDetection,global,0.5517853333645628,0.0304,0.0304,0.0304,0.0304,0.0304,0.1110,0.1110,0.0015,0.0062
ovrbench__BNG(cmc),global,0.4787056154089885,0.3242,0.1693,0.0000,0.0000,0.3242,0.0000,0.0000,-0.2111,-0.5446
oddbench__GlobalTerrorismAttack,global,0.0484205853574048,0.6229,0.6229,0.6229,0.6229,0.6229,0.6229,0.6229,-0.0986,-0.1754
tsbad_m__021_MITDB_id_3_Medical_tr_50000_1st_,local,nan,0.0187,0.0187,0.0187,0.0187,0.0187,0.0986,0.0986,-0.0003,-0.0040
ovrbench__FICO-HELOC-cleaned,local,0.1506500966151019,0.2055,0.2055,0.1056,0.2055,0.2055,0.1056,0.2055,-0.1426,-0.3735
tsbad_m__082_LTDB_id_4_Medical_tr_4456_1st_45,local,nan,0.0000,0.0000,0.0000,0.0000,0.0000,0.0319,0.0000,-0.0027,0.0352
oddbench__TrialBehavior,global,0.369461757002472,0.1629,0.1629,0.1811,0.1629,0.1629,0.1811,0.1629,-0.2790,-0.2497
ovrbench__compass,local,0.0691976668294035,0.1653,0.2252,0.1620,0.2252,0.1653,0.1620,0.2252,-0.1466,-0.2882
ovrbench__KickstarterCampaigns,local,0.2032343411642086,0.1308,0.1308,0.1308,0.1308,0.1308,0.1308,0.1308,-0.2549,-0.3710
tsbad_m__115_PSM_id_1_Facility_tr_50000_1st_1,global,nan,0.2041,0.2041,0.2041,0.2041,0.2041,0.2041,0.2041,-0.1913,-0.7287
adbench__19_landsat,local,0.4984753544744615,0.0037,0.0037,0.0037,0.0037,0.0037,0.0037,0.0037,-0.0001,-0.0006
ovrbench__SpatialAnomalies,local,0.1512936922860941,0.0242,0.0000,0.0242,0.0242,0.0242,0.0242,0.0242,-0.1321,-0.2981
tsbad_m__099_SVDB_id_16_Medical_tr_1115_1st_1,local,nan,0.0000,0.0000,0.0000,0.0000,0.0000,0.0249,0.0249,-0.0084,-0.0060
oddbench__RulePriorityAnomalies,global,0.1846361275688887,0.0066,0.0377,0.0066,0.1142,0.0066,0.0121,0.1142,-0.1185,-0.1875
oddbench__WaterChemistry,local,0.4256043998188074,0.0000,0.0938,0.0000,0.0938,0.0000,0.0938,0.0938,-0.0250,-0.0447
ovrbench__EmployeePerformance,local,0.2999612819376423,0.0914,0.8766,0.5418,0.0914,0.0914,0.5418,0.0914,-0.1407,-0.1582
ovrbench__SepsisMonitoring,local,0.1430479322395534,0.1149,0.1149,0.0736,0.0596,0.1149,0.0736,0.0596,-0.1843,-0.1749
tsbad_m__113_SVDB_id_30_Medical_tr_4552_1st_4,global,nan,0.0829,0.0829,0.0829,0.0829,0.0829,0.0881,0.0829,-0.0119,-0.0405
ovrbench__BatchProcessingEvents,local,0.1712947022824032,0.0584,0.0000,0.0693,0.0829,0.0584,0.0693,0.0829,-0.2353,-0.2734
ovrbench__PhysicsTraining,local,0.0962116359651826,0.1838,0.0000,0.1635,0.1635,0.1838,0.1635,0.1635,-0.1562,-0.2302
ovrbench__volkert,global,0.2027511705116042,0.2676,0.3663,0.2676,0.2676,0.2676,0.2676,0.2676,-0.0363,-0.1647
ovrbench__FireRiskAnalysis,global,0.3460168490985968,0.0257,0.0257,0.0260,0.0257,0.0257,0.0260,0.0257,-0.1815,-0.4087
adbench__30_satellite,global,0.6859334107698756,0.1863,0.1863,0.1863,0.1863,0.1863,0.1863,0.1863,-0.0002,-0.0010
oddbench__AttackIncidents,local,0.1574324522461281,0.0347,0.0347,0.0347,0.0347,0.0347,0.0347,0.0347,-0.2012,-0.4236
tsbad_m__102_SVDB_id_19_Medical_tr_50000_1st_,local,nan,0.0787,0.0787,0.0787,0.0787,0.0787,0.1060,0.1060,-0.0132,-0.0639
ovrbench__RealEstateData,global,0.0190186628896238,0.2032,0.2032,0.2032,0.2032,0.2032,0.1516,0.2032,-0.0940,-0.0719
tsbad_m__096_SVDB_id_13_Medical_tr_500_1st_44,local,nan,0.0000,0.0000,0.0000,0.0000,0.0000,0.0422,0.0422,-0.0124,-0.1015
oddbench__RacingMotion,local,0.1631447295747218,0.0032,0.0032,0.0032,0.0032,0.0032,0.0032,0.0032,-0.0202,-0.0741
ovrbench__CryptojackingSystem,local,0.2352515937695528,0.0381,0.0381,0.0381,0.0381,0.0381,0.3099,0.1890,-0.1140,-0.0418
ovrbench__CreditScoringAnomalies,local,0.156584611321447,0.1813,0.0343,0.1813,0.0343,0.1813,0.2990,0.2990,-0.0732,-0.0702
oddbench__LandShapeAnomaly,global,0.1718538640965141,0.0000,0.1548,0.0000,0.0000,0.0000,0.0000,0.0000,-0.2164,-0.2983
ovrbench__XSSDetection,global,0.0442529516993221,0.6609,0.6609,0.6609,0.3583,0.6609,0.6609,0.3583,-0.0466,-0.3324
ovrbench__NetworkHealthMonitor,local,0.2082468535375434,0.0358,0.0358,0.0358,0.0358,0.0358,0.0832,0.0358,-0.0393,0.0021
oddbench__OkCupidUserBehavior,local,0.0545503833543742,0.0039,0.0151,0.0390,0.0323,0.0039,0.0390,0.0323,-0.2993,-0.2997
tsbad_m__087_SVDB_id_4_Medical_tr_5421_1st_55,local,nan,0.0000,0.0000,0.0000,0.0000,0.0000,0.0000,0.0000,-0.0029,-0.0161
ovrbench__KDD,global,0.1593948278609753,0.1165,0.0730,0.0111,0.1200,0.1165,0.0111,0.1200,-0.1819,-0.4375
tsbad_m__110_SVDB_id_27_Medical_tr_30824_1st_,local,nan,0.0165,0.0165,0.0165,0.0165,0.0165,0.0526,0.0526,-0.0044,-0.0294
oddbench__PoliceForceDisturbance,local,0.1171083472536754,0.3050,0.3050,0.3050,0.3050,0.3050,0.3050,0.3050,-0.0598,-0.2209
tsbad_m__095_SVDB_id_12_Medical_tr_6264_1st_6,local,nan,0.0015,0.0000,0.0015,0.0000,0.0015,0.0567,0.0567,-0.0055,-0.0248
ovrbench__WebpageSessionIntrusion,local,0.4554402129933589,0.1495,0.0000,0.1495,0.1495,0.1495,0.1495,0.1495,-0.3015,-0.4994
tsbad_m__142_CATSv2_id_5_Sensor_tr_30704_1st_,global,nan,0.1297,0.1297,0.1297,0.1297,0.1297,0.0908,0.0908,-0.0144,-0.0867
ovrbench__UrlAnalysis,global,0.1485931631569748,0.7516,0.7516,0.0898,0.6252,0.7516,0.0898,0.6252,-0.1445,-0.3679
oddbench__CourseRegistration,local,0.1378574295466282,0.2085,0.2085,0.2085,0.2085,0.2085,0.2085,0.2085,-0.0907,-0.4373
tsbad_m__107_SVDB_id_24_Medical_tr_32805_1st_,local,nan,0.0000,0.0000,0.0000,0.0000,0.0000,0.0158,0.0158,-0.0086,-0.0642
dami__Annthyroid,global,0.0533186266920859,0.0000,0.0000,0.0000,0.0000,0.0000,0.0000,0.0000,-0.0652,-0.1920
oddbench__GPUResourceUsage,local,0.1890471209644605,0.5292,0.1961,0.5519,0.5292,0.5292,0.5519,0.5292,-0.1795,-0.1831
ovrbench__KenyaMovement,local,0.1218598619155503,0.0176,0.0099,0.0738,0.0000,0.0176,0.0738,0.0000,-0.3303,-0.5657
oddbench__DiamondClarity,local,0.3797857400651899,0.0000,0.0000,0.7508,0.0000,0.0000,0.7508,0.5220,-0.1425,-0.0850
oddbench__HealthBehavior,global,0.2341675517045626,0.0208,0.0208,0.0208,0.0208,0.0208,0.0208,0.0208,-0.1920,-0.4651
ovrbench__ShillBidding,global,0.2381755146298231,0.0000,0.0000,0.0000,0.0000,0.0000,0.0000,0.0000,-0.1755,-0.3878
oddbench__SalesPerformance,global,0.1806365963739526,0.0604,0.0604,0.1596,0.1596,0.0604,0.1596,0.1596,-0.1530,-0.2323
tsbad_m__139_CATSv2_id_2_Sensor_tr_5592_1st_5,global,nan,0.1865,0.1865,0.1865,0.1865,0.1865,0.3143,0.1865,-0.0064,-0.0371
oddbench__HumanRobotCollaboration,local,0.0231779959093194,0.0000,0.3458,0.0000,0.3458,0.0000,0.0065,0.3458,-0.0054,-0.0579
oddbench__VoteOutcome,local,0.2937871011935112,0.1055,0.0375,0.1055,0.0375,0.1055,0.5099,0.0375,-0.0573,-0.0986
oddbench__EmailSpamDetection,global,0.3305220975465123,0.5084,0.5084,0.5084,0.5084,0.5084,0.5084,0.5084,-0.0069,-0.0130
tsbad_m__172_SWaT_id_2_Sensor_tr_23700_1st_23,local,nan,0.0208,0.0208,0.0208,0.0208,0.0208,0.3109,0.3109,-0.0002,-0.0067
ovrbench__SyntheticNumericalBatch,local,0.5260481251468404,0.0000,0.0000,0.0000,0.0000,0.0000,0.0000,0.0000,-0.0009,-0.0062
tsbad_m__092_SVDB_id_9_Medical_tr_2674_1st_27,local,nan,0.0000,0.0000,0.0000,0.0000,0.0000,0.0068,0.0068,-0.0048,-0.0217
ovrbench__Run_or_walk_information,local,0.1784813579427167,0.0281,0.0281,0.0281,0.0281,0.0281,0.0281,0.0281,-0.1790,-0.2744
tsbad_m__141_CATSv2_id_4_Sensor_tr_41727_1st_,global,nan,0.1516,0.1516,0.1516,0.4658,0.1516,0.4658,0.4658,-0.0410,-0.3709
ovrbench__FinancialTransaction1,global,0.1112464550000402,0.0575,0.0575,0.0575,0.0575,0.0575,0.1080,0.1080,-0.0295,-0.0277
oddbench__ArtSalesPlatform,global,0.4996728447874663,0.1029,0.0839,0.1610,0.0839,0.1029,0.1610,0.0741,-0.1650,-0.1284
tsbad_m__103_SVDB_id_20_Medical_tr_12167_1st_,local,nan,0.0000,0.0000,0.0000,0.0456,0.0000,0.0456,0.0456,-0.0393,-0.1528
ovrbench__AbstractAnomalyBatch,local,0.1437834427632149,0.8824,0.8824,0.8716,0.8716,0.8824,0.8716,0.8716,-0.2668,-0.4558
ovrbench__visualizing_soil,global,0.1313081829950126,0.5769,0.0000,0.5769,0.0000,0.5769,0.5769,0.0000,-0.1695,-0.2115
ovrbench__GamingBehavior,local,0.1916980618241885,0.3010,0.3010,0.3947,0.3947,0.3010,0.3947,0.3947,-0.2128,-0.4085
oddbench__GeneticAnalysis,global,0.2705796861584655,0.0516,0.0426,0.0516,0.0426,0.0516,0.0982,0.0646,-0.1314,-0.0513
oddbench__AxieInfinityBug,global,0.1204693505633004,0.0730,0.0730,0.0228,0.0228,0.0730,0.0228,0.0228,-0.1776,-0.2758
oddbench__RealEstateBlockType,global,0.2061056826288045,0.0173,0.1399,0.0417,0.0417,0.0173,0.0417,0.0417,-0.3398,-0.3654
oddbench__WaterPointFunctionality,local,0.1896485007455614,0.0000,0.0446,0.0000,0.0577,0.0000,0.0577,0.0577,-0.0923,-0.2428
oddbench__SMSClassification,global,0.2308679690744058,0.4511,0.4203,0.0719,0.4203,0.4511,0.0719,0.2377,-0.1451,-0.0899
ovrbench__KPIData,local,0.3437765187767793,0.0980,0.0143,0.0980,0.0143,0.0980,0.0872,0.0872,-0.1269,-0.0965
ovrbench__ShuttleOperations,local,0.2027343308567577,0.0000,0.0000,0.0000,0.0000,0.0000,0.0371,0.0000,-0.0383,-0.0843
tsbad_m__112_SVDB_id_29_Medical_tr_8226_1st_8,global,nan,0.0471,0.0471,0.0471,0.0471,0.0471,0.0565,0.0471,-0.0155,0.0852
oddbench__CasePriority,local,0.705801649399001,0.1311,0.1311,0.1311,0.1311,0.1311,0.1311,0.1311,-0.0075,-0.0625
dami__Wilt,local,0.2342049955844999,0.0000,0.0000,0.2304,0.1864,0.0000,0.2304,0.1864,-0.2824,-0.5195
adbench__44_Wilt,local,0.2342049955844999,0.1883,0.0722,0.4457,0.3289,0.1883,0.4457,0.3289,-0.1882,-0.3303
ovrbench__SpotifyHitPredictor,global,0.0966013070453759,0.0572,0.0572,0.0572,0.0572,0.0572,0.0572,0.0572,-0.2390,-0.5336
oddbench__TreadmillStatus,local,0.3643357918146621,0.6531,0.6531,0.6531,0.6531,0.6531,0.4161,0.6531,-0.0761,0.0025
ovrbench__students_dropout_and_academic_succes,local,nan,0.0997,0.0028,0.0997,0.0028,0.0997,0.1892,0.0028,-0.1153,-0.2964
ovrbench__MalariaDetection,global,0.1757678205780614,0.8296,0.8296,0.8296,0.1025,0.8296,0.9374,0.1025,-0.0713,-0.2685
ovrbench__GesturePhaseSegmentationProcessed,local,0.1026370926829401,0.0207,0.0207,0.0207,0.0207,0.0207,0.0207,0.0207,-0.0756,-0.2369
ovrbench__HealthMetrics,local,0.233910848333677,0.1002,0.1002,0.0537,0.0093,0.1002,0.0537,0.0093,-0.2883,-0.4224
oddbench__BugSeverity,global,0.257850780266831,0.0064,0.1177,0.0064,0.1123,0.0064,0.0604,0.1123,-0.1361,-0.3052
tsbad_m__084_SVDB_id_1_Medical_tr_12973_1st_1,local,nan,0.0308,0.0243,0.0308,0.0243,0.0308,0.0000,0.0000,-0.0094,-0.0468
oddbench__LandRarity,global,0.1686270753211964,0.0000,0.0000,0.0000,0.0000,0.0000,0.0000,0.0000,-0.1191,-0.1263
oddbench__ProgrammingAnomalies,local,0.1856944976728788,0.2116,0.0000,0.2586,0.2586,0.2116,0.2586,0.2586,-0.2264,-0.2916
oddbench__WindowsEditionAnomaly,global,0.0855098156900118,0.5064,0.5695,0.5064,0.4002,0.5064,0.5064,0.4002,-0.0826,-0.1743
ovrbench__BankruptcyForecast,global,0.1356914985277945,0.0982,0.0982,0.0982,0.0982,0.0982,0.0982,0.0982,-0.0431,-0.2152
ovrbench__seismic-bumps,local,0.2975279461019302,0.1333,0.1333,0.0489,0.0030,0.1333,0.0489,0.0030,-0.1821,-0.1966
tsbad_m__143_CATSv2_id_6_Sensor_tr_50000_1st_,global,nan,0.1230,0.1230,0.1230,0.1230,0.1230,0.3132,0.1661,-0.0280,-0.1136
tsbad_m__108_SVDB_id_25_Medical_tr_1238_1st_1,local,nan,0.0000,0.0000,0.0000,0.0000,0.0000,0.0261,0.0000,-0.0551,-0.1984
tsbad_m__104_SVDB_id_21_Medical_tr_50000_1st_,local,nan,0.0787,0.0787,0.0787,0.0787,0.0787,0.0000,0.0000,-0.0026,0.0021
oddbench__CarMakeAnomaly,local,0.3240125172387852,0.0557,0.0557,0.0397,0.0483,0.0557,0.0397,0.0483,-0.2945,-0.3016
ovrbench__mozilla4,local,0.177591404120472,0.0331,0.0533,0.0331,0.0533,0.0331,0.0767,0.0331,-0.0945,-0.0885
oddbench__FishingAnomalies,local,0.357857451265247,0.2302,0.2302,0.2302,0.2302,0.2302,0.2290,0.2290,-0.0038,0.0513
oddbench__AquaticMacroInverts,global,0.2185843049908856,0.5528,0.5528,0.0706,0.5406,0.5528,0.0706,0.5406,-0.2301,-0.3998
oddbench__UserEventAnomalies,global,0.1802013816095391,0.0000,0.0000,0.0000,0.0000,0.0000,0.0000,0.0000,-0.0860,-0.0030
oddbench__RealEstateProperties,local,0.2885515495591698,0.0632,0.0758,0.0646,0.0646,0.0632,0.0646,0.0646,-0.2484,-0.2018
tsbad_m__053_GHL_id_22_Sensor_tr_50000_1st_12,local,nan,0.3133,0.3133,0.3133,0.3133,0.3133,0.3133,0.3133,-0.0694,-0.3504
ovrbench__HeadingDetection,local,0.3071971924295638,0.1773,0.1773,0.3503,0.3503,0.1773,0.3503,0.3503,-0.2655,-0.2548
adbench__27_PageBlocks,local,0.4189048194649208,0.0425,0.0425,0.0425,0.0425,0.0425,0.4507,0.4507,-0.0457,-0.0836
dami__PageBlocks,local,0.4189048194649207,0.0237,0.0237,0.1035,0.0237,0.0237,0.1035,0.0237,-0.1990,-0.4840
tsbad_m__138_CATSv2_id_1_Sensor_tr_16568_1st_,local,nan,0.1352,0.0402,0.1352,0.0402,0.1352,0.1551,0.1551,-0.0093,-0.0147
oddbench__AustinCrime,local,0.2234316183233126,0.1490,0.1515,0.1490,0.1515,0.1490,0.1180,0.1501,-0.0912,-0.0668
ovrbench__thyroid-ann,global,0.2221058954256878,0.2292,0.2292,0.2823,0.2620,0.2292,0.2823,0.2620,-0.2173,-0.3989
ovrbench__GeneExpressionCoactivator,global,0.1334311810755515,0.2448,0.2448,0.0498,0.0399,0.2448,0.0498,0.0399,-0.3149,-0.3816
adbench__23_mammography,global,0.2340361964366258,0.0222,0.0222,0.0222,0.0222,0.0222,0.0222,0.0222,-0.0855,-0.2104
