corpus,dataset,best_alpha,n_modes,void_mass,ll_gap,hull_ext,void_fill,embedded
ovrbench,BusinessAnomalies,0.80,8,0.926,5.794,0.114,0.701,0.184
tsbad_m,091_SVDB_id_8_Medical_tr_500_1st_126.csv,1.00,8,0.998,23.126,0.529,0.364,0.106
ovrbench,FakeNewsPropagation,0.00,8,0.982,19.480,0.081,0.864,0.055
adbench,22_magic.gamma,0.40,8,0.867,5.656,0.137,0.681,0.182
ovrbench,guillermo,0.40,8,0.001,1616.759,0.997,0.001,0.002
tsbad_m,111_SVDB_id_28_Medical_tr_1791_1st_1891.,1.00,8,1.000,20.459,0.615,0.243,0.142
ovrbench,philippine,0.20,8,1.000,77.496,0.988,0.003,0.010
ovrbench,FinancialTransaction4,1.00,7,0.971,13.739,0.111,0.594,0.295
tsbad_m,109_SVDB_id_26_Medical_tr_1038_1st_1138.,0.00,8,0.960,16.144,0.278,0.569,0.152
ovrbench,SpectralImaging,0.40,8,1.000,57.440,0.574,0.356,0.070
oddbench,BarExamPrediction,0.20,8,0.555,4.359,0.236,0.512,0.252
ovrbench,SolarFlare,0.00,8,0.908,22.785,0.054,0.823,0.122
ovrbench,ailerons,0.00,8,0.999,33.421,0.225,0.547,0.228
oddbench,FinancialTransactionAnomalies,0.00,7,0.449,1.045,0.032,0.469,0.499
tsbad_m,030_MITDB_id_12_Medical_tr_50000_1st_845,0.00,8,0.958,23.473,0.194,0.490,0.315
oddbench,SalesOrderPriority,1.00,8,0.767,5.961,0.025,0.599,0.376
tsbad_m,093_SVDB_id_10_Medical_tr_500_1st_37.csv,0.00,8,0.996,17.703,0.356,0.432,0.212
ovrbench,NeuroSignalEEG,0.00,6,0.206,0.386,0.158,0.416,0.427
tsbad_m,086_SVDB_id_3_Medical_tr_533_1st_633.csv,0.00,8,0.955,21.601,0.200,0.474,0.326
ovrbench,EEGEyeState,0.00,8,0.876,8.574,0.088,0.861,0.051
ovrbench,AmazonReviewAnomalies,0.80,7,0.424,3.836,0.045,0.691,0.264
tsbad_m,097_SVDB_id_14_Medical_tr_1031_1st_1131.,0.00,8,1.000,21.203,0.312,0.447,0.242
ovrbench,jannis,0.60,8,0.933,14.660,0.603,0.181,0.216
ovrbench,sf-police-incidents,0.00,6,0.202,0.575,0.040,0.473,0.487
ovrbench,CreditCustomerData,0.20,7,0.971,4.849,0.134,0.426,0.440
ovrbench,CelestialObjects2,0.00,8,0.821,6.074,0.929,0.047,0.024
tsbad_m,019_MITDB_id_1_Medical_tr_37500_1st_1032,0.40,8,0.965,16.652,0.420,0.426,0.154
oddbench,TBAnomalyDetection,0.00,7,0.151,0.275,0.014,0.637,0.350
ovrbench,PsychoPrediction,0.00,7,0.322,1.888,0.008,0.497,0.495
tsbad_m,105_SVDB_id_22_Medical_tr_500_1st_417.cs,0.00,8,0.984,17.746,0.257,0.363,0.379
ovrbench,CustomerChurn2,0.00,8,0.988,6.222,0.017,0.660,0.323
tsbad_m,101_SVDB_id_18_Medical_tr_1851_1st_1951.,0.00,8,0.978,17.228,0.175,0.639,0.185
ovrbench,FinancialMetricsAnomaly,0.80,8,0.752,6.854,0.334,0.333,0.333
ovrbench,CardiacHealth,0.20,7,0.241,0.847,0.080,0.902,0.018
ovrbench,SensorAnomaly,0.00,8,0.697,6.607,0.140,0.410,0.450
ovrbench,BCellImmunity,0.80,7,0.672,3.882,0.068,0.716,0.216
oddbench,HealthPulse,1.00,8,0.473,7.606,0.271,0.371,0.358
oddbench,PropertyCondition,0.00,8,0.999,12.049,0.062,0.431,0.506
ovrbench,HealthActivityObesity,0.00,7,0.960,5.898,0.013,0.485,0.502
oddbench,TransactionFeeAnomalies,0.00,8,0.961,8.545,0.000,0.998,0.002
ovrbench,TwitterEmotion,0.00,8,0.988,10.184,0.174,0.440,0.387
ovrbench,FootballEfficiency,0.60,4,0.382,2.374,0.108,0.657,0.235
ovrbench,BoundingBoxClassification,0.00,7,0.537,1.904,0.009,0.982,0.008
oddbench,GeneticVariation,0.00,8,1.000,15.844,0.004,0.591,0.405
tsbad_m,140_CATSv2_id_3_Sensor_tr_28307_1st_2840,0.20,8,1.000,81.761,0.897,0.053,0.050
adbench,35_SpamBase,0.20,8,1.000,104.237,0.852,0.095,0.054
dami,SpamBase,0.20,7,1.000,94.086,0.852,0.094,0.054
tsbad_m,088_SVDB_id_5_Medical_tr_500_1st_168.csv,0.80,8,0.991,18.476,0.246,0.432,0.322
oddbench,ProsperLoan,1.00,7,0.929,26.995,0.295,0.313,0.392
ovrbench,JobChangePatterns,0.00,8,0.509,2.395,0.022,0.507,0.471
tsbad_m,031_MITDB_id_13_Medical_tr_50000_1st_794,1.00,8,1.000,20.731,0.175,0.540,0.285
ovrbench,TrafficSensor,0.40,8,0.955,8.213,0.057,0.908,0.036
ovrbench,PokemonBattle,0.80,8,0.186,2.161,0.177,0.616,0.207
tsbad_m,022_MITDB_id_4_Medical_tr_50000_1st_5425,0.40,8,0.998,19.589,0.400,0.418,0.183
ovrbench,RealEstateListings,0.00,8,0.950,7.885,0.067,0.345,0.588
oddbench,BuildingInspections,0.40,7,0.988,7.528,0.041,0.671,0.287
tsbad_m,026_MITDB_id_8_Medical_tr_30495_1st_3059,0.00,8,0.962,19.464,0.168,0.398,0.433
ovrbench,ViralProteinFunction,0.40,8,0.568,3.106,0.066,0.564,0.370
ovrbench,GeotechnicalAnomalies,0.60,8,0.989,6.387,0.020,0.640,0.340
tsbad_m,098_SVDB_id_15_Medical_tr_500_1st_303.cs,0.80,8,0.878,12.214,0.133,0.546,0.321
oddbench,ProtestViolence,0.00,8,0.978,7.442,0.035,0.822,0.143
ovrbench,BreastCancer,0.20,6,0.354,2.618,0.018,0.615,0.367
ovrbench,UserMovieInteractions,0.00,8,0.710,5.042,0.200,0.351,0.449
ovrbench,Word2VecPCA,0.00,8,0.642,3.757,0.000,0.480,0.520
tsbad_m,085_SVDB_id_2_Medical_tr_50000_1st_54982,0.00,8,0.999,22.435,0.234,0.476,0.290
ovrbench,TextAnomalyDetection,0.00,8,0.921,7.368,0.012,0.487,0.501
ovrbench,BNG(cmc),0.00,8,0.274,0.563,0.006,0.429,0.565
oddbench,GlobalTerrorismAttack,0.00,6,0.444,3.485,0.029,0.407,0.564
tsbad_m,021_MITDB_id_3_Medical_tr_50000_1st_5759,0.00,8,1.000,22.900,0.160,0.527,0.313
ovrbench,FICO-HELOC-cleaned,0.00,8,0.738,11.332,0.128,0.363,0.509
tsbad_m,082_LTDB_id_4_Medical_tr_4456_1st_4556.c,0.00,8,0.986,21.751,0.270,0.465,0.265
oddbench,TrialBehavior,1.00,8,0.489,0.983,0.007,0.531,0.461
ovrbench,compass,0.00,8,0.927,18.640,0.062,0.403,0.535
ovrbench,KickstarterCampaigns,0.00,8,0.961,9.401,0.269,0.421,0.310
tsbad_m,115_PSM_id_1_Facility_tr_50000_1st_12987,0.00,8,1.000,110.166,0.930,0.068,0.002
adbench,19_landsat,0.00,8,0.963,35.875,0.032,0.752,0.216
ovrbench,SpatialAnomalies,0.80,8,0.312,2.197,0.196,0.551,0.253
tsbad_m,099_SVDB_id_16_Medical_tr_1115_1st_1215.,0.00,8,0.944,14.757,0.140,0.583,0.277
oddbench,RulePriorityAnomalies,1.00,8,0.591,6.730,0.107,0.531,0.362
oddbench,WaterChemistry,0.00,8,1.000,33.565,0.251,0.690,0.059
ovrbench,EmployeePerformance,0.40,7,0.571,1.457,0.171,0.413,0.416
ovrbench,SepsisMonitoring,0.60,8,0.778,10.478,0.098,0.571,0.331
tsbad_m,113_SVDB_id_30_Medical_tr_4552_1st_4652.,0.00,8,0.998,21.894,0.405,0.384,0.211
ovrbench,BatchProcessingEvents,1.00,7,0.997,10.685,0.024,0.378,0.598
ovrbench,PhysicsTraining,0.00,8,1.000,114.254,0.309,0.238,0.453
ovrbench,volkert,0.20,8,1.000,153.333,0.831,0.146,0.024
ovrbench,FireRiskAnalysis,0.80,8,0.905,9.112,0.131,0.488,0.381
adbench,30_satellite,0.00,8,0.998,32.467,0.054,0.711,0.235
oddbench,AttackIncidents,0.00,8,0.931,8.371,0.033,0.390,0.577
tsbad_m,102_SVDB_id_19_Medical_tr_50000_1st_1073,0.00,8,0.998,20.413,0.347,0.600,0.053
ovrbench,RealEstateData,0.00,6,0.500,0.733,0.026,0.959,0.014
tsbad_m,096_SVDB_id_13_Medical_tr_500_1st_444.cs,0.00,7,0.970,20.580,0.283,0.529,0.188
oddbench,RacingMotion,0.00,8,0.986,9.871,0.249,0.750,0.001
ovrbench,CryptojackingSystem,1.00,8,1.000,39.564,0.137,0.660,0.202
ovrbench,CreditScoringAnomalies,0.00,8,1.000,73.559,0.175,0.248,0.577
oddbench,LandShapeAnomaly,0.00,8,0.850,12.922,0.053,0.754,0.193
ovrbench,XSSDetection,0.00,8,1.000,86.103,0.470,0.283,0.246
ovrbench,NetworkHealthMonitor,0.80,8,1.000,58.356,0.067,0.559,0.374
oddbench,OkCupidUserBehavior,1.00,8,0.393,2.504,0.024,0.561,0.414
tsbad_m,087_SVDB_id_4_Medical_tr_5421_1st_5521.c,0.40,8,0.998,21.122,0.243,0.463,0.294
ovrbench,KDD,0.20,8,0.984,29.969,0.187,0.403,0.410
tsbad_m,110_SVDB_id_27_Medical_tr_30824_1st_3092,0.00,8,0.975,17.321,0.350,0.405,0.245
oddbench,PoliceForceDisturbance,0.00,8,0.896,8.079,0.067,0.383,0.550
tsbad_m,095_SVDB_id_12_Medical_tr_6264_1st_6364.,0.00,8,1.000,20.583,0.199,0.526,0.275
ovrbench,WebpageSessionIntrusion,1.00,7,0.195,15.344,0.033,0.431,0.535
tsbad_m,142_CATSv2_id_5_Sensor_tr_30704_1st_3080,0.00,8,1.000,85.359,0.569,0.222,0.209
ovrbench,UrlAnalysis,0.20,8,1.000,22.143,0.266,0.604,0.131
oddbench,CourseRegistration,0.00,8,0.929,9.885,0.000,0.373,0.627
tsbad_m,107_SVDB_id_24_Medical_tr_32805_1st_3290,0.00,8,0.968,13.331,0.258,0.409,0.333
dami,Annthyroid,0.20,8,1.000,48.131,0.244,0.716,0.040
oddbench,GPUResourceUsage,1.00,7,0.993,12.224,0.041,0.537,0.421
ovrbench,KenyaMovement,0.60,8,0.957,6.362,0.127,0.530,0.343
oddbench,DiamondClarity,0.80,8,0.998,10.034,0.031,0.364,0.605
oddbench,HealthBehavior,0.80,8,0.847,8.921,0.038,0.577,0.386
ovrbench,ShillBidding,0.40,8,0.933,9.305,0.116,0.844,0.040
oddbench,SalesPerformance,0.60,7,0.995,11.382,0.095,0.468,0.437
tsbad_m,139_CATSv2_id_2_Sensor_tr_5592_1st_5692.,0.20,8,1.000,87.658,0.816,0.134,0.051
oddbench,HumanRobotCollaboration,0.00,8,0.404,2.035,0.031,0.969,0.000
oddbench,VoteOutcome,0.20,8,0.894,12.966,0.162,0.765,0.073
oddbench,EmailSpamDetection,0.80,7,1.000,72.846,0.648,0.234,0.117
tsbad_m,172_SWaT_id_2_Sensor_tr_23700_1st_23800.,0.20,8,1.000,485.689,0.938,0.026,0.036
ovrbench,SyntheticNumericalBatch,0.00,8,1.000,74.705,0.192,0.536,0.271
tsbad_m,092_SVDB_id_9_Medical_tr_2674_1st_2774.c,0.20,8,1.000,21.972,0.245,0.536,0.219
ovrbench,Run_or_walk_information,1.00,8,0.835,5.583,0.008,0.490,0.502
tsbad_m,141_CATSv2_id_4_Sensor_tr_41727_1st_4182,0.20,8,1.000,86.613,0.859,0.096,0.045
ovrbench,FinancialTransaction1,0.00,8,1.000,326.798,0.095,0.389,0.515
oddbench,ArtSalesPlatform,0.60,8,0.805,6.210,0.241,0.399,0.361
tsbad_m,103_SVDB_id_20_Medical_tr_12167_1st_1226,0.80,8,0.975,17.355,0.081,0.426,0.492
ovrbench,AbstractAnomalyBatch,0.00,6,1.000,112.599,0.460,0.213,0.326
ovrbench,visualizing_soil,0.00,8,0.399,1.175,0.060,0.902,0.038
ovrbench,GamingBehavior,0.80,8,0.987,28.165,0.511,0.386,0.103
oddbench,GeneticAnalysis,0.80,8,0.534,4.281,0.029,0.478,0.494
oddbench,AxieInfinityBug,0.00,8,0.993,9.080,0.013,0.911,0.077
oddbench,RealEstateBlockType,0.00,8,0.968,4.665,0.057,0.645,0.298
oddbench,WaterPointFunctionality,1.00,8,0.695,8.902,0.178,0.405,0.417
oddbench,SMSClassification,0.00,8,0.868,9.268,0.308,0.637,0.055
ovrbench,KPIData,0.00,8,0.689,2.926,0.008,0.415,0.577
ovrbench,ShuttleOperations,0.60,8,1.000,14.127,0.001,0.999,0.000
tsbad_m,112_SVDB_id_29_Medical_tr_8226_1st_8326.,0.00,8,0.999,21.658,0.323,0.397,0.279
oddbench,CasePriority,0.00,7,1.000,67.893,0.024,0.976,0.000
dami,Wilt,0.80,8,0.715,3.611,0.020,0.853,0.127
adbench,44_Wilt,0.80,8,0.715,3.611,0.020,0.853,0.127
ovrbench,SpotifyHitPredictor,0.60,8,0.710,6.181,0.460,0.355,0.185
oddbench,TreadmillStatus,0.40,8,0.977,6.219,0.086,0.816,0.098
ovrbench,students_dropout_and_academic_success,0.00,8,0.983,21.909,0.037,0.789,0.174
ovrbench,MalariaDetection,0.40,7,1.000,16.223,0.048,0.253,0.699
ovrbench,GesturePhaseSegmentationProcessed,0.00,8,0.147,25.449,0.197,0.168,0.635
ovrbench,HealthMetrics,0.00,7,0.281,0.813,0.005,0.536,0.459
oddbench,BugSeverity,0.60,8,0.827,16.140,0.140,0.528,0.332
tsbad_m,084_SVDB_id_1_Medical_tr_12973_1st_13073,0.20,8,0.997,19.801,0.146,0.541,0.312
oddbench,LandRarity,0.40,8,0.870,7.842,0.017,0.505,0.478
oddbench,ProgrammingAnomalies,1.00,8,0.998,9.848,0.029,0.541,0.430
oddbench,WindowsEditionAnomaly,1.00,8,0.948,15.412,0.939,0.055,0.006
ovrbench,BankruptcyForecast,0.00,8,1.000,79.654,0.425,0.242,0.333
ovrbench,seismic-bumps,0.80,8,0.910,9.821,0.020,0.717,0.263
tsbad_m,143_CATSv2_id_6_Sensor_tr_50000_1st_6023,1.00,8,1.000,87.494,0.906,0.094,0.000
tsbad_m,108_SVDB_id_25_Medical_tr_1238_1st_1338.,0.00,8,0.972,18.481,0.551,0.302,0.146
tsbad_m,104_SVDB_id_21_Medical_tr_50000_1st_1066,0.40,8,0.998,22.304,0.114,0.696,0.190
oddbench,CarMakeAnomaly,0.00,8,0.422,1.585,0.062,0.713,0.225
ovrbench,mozilla4,1.00,8,0.566,2.312,0.055,0.361,0.585
oddbench,FishingAnomalies,0.00,6,0.694,4.179,0.000,0.178,0.822
oddbench,AquaticMacroInverts,0.00,8,0.960,13.878,0.367,0.633,0.000
oddbench,UserEventAnomalies,0.00,8,0.801,4.620,0.010,0.990,0.000
oddbench,RealEstateProperties,0.00,8,0.539,2.471,0.000,0.885,0.115
tsbad_m,053_GHL_id_22_Sensor_tr_50000_1st_126448,0.00,8,1.000,455.299,0.579,0.421,0.000
ovrbench,HeadingDetection,0.80,8,0.715,6.921,0.013,0.479,0.508
adbench,27_PageBlocks,1.00,8,0.895,13.852,0.417,0.567,0.017
dami,PageBlocks,0.00,8,0.895,13.852,0.417,0.567,0.017
tsbad_m,138_CATSv2_id_1_Sensor_tr_16568_1st_1666,0.80,8,1.000,85.814,0.971,0.029,0.000
oddbench,AustinCrime,1.00,7,0.998,9.630,0.000,0.722,0.278
ovrbench,thyroid-ann,0.80,8,0.343,2.976,0.094,0.858,0.047
ovrbench,GeneExpressionCoactivator,0.00,6,0.321,0.998,0.462,0.500,0.038
adbench,23_mammography,0.20,7,0.966,14.230,0.136,0.727,0.136
