corpus,dataset,best,worst,mean,p10,p90,spread,oracle_gain,truefam
ovrbench,BusinessAnomalies,0.3501344969324007,0.018205506335432185,0.21204574186020117,0.14604671452862883,0.30027210548673644,0.3319289905969685,0.1380887550721995,global
tsbad_m,091_SVDB_id_8_Medical_tr_500_1st_126.csv,0.12063718144447977,0.042118303456102665,0.07929317928677986,0.05377453528622911,0.11187550873489578,0.0785188779883771,0.04134400215769991,global
adbench,22_magic.gamma,0.5369215999878194,-0.23283365617572419,0.22251346814377285,-0.030531570953972298,0.49582091289268043,0.7697552561635436,0.3144081318440466,local
ovrbench,FakeNewsPropagation,0.40432604385910864,-0.047959813671939446,0.15204359233826767,0.004372051371381383,0.3116679018406018,0.4522858575310481,0.25228245152084094,global
ovrbench,philippine,0.3794555660416386,-0.008039129629175624,0.18324488262855604,0.061188945811695566,0.32615830752945807,0.38749469567081424,0.19621068341308256,global
tsbad_m,111_SVDB_id_28_Medical_tr_1791_1st_1891.,0.5263993906592351,0.19380695482713764,0.39740504805055,0.30491915089354577,0.5090333647316949,0.3325924358320975,0.12899434260868514,local
ovrbench,guillermo,0.0453101192919255,-0.05924218374155033,0.022895917128711737,0.0067871678374823545,0.0452305026946095,0.10455230303347583,0.022414202163213763,global
ovrbench,FinancialTransaction4,0.2911665099080766,-0.07718889956794962,0.11284403852522153,-0.053671439606600424,0.2511371315704175,0.3683554094760262,0.17832247138285506,local
tsbad_m,109_SVDB_id_26_Medical_tr_1038_1st_1138.,0.09325670839919938,-0.017672926159687814,0.022526210282026407,-0.015161164805890075,0.07061273563944807,0.11092963455888719,0.07073049811717297,global
ovrbench,SpectralImaging,0.838442176208197,-0.18767824596680008,0.3634777058442435,-0.1400198448684728,0.8243950720154698,1.026120422174997,0.47496447036395356,global
oddbench,BarExamPrediction,0.4503206920677174,0.009595378048778209,0.2511213045050505,0.06489481100955113,0.3719570170364916,0.4407253140189392,0.19919938756266692,global
ovrbench,SolarFlare,0.44674963359654846,-0.07169039369286064,0.20565913857568818,0.03974516554510628,0.3911180366732375,0.5184400272894091,0.24109049502086027,local
ovrbench,ailerons,0.3430635346797652,-0.03156250748540647,0.13380205160651565,-0.015290431359978223,0.3014185440275757,0.37462604216517165,0.20926148307324954,global
oddbench,FinancialTransactionAnomalies,0.08763401353492592,-0.07526226526196254,-0.007688295458165926,-0.06697612542554947,0.04871489777778003,0.16289627879688845,0.09532230899309184,global
tsbad_m,030_MITDB_id_12_Medical_tr_50000_1st_845,0.02924936781797117,-0.012388250620846999,0.007155686866124424,-0.0044366755008468164,0.017042772034121773,0.041637618438818164,0.022093680951846745,local
oddbench,SalesOrderPriority,0.2194713436225677,-0.14643214886163647,-0.04985981599099636,-0.1214977078959287,0.08125077293624083,0.3659034924842042,0.2693311596135641,local
tsbad_m,093_SVDB_id_10_Medical_tr_500_1st_37.csv,0.11923996794133199,-0.0694389561301966,-0.019012878167193256,-0.05906288805668325,0.06526992331107279,0.1886789240715286,0.13825284610852523,local
ovrbench,NeuroSignalEEG,0.6485642845114602,-0.27264411483008066,-0.026344078311241397,-0.13055370028197716,0.23125861916592216,0.9212083993415409,0.6749083628227016,global
ovrbench,EEGEyeState,0.8090963699118651,-0.020965163998086234,0.18701226136247945,-0.008704815145145893,0.6331905308823553,0.8300615339099513,0.6220841085493856,local
tsbad_m,086_SVDB_id_3_Medical_tr_533_1st_633.csv,0.05413387709107316,-0.03225577053156211,0.0103191167832597,-0.010343317485347807,0.034829094745352285,0.08638964762263526,0.04381476030781346,global
ovrbench,jannis,0.29890388276849855,-0.28957663704903347,0.10949563947316165,-0.04779437997570507,0.28593206162331253,0.588480519817532,0.1894082432953369,global
tsbad_m,097_SVDB_id_14_Medical_tr_1031_1st_1131.,0.07506652475240456,-0.08854224439694762,-0.03043259502887206,-0.07049660343214387,0.014507472707167984,0.16360876914935218,0.10549911978127663,local
ovrbench,AmazonReviewAnomalies,0.5284432584009404,-0.030786731403523886,0.22726735341727233,-0.013404759762688269,0.47454099906539976,0.5592299898044643,0.3011759049836681,global
ovrbench,sf-police-incidents,0.08504461977544472,-0.12120433949591129,0.010973800486825953,-0.056331712211378795,0.07894707347418702,0.206248959271356,0.07407081928861878,local
ovrbench,CreditCustomerData,0.22452059094768909,-0.13589273902304286,-0.01338843653996338,-0.07008555675159894,0.026976491929168404,0.36041332997073194,0.23790902748765247,local
ovrbench,CelestialObjects2,0.47442675037795484,0.001753986722131989,0.18071593489491897,0.07046476539751403,0.31564690323570044,0.47267276365582284,0.2937108154830359,global
oddbench,TBAnomalyDetection,0.33749429164102046,-0.24561655133522667,0.1515667278123754,0.02874126243860695,0.2812206617341783,0.5831108429762472,0.18592756382864506,local
tsbad_m,019_MITDB_id_1_Medical_tr_37500_1st_1032,0.40818303438972803,0.20829482716990225,0.3087902857947887,0.22649247154769253,0.3837041748925015,0.19988820721982578,0.09939274859493935,local
ovrbench,PsychoPrediction,0.04257980077192347,-0.25039015098954986,-0.08217339652433361,-0.17576341573782453,-0.011754471584402824,0.29296995176147334,0.12475319729625708,global
tsbad_m,105_SVDB_id_22_Medical_tr_500_1st_417.cs,0.034061592705598935,-0.03382719436622697,0.0012565333581160186,-0.025496337360230395,0.028771017596330217,0.06788878707182591,0.032805059347482915,local
ovrbench,CustomerChurn2,0.3096065839456873,-0.18466232241497585,0.09863112529717011,-0.09626649491248293,0.23417479863862128,0.4942689063606631,0.2109754586485172,local
tsbad_m,101_SVDB_id_18_Medical_tr_1851_1st_1951.,0.11251929732252886,-0.034129279840311576,0.018022175707212967,-0.02600293755082484,0.09246969158237683,0.14664857716284044,0.09449712161531588,local
ovrbench,FinancialMetricsAnomaly,0.08988830062365434,-0.0697049177078304,-0.009602212318381058,-0.061157780557223526,0.0771542143806832,0.15959321833148474,0.0994905129420354,global
ovrbench,CardiacHealth,0.9807045582901661,-0.20601430655900765,0.3330683148620372,0.09059480817546531,0.9762101813382751,1.1867188648491738,0.6476362434281289,local
ovrbench,SensorAnomaly,0.201760925269512,-0.05183115929406933,0.03352903793088339,-0.04576309385449225,0.15226430039466682,0.25359208456358134,0.16823188733862862,local
ovrbench,BCellImmunity,0.2213960045775628,-0.06735577605270539,-0.009396573228801861,-0.06384526938905119,0.07888006273760652,0.2887517806302682,0.23079257780636467,global
oddbench,HealthPulse,0.08547211616728612,-0.02791874882210667,0.02218950046331465,-0.009664036458720928,0.07385992262643351,0.11339086498939278,0.06328261570397146,local
oddbench,PropertyCondition,0.03713488650970353,-0.19636506820915312,-0.05328827079178352,-0.15475408290889853,0.027813816704894197,0.23349995471885665,0.09042315730148705,local
ovrbench,HealthActivityObesity,-0.041874928710771364,-0.5036641944184549,-0.21592253457570387,-0.44449642498123987,-0.055645787669249214,0.4617892657076835,0.1740476058649325,local
oddbench,TransactionFeeAnomalies,0.5787743948891674,-0.31088986613486463,0.0777605971750044,-0.24585303062470898,0.5002822892368401,0.889664261024032,0.501013797714163,local
ovrbench,TwitterEmotion,0.1412343808555524,0.01697789927505208,0.06949584531565252,0.029666927958340326,0.1332712408720008,0.12425648158050032,0.07173853553989988,local
ovrbench,BoundingBoxClassification,0.7127004169582304,-0.14057746998143658,0.5153815164314403,0.3521897201643372,0.6707519298595256,0.853277886939667,0.19731890052679013,global
ovrbench,FootballEfficiency,0.28998299282597023,0.10941590163101442,0.20425281835030593,0.1605209159059253,0.2704278771016385,0.18056709119495581,0.0857301744756643,local
oddbench,GeneticVariation,0.3172493304810006,-0.08109382134760763,0.1519707006739879,-0.04572176280761801,0.3041051781789541,0.39834315182860824,0.16527862980701272,global
tsbad_m,140_CATSv2_id_3_Sensor_tr_28307_1st_2840,0.5559945467262936,0.014287088755929024,0.3281432692780188,0.05889909219336983,0.5515045342036868,0.5417074579703646,0.22785127744827477,global
adbench,35_SpamBase,0.7334679386524033,0.07953981837813269,0.510761977635831,0.31614071034501334,0.666896562586283,0.6539281202742706,0.22270596101657236,global
dami,SpamBase,0.7387424936151638,0.08347210274091789,0.39674948287000156,0.108026607340522,0.6819587228337792,0.6552703908742459,0.3419930107451622,global
tsbad_m,088_SVDB_id_5_Medical_tr_500_1st_168.csv,0.06442145377046167,-0.1358327236058875,-0.05790858643526521,-0.12513134742189813,0.05422039399767258,0.20025417737634915,0.12233004020572688,local
oddbench,ProsperLoan,0.10260896663167278,-0.0900346041763783,0.04290956171077458,-0.04611329343293939,0.08520855808482655,0.19264357080805108,0.0596994049208982,local
tsbad_m,031_MITDB_id_13_Medical_tr_50000_1st_794,0.01618146972316407,-0.021322749108678762,0.0017816766692117256,-0.008517378877428114,0.013317927750184349,0.03750421883184284,0.014399793053952345,local
ovrbench,JobChangePatterns,0.4188630514620762,-0.16405071437183766,0.08278718422431723,-0.12017914760334564,0.36098471355820194,0.5829137658339139,0.33607586723775895,global
ovrbench,TrafficSensor,0.7139594175218883,-0.048319591516166153,0.14081583618748728,-0.012855313652488067,0.5870146840847454,0.7622790090380545,0.573143581334401,local
ovrbench,PokemonBattle,0.3066633742365804,0.0024824978855597095,0.12771020073462613,0.047937470132940564,0.22853757624437915,0.3041808763510207,0.17895317350195428,local
tsbad_m,022_MITDB_id_4_Medical_tr_50000_1st_5425,0.09415914918719744,0.0012695023135484184,0.05402774490726612,0.010541656117736584,0.09093033189137939,0.09288964687364902,0.04013140427993132,local
ovrbench,RealEstateListings,-0.031357779774873154,-0.3331553344127584,-0.14453529219841255,-0.2024567722806634,-0.07594633338042467,0.30179755463788527,0.11317751242353939,local
oddbench,BuildingInspections,0.2217792452653623,-0.20074623604225286,-0.012382818682320893,-0.18056674623304658,0.10467243945698103,0.42252548130761514,0.23416206394768319,global
tsbad_m,026_MITDB_id_8_Medical_tr_30495_1st_3059,0.14025758031490573,-0.038945226269063014,0.016645885064611773,-0.025551707287043375,0.12495863113229089,0.17920280658396875,0.12361169525029396,local
ovrbench,ViralProteinFunction,0.2553691860243676,-0.07621330362369179,0.10258428839285369,-0.03658101362377777,0.24791370440778243,0.33158248964805936,0.1527848976315139,local
ovrbench,GeotechnicalAnomalies,0.1391466911632102,-0.15675739676661166,-0.03237140230478398,-0.11997993573481232,0.08971677232427058,0.29590408792982187,0.17151809346799418,local
ovrbench,BreastCancer,0.14583423320253705,-0.017420150420464128,0.08655417647789797,0.01942220001972137,0.12955223623351902,0.16325438362300118,0.05928005672463908,global
tsbad_m,098_SVDB_id_15_Medical_tr_500_1st_303.cs,0.14346762749381872,-0.04729595769108517,0.04019922483157534,-0.04305574479504372,0.1288989557385124,0.19076358518490388,0.10326840266224338,local
oddbench,ProtestViolence,0.7757922827349034,-0.282252189032889,0.09518712905166106,-0.09620152730416956,0.5769479410249311,1.0580444717677924,0.6806051536832424,global
ovrbench,UserMovieInteractions,0.21263017544669036,-0.3131972051213077,-0.09272155185341258,-0.23759594418115115,0.08195929673348336,0.525827380567998,0.30535172730010296,global
ovrbench,Word2VecPCA,0.05576594708026657,-0.1291740035563312,-0.06353409863366637,-0.11492469691950083,0.007303140245355532,0.1849399506365978,0.11930004571393293,global
tsbad_m,085_SVDB_id_2_Medical_tr_50000_1st_54982,0.19075969265997483,-0.02434844940011429,0.056269921299179765,0.0023946293152109204,0.1592819938885504,0.21510814206008913,0.13448977136079507,local
ovrbench,TextAnomalyDetection,-0.030915554533882793,-0.2150494318092646,-0.12822771825782575,-0.18734295950037141,-0.051913711120198235,0.18413387727538183,0.09731216372394295,global
ovrbench,BNG(cmc),0.18484816583478839,-0.33977637637865193,-0.09572569751922408,-0.2281943501265133,0.022683632629053402,0.5246245422134403,0.28057386335401246,global
oddbench,GlobalTerrorismAttack,0.09856838137750215,-0.9047632296861309,-0.33094264646130506,-0.5599069702140125,-0.02093002214151778,1.003331611063633,0.42951102783880724,global
tsbad_m,021_MITDB_id_3_Medical_tr_50000_1st_5759,0.48133599998029064,-0.01867798165147788,0.16983814844076192,-0.015803926724822216,0.4666794808007476,0.5000139816317685,0.3114978515395287,local
ovrbench,FICO-HELOC-cleaned,0.14386207147780916,-0.1398158230852667,-0.006634482282351326,-0.1099517734823215,0.06691157695087475,0.28367789456307585,0.1504965537601605,local
tsbad_m,082_LTDB_id_4_Medical_tr_4456_1st_4556.c,0.22994644007263004,0.050527986654801106,0.11437198808748245,0.060277652991960334,0.1903075515704973,0.17941845341782894,0.1155744519851476,local
oddbench,TrialBehavior,0.12414969732586024,-0.11893368965707292,-0.03718509810163301,-0.08007661974231753,0.004965370826766093,0.24308338698293316,0.16133479542749324,global
ovrbench,compass,0.065012637398422,-0.16017245175881634,-0.039358036050384626,-0.1291162299598934,0.03270493898018349,0.22518508915723834,0.10437067344880663,local
ovrbench,KickstarterCampaigns,0.012114415444462125,-1.2176645394901526,-0.18484227282863339,-0.5836703688488291,-0.001088818787645655,1.2297789549346148,0.1969566882730955,local
tsbad_m,115_PSM_id_1_Facility_tr_50000_1st_12987,0.4884538320089018,0.22875844380410443,0.32750246639498304,0.24479408974898706,0.45895914055467296,0.2596953882047974,0.16095136561391876,global
adbench,19_landsat,0.5638296672303814,-0.2794158664648439,0.14024140832396248,-0.22405339178237094,0.4398433378506856,0.8432455336952254,0.42358825890641894,local
ovrbench,SpatialAnomalies,0.5739600786807301,-0.1351535171217236,0.10652299140973354,-0.0766890634053392,0.4047285760623824,0.7091135958024537,0.46743708727099653,local
tsbad_m,099_SVDB_id_16_Medical_tr_1115_1st_1215.,0.15853334331981855,-0.02033775289750606,0.04583120626767865,-0.016896076892987597,0.1252250321378773,0.1788710962173246,0.11270213705213991,local
oddbench,RulePriorityAnomalies,0.10803364251983519,-0.14970118169319874,0.0045156323415167015,-0.08857882459422078,0.0848079741863639,0.25773482421303395,0.10351801017831849,global
oddbench,WaterChemistry,0.6296653977857045,-0.16059130627008994,0.13662156920797794,-0.05111802898936681,0.4933576095517365,0.7902567040557944,0.49304382857772655,local
ovrbench,EmployeePerformance,0.5223297454379168,-0.5908313650405237,0.047917163308327786,-0.390203753185164,0.44709835504037226,1.1131611104784405,0.474412582129589,local
ovrbench,SepsisMonitoring,0.10262710667043622,-0.042315305732543995,0.03737237568757539,-0.021866143439447826,0.09210407117904135,0.14494241240298023,0.06525473098286083,local
tsbad_m,113_SVDB_id_30_Medical_tr_4552_1st_4652.,0.16377996839124878,0.0005585108336603498,0.060721174415240636,0.01844588953918654,0.11451681333656522,0.16322145755758843,0.10305879397600815,global
ovrbench,BatchProcessingEvents,0.012148746608031025,-0.08613016276719224,-0.04198034210039707,-0.071046063553312,0.003439677336385281,0.09827890937522327,0.05412908870842809,local
ovrbench,PhysicsTraining,0.036795973789196745,-0.18039689926801697,-0.07946175727818545,-0.13717248231266022,0.016954424050453307,0.21719287305721371,0.1162577310673822,local
ovrbench,volkert,0.7568337946438368,0.10677777587288392,0.46164877537094423,0.24665502853680826,0.7324612962104855,0.6500560187709529,0.2951850192728926,global
ovrbench,FireRiskAnalysis,0.13134798277977972,-0.23640767309072577,0.02922131722330861,-0.04941127120026032,0.11685122366820451,0.3677556558705055,0.1021266655564711,global
adbench,30_satellite,0.44154461807403056,-0.28165124410750475,0.03411861403779219,-0.25081899539676095,0.3119943769082757,0.7231958621815353,0.40742600403623835,global
oddbench,AttackIncidents,0.03425811156429573,-0.08794153916575521,-0.028953768747796076,-0.07507051028962211,0.01381294503284979,0.12219965073005094,0.06321188031209181,local
tsbad_m,102_SVDB_id_19_Medical_tr_50000_1st_1073,0.5228740032833189,-0.025279805494100027,0.16655410825906009,-0.022590893189055893,0.4647945764264856,0.5481538087774189,0.3563198950242588,local
ovrbench,RealEstateData,0.5058252822755567,-0.2369898084366332,-0.01665081077032967,-0.2060323362373605,0.22905097464000795,0.7428150907121899,0.5224760930458864,global
tsbad_m,096_SVDB_id_13_Medical_tr_500_1st_444.cs,0.21558268198047423,0.013334081116647547,0.08272656634264718,0.023026574103480878,0.17142511219181208,0.20224860086382668,0.13285611563782707,local
oddbench,RacingMotion,0.9993022793546152,-0.18540833140853094,0.5023083699822116,-0.018668308619390013,0.9986253469915454,1.1847106107631462,0.4969939093724036,local
ovrbench,CryptojackingSystem,0.32222373250792635,-0.07465835761954438,0.047395968645615814,-0.04558088907030796,0.25269390235790884,0.3968820901274707,0.27482776386231056,local
oddbench,LandShapeAnomaly,0.17545281974805516,-0.07700605525056853,0.049552831008576825,-0.006615652499460388,0.13877194514000657,0.2524588749986237,0.12589998873947833,global
ovrbench,CreditScoringAnomalies,0.07856531158544484,-0.25529310294358754,-0.14205799785980985,-0.23313640477150754,0.031908895339456345,0.33385841452903237,0.2206233094452547,local
ovrbench,XSSDetection,0.4648866311261352,-0.7602674321522088,-0.09010614771417107,-0.7087628931703536,0.4196714007668918,1.225154063278344,0.5549927788403063,global
ovrbench,NetworkHealthMonitor,0.02124776363146094,-0.13037604160156313,-0.041897965851438894,-0.10039103184717915,0.004503237112407402,0.15162380523302407,0.06314572948289983,local
oddbench,OkCupidUserBehavior,0.07436136927674268,-0.00857772307628177,0.04589424987846383,0.018492083996032638,0.06591433766862767,0.08293909235302445,0.028467119398278853,local
tsbad_m,087_SVDB_id_4_Medical_tr_5421_1st_5521.c,0.21723681152756333,-0.022575395512408402,0.05299189184721381,-0.011540390764848156,0.19757457982222465,0.23981220703997172,0.16424491968034952,local
ovrbench,KDD,0.05785741512369284,-0.06326614952352086,-0.02030339216171443,-0.059282452216722195,0.032682859393015865,0.1211235646472137,0.07816080728540728,global
tsbad_m,110_SVDB_id_27_Medical_tr_30824_1st_3092,0.10033936521363032,-0.01946911763570498,0.021054609677533042,-0.015186226696350492,0.07754906213003927,0.1198084828493353,0.07928475553609728,local
oddbench,PoliceForceDisturbance,0.20760806119026592,-0.353116729991129,-0.11283570587338788,-0.3240050478003109,0.10187679240351559,0.5607247911813948,0.3204437670636538,local
tsbad_m,095_SVDB_id_12_Medical_tr_6264_1st_6364.,0.13788168910541831,-0.014929996391196756,0.03171706751855543,-0.008187469842114398,0.0989412862404875,0.15281168549661506,0.10616462158686288,local
ovrbench,WebpageSessionIntrusion,0.06138297391280689,-0.17940044597507676,-0.08237892317304342,-0.13751583538933063,-0.015629841365874572,0.24078341988788365,0.1437618970858503,local
tsbad_m,142_CATSv2_id_5_Sensor_tr_30704_1st_3080,0.10030871009656395,-0.03822251726759943,0.01632737751603705,-0.019571539382588987,0.04948666111611462,0.13853122736416337,0.0839813325805269,global
ovrbench,UrlAnalysis,0.4706699052188765,-0.28084548689381533,0.20522947684379467,-0.14660749621113178,0.3971091552706606,0.7515153921126918,0.26544042837508186,global
oddbench,CourseRegistration,0.06486371955560942,-0.4031299355736676,-0.1969790904527587,-0.34840397513236215,-0.05356449094536169,0.46799365512927704,0.2618428100083681,local
tsbad_m,107_SVDB_id_24_Medical_tr_32805_1st_3290,0.05094587678042683,-0.02606565870207323,0.00974514804027065,-0.021253116636679045,0.03679979938931609,0.07701153548250006,0.04120072874015618,local
dami,Annthyroid,0.36110562308633837,-0.0668615454818642,0.031130520440641827,-0.03648080647736032,0.08985056784613968,0.42796716856820255,0.3299751026456965,global
oddbench,GPUResourceUsage,0.47489420596879056,-0.25839785366011725,-0.012062933867721027,-0.22756087885727372,0.3326174631921239,0.7332920596289079,0.48695713983651157,local
ovrbench,KenyaMovement,0.0765968518738129,-0.01422247837420578,0.03224799081416885,0.004287458934064502,0.06272459820240328,0.09081933024801868,0.04434886105964406,local
tsbad_m,137_CreditCard_id_1_Finance_tr_500_1st_5,0.3621641709886089,-0.043917322231471094,0.13131197013772222,-0.02546387046272135,0.3613714439435479,0.40608149322008,0.2308522008508867,global
oddbench,DiamondClarity,0.8756391426828903,-0.19186197933800014,0.10392993218524202,-0.14840163373957316,0.41792782829674746,1.0675011220208905,0.7717092104976483,local
oddbench,HealthBehavior,0.07467878490965432,-0.022658378303558508,0.017260739700322162,-0.014881045977722157,0.049817502360301,0.09733716321321283,0.057418045209332164,global
ovrbench,ShillBidding,0.5895696010247118,-0.08731394349237945,0.15995568259409745,-0.016599267199045503,0.52277719018454,0.6768835445170912,0.42961391843061436,global
oddbench,SalesPerformance,0.43613344823428674,0.029985226057040484,0.24538818460009054,0.10354655275612229,0.3778712932428939,0.4061482221772463,0.1907452636341962,global
tsbad_m,139_CATSv2_id_2_Sensor_tr_5592_1st_5692.,0.35749398748970207,0.022082482929881922,0.1742299245150613,0.03741995239944603,0.35680251102054045,0.33541150455982016,0.18326406297464076,global
oddbench,HumanRobotCollaboration,0.5827374778280336,-0.2260213354722563,0.10156222138886808,-0.11806013540142059,0.30510138887858557,0.80875881330029,0.4811752564391656,local
oddbench,EmailSpamDetection,0.6164668794631604,-0.12956322403114193,0.16959410167633668,-0.04740379130182082,0.5570016837378243,0.7460301034943023,0.44687277778682366,global
oddbench,VoteOutcome,0.784247944412586,-0.017987640806213217,0.21313763012850392,0.007838146577044132,0.6727657755211338,0.8022355852187992,0.5711103142840821,local
tsbad_m,172_SWaT_id_2_Sensor_tr_23700_1st_23800.,0.32895402293163784,0.006713609043339401,0.16174146166340048,0.021776321167264287,0.30862722979345647,0.32224041388829844,0.16721256126823736,local
ovrbench,SyntheticNumericalBatch,0.17465961838934513,-0.06973229205407136,-0.00024514658516252164,-0.06508298398677403,0.06743280956775194,0.2443919104434165,0.17490476497450766,local
tsbad_m,092_SVDB_id_9_Medical_tr_2674_1st_2774.c,0.23556299286725188,-0.010884788311611588,0.08782388323493576,-0.005447631658798293,0.21758139869023785,0.24644778117886346,0.14773910963231612,local
ovrbench,Run_or_walk_information,0.5643634410385657,-0.5661453957331228,-0.04151372374098896,-0.32683345068993597,0.4766696109247145,1.1305088367716887,0.6058771647795547,local
tsbad_m,141_CATSv2_id_4_Sensor_tr_41727_1st_4182,0.49053017792439163,0.02205898275367639,0.25281454832400974,0.05356263289188651,0.4888669455471196,0.4684711951707152,0.2377156296003819,global
ovrbench,FinancialTransaction1,0.03338128572814133,-0.07466022754027662,-0.033007645591909995,-0.0682680528479388,0.008524390701430216,0.10804151326841796,0.06638893132005133,global
oddbench,ArtSalesPlatform,0.20815647400548584,-0.029729908702270012,0.10092173327931933,0.027959709930941254,0.16966359098289097,0.23788638270775586,0.10723474072616651,global
tsbad_m,103_SVDB_id_20_Medical_tr_12167_1st_1226,0.0537290892071278,-0.02878495776061636,-0.006020979278812854,-0.022039537584992944,0.03690866788351873,0.08251404696774417,0.05975006848594065,local
ovrbench,visualizing_soil,0.8408264460960684,0.0028711266494218777,0.2522596033261713,0.10523537743583852,0.45822649307774965,0.8379553194466465,0.5885668427698971,global
ovrbench,AbstractAnomalyBatch,0.9306485703742619,-0.05316258672281152,0.29379487927703696,-0.004196663446554925,0.8874115739610186,0.9838111570970733,0.6368536910972249,local
ovrbench,GamingBehavior,0.6952367991625037,-0.0547702768250196,0.3549464345436035,0.021834455003527854,0.6385240078823187,0.7500070759875233,0.3402903646189002,local
oddbench,GeneticAnalysis,0.08236402095925924,-0.05184526712595436,-0.0013059614422450212,-0.0426806806282629,0.06267771613354647,0.1342092880852136,0.08366998240150426,global
oddbench,AxieInfinityBug,0.10910586148953533,-0.0835542532035017,-0.0026642028083510537,-0.035110876725364816,0.04159342336312168,0.192660114693037,0.11177006429788638,global
oddbench,RealEstateBlockType,0.09308491991600783,-0.064562320632327,-0.0008777067500144757,-0.04815062023828381,0.04520977570535903,0.15764724054833484,0.0939626266660223,global
oddbench,WaterPointFunctionality,0.08015356065835312,-0.0887931821846035,-0.01700196724521485,-0.0653621590591244,0.03860184125797889,0.16894674284295663,0.09715552790356798,local
oddbench,SMSClassification,0.4351489826963061,-0.028959404408407583,0.1592711167232318,-0.000710866843229879,0.3327665820895914,0.4641083871047137,0.2758778659730743,global
ovrbench,KPIData,0.0362400969318834,-0.0980026664325784,-0.04613566195499397,-0.09032488741696322,0.015944317477077842,0.1342427633644618,0.08237575888687737,local
ovrbench,ShuttleOperations,0.8906611432562906,-0.21403207055203352,0.35440573011554577,-0.1376792030229987,0.8740851260125189,1.104693213808324,0.5362554131407449,local
oddbench,CasePriority,0.28966152459733296,-0.04741278289445839,0.1124797731080928,0.005058676356211604,0.24134101052824075,0.33707430749179135,0.17718175148924015,local
tsbad_m,112_SVDB_id_29_Medical_tr_8226_1st_8326.,0.059556218929615976,-0.010802330470989156,0.00039372452961730246,-0.008427746250853302,0.004377087814953098,0.07035854940060512,0.059162494399998676,global
adbench,44_Wilt,0.6714511049481845,-0.08224154526871497,0.061551167110395974,-0.07120753967367473,0.30352298448155113,0.7536926502168995,0.6098999378377885,local
ovrbench,SpotifyHitPredictor,0.35538058496641045,-0.017033968779354824,0.15953611696610331,0.08113209573597963,0.2797439621330994,0.37241455374576526,0.19584446800030714,global
dami,Wilt,0.17332325636804388,-0.08224154526871497,-0.04847033167699572,-0.08099164581413498,-0.016548314547248612,0.2555648016367589,0.2217935880450396,local
oddbench,TreadmillStatus,0.6245036817326284,-0.12770830958591983,0.13290131464174382,-0.10026421108554343,0.46107300592529876,0.7522119913185482,0.49160236709088456,local
ovrbench,students_dropout_and_academic_success,0.2708995509143613,0.03245345285761011,0.13262319078748006,0.060969609777144974,0.22384703173148224,0.23844609805675118,0.13827636012688124,local
ovrbench,MalariaDetection,0.6932175509174341,-0.24422332243608927,0.11855863822475159,-0.14024163235466397,0.478110296185692,0.9374408733535233,0.5746589126926825,global
ovrbench,GesturePhaseSegmentationProcessed,0.4336853265749018,-0.2648257758761226,-0.14758063594018025,-0.2590103809459716,0.2125038780839052,0.6985111024510244,0.581265962515082,local
ovrbench,HealthMetrics,0.07943483644601983,-0.0491746650957924,0.01514568295191369,-0.026868305307339996,0.06695573477840298,0.12860950154181222,0.06428915349410613,local
oddbench,BugSeverity,0.1071211092267689,-0.010507329620101197,0.03194796638322611,-0.006020755400896828,0.0997949115918068,0.1176284388468701,0.07517314284354279,global
tsbad_m,084_SVDB_id_1_Medical_tr_12973_1st_13073,0.06208485994581061,-0.003351474469294101,0.01803204227802546,0.003646541529252186,0.03661344958909416,0.06543633441510471,0.044052817667785155,local
oddbench,LandRarity,0.15008678523515862,-0.1670409323825753,-0.04521607082994337,-0.1610050260167255,0.08391089749566658,0.31712771761773395,0.19530285606510198,global
oddbench,ProgrammingAnomalies,0.18864717333753697,-0.08052692628739332,0.0005046552405327744,-0.07187490853167446,0.09811895434767008,0.2691740996249303,0.1881425180970042,local
oddbench,WindowsEditionAnomaly,0.5843827133382146,-0.010740923457245128,0.2509084606331636,0.043901008893575386,0.4747989048689115,0.5951236367954597,0.333474252705051,global
ovrbench,BankruptcyForecast,0.09918638596023259,-0.025649522774336166,0.008068232196443792,-0.00896873428814828,0.025164251061797968,0.12483590873456876,0.0911181537637888,global
ovrbench,seismic-bumps,0.15916774243007162,-0.010975953395356447,0.08764701694819393,0.004130880974911342,0.15360373310383058,0.17014369582542807,0.07152072548187768,local
tsbad_m,143_CATSv2_id_6_Sensor_tr_50000_1st_6023,0.4004258855439799,-0.005597897581531052,0.19302414952279884,-0.0017563320032154188,0.39866154440384355,0.40602378312551096,0.20740173602118106,global
tsbad_m,104_SVDB_id_21_Medical_tr_50000_1st_1066,0.21718698154207114,-0.01725071442056948,0.056908214200764445,-0.013421019691734539,0.15020195713753387,0.2344376959626406,0.1602787673413067,local
tsbad_m,108_SVDB_id_25_Medical_tr_1238_1st_1338.,0.17892495646465292,0.010573036197694672,0.0765953263528182,0.03811549726004451,0.13802340240732092,0.16835192026695825,0.10232963011183473,local
oddbench,CarMakeAnomaly,0.05532609635625272,-0.029090676586813517,0.009646492610793065,-0.01276738711567918,0.023947897380282916,0.08441677294306624,0.04567960374545965,local
ovrbench,mozilla4,0.06630963708097265,-0.04084049873022042,0.011033759836582946,-0.01952136187934104,0.04028231373408785,0.10715013581119306,0.055275877244389704,local
oddbench,FishingAnomalies,0.2626704173179168,-0.046653188003461306,0.0792095232302574,-0.03806594149313741,0.20206626028239955,0.3093236053213781,0.1834608940876594,local
oddbench,AquaticMacroInverts,0.6891793211131075,0.10453882499088496,0.30215658498404535,0.1191493708122986,0.5629459732028093,0.5846404961222226,0.3870227361290622,global
oddbench,UserEventAnomalies,0.9165168553881647,-0.06511647403591957,0.07027460081690534,-0.011186948693798967,0.12757303300647055,0.9816333294240843,0.8462422545712593,global
oddbench,RealEstateProperties,0.19006145618144113,-0.03004026599542185,0.0952267741303529,0.02169258299630281,0.15821663230036004,0.22010172217686297,0.09483468205108823,local
tsbad_m,173_GECCO_id_1_Sensor_tr_16165_1st_16265,0.8857745392486182,0.1996168074751609,0.5164100877385517,0.2767511850461623,0.8810030216803173,0.6861577317734573,0.36936445151006647,global
tsbad_m,053_GHL_id_22_Sensor_tr_50000_1st_126448,0.23914301022233755,-0.07729084302096503,0.03555340571986291,-0.0730678522714894,0.17498503593299955,0.3164338532433026,0.20358960450247465,local
ovrbench,HeadingDetection,0.07815132049777063,-0.5904437066182795,-0.19801320977494252,-0.3587422788765014,-0.018975984399675377,0.6685950271160501,0.27616453027271315,local
dami,PageBlocks,0.25634863296803284,-0.007245844768480866,0.13109937898417526,0.03143158948075182,0.24654255219993115,0.26359447773651373,0.12524925398385758,local
adbench,27_PageBlocks,0.41621898323748263,-0.04679090558117706,0.12693761279850635,-0.03483549988159869,0.33853834135486605,0.4630098888186597,0.2892813704389763,local
tsbad_m,138_CATSv2_id_1_Sensor_tr_16568_1st_1666,0.5631048838234611,0.0100078629879235,0.28454782413275415,0.014274896856547781,0.5280956416170995,0.5530970208355377,0.278557059690707,local
oddbench,AustinCrime,0.136861855018254,-0.010577035851027984,0.03537077574236594,-0.0032160927890484228,0.11934034204520885,0.14743889086928197,0.10149107927588805,local
ovrbench,thyroid-ann,0.2865914434757212,-0.011577182945723742,0.07909566464528321,-0.006236749895584767,0.23062253519372106,0.2981686264214449,0.20749577883043796,global
ovrbench,GeneExpressionCoactivator,0.32394547113910943,0.007069283130734178,0.18738583611849605,0.04712987913188138,0.30043892601020034,0.31687618800837525,0.13655963502061338,global
adbench,23_mammography,0.19117798769898725,0.02492102619941935,0.09533937356813413,0.0478484043738999,0.15557467115658524,0.1662569614995679,0.09583861413085312,global
