key,dataset,fam,corr_str,single_auc,multi_auc,gap,nA
tsbad_m/111_SVDB_id_28_Medical_tr_1791_1st_1891.,111_SVDB_id_28_Medical_tr_1791,local,0.58,0.673,0.731,0.059,1187
tsbad_m/099_SVDB_id_16_Medical_tr_1115_1st_1215.,099_SVDB_id_16_Medical_tr_1115,local,0.455,0.676,0.634,-0.043,614
tsbad_m/102_SVDB_id_19_Medical_tr_50000_1st_1073,102_SVDB_id_19_Medical_tr_5000,local,0.565,0.764,0.832,0.068,455
tsbad_m/091_SVDB_id_8_Medical_tr_500_1st_126.csv,091_SVDB_id_8_Medical_tr_500_1,global,0.588,0.609,0.601,-0.008,782
dami/Annthyroid,Annthyroid,global,0.053,0.983,0.743,-0.24,349
tsbad_m/104_SVDB_id_21_Medical_tr_50000_1st_1066,104_SVDB_id_21_Medical_tr_5000,local,0.521,0.672,0.77,0.099,158
tsbad_m/172_SWaT_id_2_Sensor_tr_23700_1st_23800.,172_SWaT_id_2_Sensor_tr_23700_,local,,0.668,0.77,0.102,730
tsbad_m/108_SVDB_id_25_Medical_tr_1238_1st_1338.,108_SVDB_id_25_Medical_tr_1238,local,0.521,0.599,0.651,0.051,205
tsbad_m/138_CATSv2_id_1_Sensor_tr_16568_1st_1666,138_CATSv2_id_1_Sensor_tr_1656,local,,0.831,0.654,-0.177,137
adbench/22_magic.gamma,22_magic.gamma,local,0.362,0.768,0.731,-0.037,3896
adbench/19_landsat,19_landsat,local,0.498,0.71,0.73,0.02,1123
adbench/30_satellite,30_satellite,global,0.686,0.632,0.739,0.107,699
tsbad_m/087_SVDB_id_4_Medical_tr_5421_1st_5521.c,087_SVDB_id_4_Medical_tr_5421_,local,0.564,0.57,0.57,0.0,436
dami/SpamBase,SpamBase,global,0.045,0.809,0.85,0.041,1679
tsbad_m/082_LTDB_id_4_Medical_tr_4456_1st_4556.c,082_LTDB_id_4_Medical_tr_4456_,local,0.557,0.58,0.629,0.049,514
tsbad_m/113_SVDB_id_30_Medical_tr_4552_1st_4652.,113_SVDB_id_30_Medical_tr_4552,global,0.622,0.645,0.553,-0.092,427
adbench/27_PageBlocks,27_PageBlocks,local,0.419,0.938,0.813,-0.125,120
tsbad_m/019_MITDB_id_1_Medical_tr_37500_1st_1032,019_MITDB_id_1_Medical_tr_3750,local,0.391,0.585,0.694,0.109,1167
tsbad_m/115_PSM_id_1_Facility_tr_50000_1st_12987,115_PSM_id_1_Facility_tr_50000,global,0.221,0.858,0.757,-0.1,1745
tsbad_m/092_SVDB_id_9_Medical_tr_2674_1st_2774.c,092_SVDB_id_9_Medical_tr_2674_,local,0.592,0.6,0.687,0.087,265
tsbad_m/096_SVDB_id_13_Medical_tr_500_1st_444.cs,096_SVDB_id_13_Medical_tr_500_,local,0.509,0.613,0.701,0.088,452
tsbad_m/095_SVDB_id_12_Medical_tr_6264_1st_6364.,095_SVDB_id_12_Medical_tr_6264,local,0.517,0.61,0.632,0.022,397
dami/PageBlocks,PageBlocks,local,0.419,0.938,0.812,-0.127,120
tsbad_m/098_SVDB_id_15_Medical_tr_500_1st_303.cs,098_SVDB_id_15_Medical_tr_500_,local,0.495,0.573,0.611,0.038,784
tsbad_m/143_CATSv2_id_6_Sensor_tr_50000_1st_6023,143_CATSv2_id_6_Sensor_tr_5000,global,,0.847,0.674,-0.173,212
adbench/35_SpamBase,35_SpamBase,global,0.045,0.809,0.844,0.035,1679
adbench/44_Wilt,44_Wilt,local,0.234,0.711,0.752,0.041,252
tsbad_m/085_SVDB_id_2_Medical_tr_50000_1st_54982,085_SVDB_id_2_Medical_tr_50000,local,0.574,0.675,0.609,-0.066,483
tsbad_m/141_CATSv2_id_4_Sensor_tr_41727_1st_4182,141_CATSv2_id_4_Sensor_tr_4172,global,,0.732,0.584,-0.148,291
adbench/23_mammography,23_mammography,global,0.234,0.782,0.793,0.011,110
tsbad_m/140_CATSv2_id_3_Sensor_tr_28307_1st_2840,140_CATSv2_id_3_Sensor_tr_2830,global,,0.849,0.656,-0.193,1687
tsbad_m/026_MITDB_id_8_Medical_tr_30495_1st_3059,026_MITDB_id_8_Medical_tr_3049,local,0.531,0.611,0.527,-0.083,1122
tsbad_m/021_MITDB_id_3_Medical_tr_50000_1st_5759,021_MITDB_id_3_Medical_tr_5000,local,0.496,0.618,0.627,0.009,499
tsbad_m/139_CATSv2_id_2_Sensor_tr_5592_1st_5692.,139_CATSv2_id_2_Sensor_tr_5592,global,,0.696,0.68,-0.016,396
dami/Wilt,Wilt,local,0.234,0.711,0.5,-0.211,252
tsbad_m/053_GHL_id_22_Sensor_tr_50000_1st_126448,053_GHL_id_22_Sensor_tr_50000_,local,,0.921,0.5,-0.421,425
tsbad_m/105_SVDB_id_22_Medical_tr_500_1st_417.cs,105_SVDB_id_22_Medical_tr_500_,local,0.49,0.599,0.536,-0.063,435
tsbad_m/022_MITDB_id_4_Medical_tr_50000_1st_5425,022_MITDB_id_4_Medical_tr_5000,local,0.595,0.67,0.614,-0.056,723
tsbad_m/110_SVDB_id_27_Medical_tr_30824_1st_3092,110_SVDB_id_27_Medical_tr_3082,local,0.426,0.573,0.6,0.027,432
tsbad_m/084_SVDB_id_1_Medical_tr_12973_1st_13073,084_SVDB_id_1_Medical_tr_12973,local,0.551,0.624,0.589,-0.035,205
tsbad_m/107_SVDB_id_24_Medical_tr_32805_1st_3290,107_SVDB_id_24_Medical_tr_3280,local,0.476,0.696,0.574,-0.122,418
tsbad_m/030_MITDB_id_12_Medical_tr_50000_1st_845,030_MITDB_id_12_Medical_tr_500,local,0.596,0.604,0.566,-0.038,1766
tsbad_m/031_MITDB_id_13_Medical_tr_50000_1st_794,031_MITDB_id_13_Medical_tr_500,local,0.546,0.585,0.576,-0.009,650
tsbad_m/101_SVDB_id_18_Medical_tr_1851_1st_1951.,101_SVDB_id_18_Medical_tr_1851,local,0.45,0.603,0.571,-0.033,604
tsbad_m/103_SVDB_id_20_Medical_tr_12167_1st_1226,103_SVDB_id_20_Medical_tr_1216,local,0.446,0.597,0.5,-0.097,394
tsbad_m/088_SVDB_id_5_Medical_tr_500_1st_168.csv,088_SVDB_id_5_Medical_tr_500_1,local,0.539,0.66,0.5,-0.16,1791
tsbad_m/097_SVDB_id_14_Medical_tr_1031_1st_1131.,097_SVDB_id_14_Medical_tr_1031,local,0.57,0.619,0.5,-0.119,1184
tsbad_m/142_CATSv2_id_5_Sensor_tr_30704_1st_3080,142_CATSv2_id_5_Sensor_tr_3070,global,,0.855,0.5,-0.355,689
tsbad_m/093_SVDB_id_10_Medical_tr_500_1st_37.csv,093_SVDB_id_10_Medical_tr_500_,local,0.554,0.666,0.513,-0.153,708
tsbad_m/086_SVDB_id_3_Medical_tr_533_1st_633.csv,086_SVDB_id_3_Medical_tr_533_1,global,0.528,0.584,0.504,-0.079,739
tsbad_m/112_SVDB_id_29_Medical_tr_8226_1st_8326.,112_SVDB_id_29_Medical_tr_8226,global,0.54,0.595,0.53,-0.064,229
tsbad_m/109_SVDB_id_26_Medical_tr_1038_1st_1138.,109_SVDB_id_26_Medical_tr_1038,global,0.509,0.666,0.513,-0.152,1247
